民國年,米穀類別,品種,縣市,年平均,1月,2月,3月,4月,5月,6月,7月,8月,9月,10月,11月,12月
82,稻穀,稉種(蓬萊),新北市,17.150,16.670,17.150,18.250,18.330,,,15.220,16.030,16.650,16.960,18.110,18.100
82,稻穀,稉種(蓬萊),宜蘭縣,17.200,16.670,17.170,18.360,18.980,18.410,16.530,15.470,16.190,16.430,17.030,17.760,17.390
82,稻穀,稉種(蓬萊),桃園市,17.700,16.980,17.560,18.720,19.430,18.740,,15.920,16.740,17.010,17.480,18.300,17.870
82,稻穀,稉種(蓬萊),新竹縣,17.550,17.000,17.380,18.300,19.100,18.720,17.550,15.930,16.350,16.860,17.360,18.180,17.890
82,稻穀,稉種(蓬萊),苗栗縣,17.570,17.310,17.630,18.550,19.120,18.860,17.260,15.760,16.480,16.670,17.330,18.050,17.760
82,稻穀,稉種(蓬萊),台中縣,17.880,17.500,17.630,18.900,19.630,19.290,17.390,15.930,16.520,17.170,17.530,18.640,18.390
82,稻穀,稉種(蓬萊),彰化縣,18.240,17.780,18.480,19.620,20.130,19.790,17.280,15.880,17.000,17.380,17.680,19.130,18.710
82,稻穀,稉種(蓬萊),南投縣,17.750,17.300,17.460,18.280,18.960,19.230,17.360,15.940,16.710,17.040,17.540,18.630,18.550
82,稻穀,稉種(蓬萊),雲林縣,18.280,18.070,18.680,19.900,20.400,19.360,16.850,16.080,17.100,17.440,17.690,19.120,18.620
82,稻穀,稉種(蓬萊),嘉義縣,17.910,17.940,18.500,19.170,19.670,19.820,16.380,15.540,16.650,17.000,17.320,18.570,18.310
82,稻穀,稉種(蓬萊),台南縣,17.870,17.840,18.380,19.090,19.590,19.650,16.660,15.480,16.620,17.000,17.350,18.610,18.220
82,稻穀,稉種(蓬萊),高雄縣,17.670,17.340,17.590,18.620,19.240,18.680,16.780,15.920,16.630,17.240,17.260,18.570,18.210
82,稻穀,稉種(蓬萊),屏東縣,16.960,15.500,15.810,16.920,18.000,17.990,16.660,16.000,16.180,16.670,17.150,18.460,18.180
82,稻穀,稉種(蓬萊),台東縣,17.350,16.670,17.180,18.130,18.650,18.670,17.040,15.830,16.440,16.670,16.820,18.140,17.970
82,稻穀,稉種(蓬萊),花蓮縣,17.700,17.000,17.630,18.760,19.330,19.290,17.860,15.830,16.450,16.920,17.070,18.140,18.160
82,稻穀,稉種(蓬萊),新竹市,17.550,17.000,17.380,18.300,19.100,18.720,17.550,15.930,16.350,16.860,17.360,18.180,17.890
82,稻穀,稉種(蓬萊),台中市,17.940,17.500,17.870,18.930,19.670,19.350,17.470,15.930,16.570,17.170,17.530,18.700,18.530
82,稻穀,稉種(蓬萊),嘉義市,17.910,17.940,18.500,19.170,19.670,19.820,16.380,15.540,16.650,17.000,17.320,18.570,18.310
83,稻穀,稉種(蓬萊),新北市,16.760,17.870,18.000,18.090,17.850,,,15.330,15.440,15.670,15.670,16.670,16.960
83,稻穀,稉種(蓬萊),宜蘭縣,16.180,17.680,17.830,17.580,17.070,15.600,14.390,14.800,15.700,15.590,15.280,16.240,16.380
83,稻穀,稉種(蓬萊),桃園市,16.610,18.310,18.500,18.070,17.580,15.970,14.950,15.170,15.790,15.530,15.570,16.660,17.220
83,稻穀,稉種(蓬萊),新竹縣,16.540,17.970,18.330,18.110,17.640,16.240,14.610,14.850,15.680,15.760,15.310,16.720,17.280
83,稻穀,稉種(蓬萊),苗栗縣,16.540,18.080,18.330,18.060,17.450,15.920,14.710,15.000,15.500,15.680,15.490,16.950,17.340
83,稻穀,稉種(蓬萊),台中縣,16.700,18.120,18.830,18.300,17.790,16.060,15.000,15.110,15.750,15.870,15.500,16.630,17.400
83,稻穀,稉種(蓬萊),彰化縣,17.200,18.870,19.230,19.010,18.090,16.220,15.200,15.350,16.140,16.310,16.050,17.840,18.050
83,稻穀,稉種(蓬萊),南投縣,16.950,18.440,19.000,18.920,18.190,16.690,15.370,15.100,15.880,15.890,15.520,16.850,17.500
83,稻穀,稉種(蓬萊),雲林縣,17.110,18.750,19.210,18.990,17.980,16.130,14.860,15.460,16.120,16.180,15.970,17.780,17.940
83,稻穀,稉種(蓬萊),嘉義縣,16.780,18.490,18.830,18.530,17.590,15.770,14.740,15.220,15.790,15.730,15.680,17.420,17.510
83,稻穀,稉種(蓬萊),台南縣,16.850,18.390,18.690,18.700,17.990,16.090,14.820,15.190,15.780,16.060,15.770,17.280,17.410
83,稻穀,稉種(蓬萊),高雄縣,16.790,18.200,18.670,18.580,17.830,15.860,14.590,15.080,15.720,16.110,15.830,17.290,17.710
83,稻穀,稉種(蓬萊),屏東縣,16.550,18.250,18.330,18.310,17.430,15.480,14.360,14.960,15.530,15.740,15.540,17.070,17.600
83,稻穀,稉種(蓬萊),台東縣,16.700,17.730,18.320,18.330,17.950,16.510,14.700,14.800,15.460,15.830,15.790,17.050,17.960
83,稻穀,稉種(蓬萊),花蓮縣,16.810,17.950,18.670,18.510,18.110,16.370,14.780,15.030,15.600,16.060,15.350,17.260,18.000
83,稻穀,稉種(蓬萊),新竹市,16.550,17.970,18.330,18.110,17.640,16.240,14.610,14.850,15.680,15.790,15.370,16.720,17.280
83,稻穀,稉種(蓬萊),台中市,16.830,18.270,19.000,18.390,17.830,16.310,15.290,15.220,15.760,16.070,15.730,16.650,17.400
83,稻穀,稉種(蓬萊),嘉義市,16.780,18.490,18.830,18.530,17.590,15.770,14.740,15.220,15.790,15.740,15.680,17.420,17.510
84,稻穀,稉種(蓬萊),新北市,18.400,17.560,19.010,19.880,19.730,,,,17.450,17.500,17.560,18.280,18.600
84,稻穀,稉種(蓬萊),宜蘭縣,18.080,16.970,18.280,18.970,18.980,19.170,17.070,16.790,17.620,17.670,17.900,18.640,18.930
84,稻穀,稉種(蓬萊),桃園市,18.600,18.140,19.190,19.800,19.880,19.890,18.220,17.330,17.660,17.530,17.810,18.650,19.130
84,稻穀,稉種(蓬萊),新竹縣,18.630,17.840,19.150,19.880,19.720,19.820,18.360,17.260,17.960,17.850,17.930,18.740,19.040
84,稻穀,稉種(蓬萊),苗栗縣,18.650,17.860,19.190,19.900,19.730,19.800,18.240,17.150,17.940,17.880,18.020,18.880,19.260
84,稻穀,稉種(蓬萊),台中縣,18.770,17.860,19.600,19.910,19.960,19.960,18.300,17.350,18.000,18.000,18.000,18.910,19.380
84,稻穀,稉種(蓬萊),彰化縣,19.390,18.570,20.210,20.970,21.060,20.680,17.630,17.760,19.020,18.620,18.620,19.610,19.970
84,稻穀,稉種(蓬萊),南投縣,19.010,18.000,19.680,20.600,20.530,20.400,18.030,17.340,18.450,18.330,18.130,19.270,19.410
84,稻穀,稉種(蓬萊),雲林縣,19.230,18.690,20.110,20.800,20.770,20.170,17.340,17.630,18.960,18.650,18.510,19.410,19.760
84,稻穀,稉種(蓬萊),嘉義縣,18.950,18.480,20.310,20.610,20.640,19.980,16.960,17.340,18.330,18.040,18.090,19.090,19.470
84,稻穀,稉種(蓬萊),台南縣,18.980,18.360,20.090,20.610,20.760,20.180,17.180,17.230,18.330,18.190,18.300,19.040,19.440
84,稻穀,稉種(蓬萊),高雄縣,18.750,18.270,19.850,20.190,20.150,19.680,16.790,17.520,18.330,18.330,17.860,18.750,19.250
84,稻穀,稉種(蓬萊),屏東縣,18.790,17.800,19.890,20.190,19.850,19.600,17.560,17.660,18.330,17.920,18.270,19.170,19.280
84,稻穀,稉種(蓬萊),台東縣,18.790,18.150,19.620,20.000,20.400,20.580,17.250,18.020,18.330,17.620,17.670,18.590,19.200
84,稻穀,稉種(蓬萊),花蓮縣,19.100,18.250,20.140,20.770,20.350,20.420,19.550,17.520,18.170,18.000,17.990,18.670,19.420
84,稻穀,稉種(蓬萊),新竹市,18.590,17.840,19.070,19.820,19.720,19.820,18.210,17.260,17.960,17.850,17.960,18.620,18.950
84,稻穀,稉種(蓬萊),台中市,18.960,17.930,20.030,20.490,20.330,20.090,18.300,17.350,18.320,18.330,18.030,18.910,19.450
84,稻穀,稉種(蓬萊),嘉義市,18.950,18.480,20.310,20.610,20.640,19.980,16.960,17.340,18.330,18.040,18.090,19.090,19.470
85,稻穀,稉種(蓬萊),新北市,19.420,19.740,20.000,20.820,20.820,20.950,20.830,19.530,19.150,18.560,17.440,17.120,18.050
85,稻穀,稉種(蓬萊),宜蘭縣,19.410,19.940,20.000,20.850,20.860,20.830,20.830,19.170,19.000,18.590,17.710,17.230,17.940
85,稻穀,稉種(蓬萊),桃園市,19.630,20.190,20.390,21.080,20.960,21.120,20.960,20.020,19.280,18.620,17.360,17.120,18.410
85,稻穀,稉種(蓬萊),新竹縣,19.570,20.020,20.170,20.900,21.000,21.120,21.000,19.960,19.170,18.920,17.470,17.140,18.020
85,稻穀,稉種(蓬萊),苗栗縣,19.720,20.060,20.230,21.220,21.330,21.310,21.520,19.980,19.090,18.800,17.440,17.180,18.430
85,稻穀,稉種(蓬萊),台中縣,19.940,20.350,20.500,21.310,21.670,21.660,21.390,20.120,19.670,18.930,17.530,17.310,18.780
85,稻穀,稉種(蓬萊),彰化縣,20.410,21.350,21.460,22.040,21.940,22.120,21.240,20.230,20.010,19.490,17.780,17.920,19.380
85,稻穀,稉種(蓬萊),南投縣,20.010,20.870,21.000,21.350,21.320,21.830,21.370,19.830,19.480,19.180,17.870,17.520,18.440
85,稻穀,稉種(蓬萊),雲林縣,20.290,21.210,21.300,21.930,22.010,22.090,21.320,20.010,19.950,19.190,17.530,17.540,19.400
85,稻穀,稉種(蓬萊),嘉義縣,20.070,20.990,21.060,21.720,21.670,21.890,21.400,19.940,19.620,19.010,17.390,17.180,18.980
85,稻穀,稉種(蓬萊),台南縣,20.040,20.840,20.890,21.590,21.670,21.670,21.200,20.030,19.780,18.890,17.500,17.450,19.000
85,稻穀,稉種(蓬萊),高雄縣,20.020,20.710,20.830,21.410,21.670,21.190,20.980,20.180,20.000,19.250,17.530,17.500,18.990
85,稻穀,稉種(蓬萊),屏東縣,20.000,20.220,20.550,21.400,20.970,20.690,21.320,20.340,20.650,19.270,17.930,17.850,18.780
85,稻穀,稉種(蓬萊),台東縣,19.940,19.820,20.000,20.950,21.330,21.330,21.030,20.000,20.000,19.860,18.600,18.060,18.240
85,稻穀,稉種(蓬萊),花蓮縣,20.110,20.140,20.830,21.460,21.660,21.660,21.660,20.430,19.960,19.530,18.190,17.690,18.090
85,稻穀,稉種(蓬萊),新竹市,19.570,20.020,20.170,20.900,21.000,21.030,21.000,19.960,19.170,18.920,17.470,17.140,18.020
85,稻穀,稉種(蓬萊),台中市,20.080,20.670,20.830,21.430,21.670,21.660,21.390,20.290,19.890,19.410,17.660,17.310,18.780
85,稻穀,稉種(蓬萊),嘉義市,20.070,20.990,21.060,21.720,21.670,21.890,21.400,19.940,19.620,19.010,17.390,17.180,18.980
86,稻穀,稉種(蓬萊),新北市,18.080,18.800,18.750,18.670,18.340,18.330,,16.810,16.590,,,,18.330
86,稻穀,稉種(蓬萊),宜蘭縣,17.230,18.320,18.160,18.000,17.920,16.280,15.830,16.230,16.750,16.670,16.950,17.540,18.080
86,稻穀,稉種(蓬萊),桃園市,17.720,18.990,18.720,18.670,18.670,17.200,16.200,16.600,16.930,16.670,17.090,18.190,18.670
86,稻穀,稉種(蓬萊),新竹縣,17.690,18.620,18.760,18.670,18.670,17.500,16.180,16.380,17.170,16.750,16.900,18.080,18.600
86,稻穀,稉種(蓬萊),苗栗縣,17.920,19.020,19.170,19.170,19.110,17.880,16.600,16.620,16.790,16.670,17.240,18.060,18.680
86,稻穀,稉種(蓬萊),台中縣,17.970,19.170,19.170,18.870,18.830,17.770,16.450,16.620,17.170,16.820,17.260,18.460,19.000
86,稻穀,稉種(蓬萊),彰化縣,18.490,19.880,19.860,19.560,19.400,18.100,16.670,16.950,17.450,17.420,17.870,19.120,19.540
86,稻穀,稉種(蓬萊),南投縣,17.880,18.600,18.900,18.890,18.500,18.150,17.130,16.410,16.780,16.780,16.980,18.580,18.840
86,稻穀,稉種(蓬萊),雲林縣,18.390,19.980,19.890,19.600,19.450,17.700,16.340,16.860,17.360,17.240,17.830,18.970,19.420
86,稻穀,稉種(蓬萊),嘉義縣,18.180,19.590,19.400,19.330,19.180,17.840,16.220,16.500,17.220,17.000,17.590,18.890,19.380
86,稻穀,稉種(蓬萊),台南縣,18.230,19.500,19.410,19.140,19.170,18.110,16.160,16.700,17.400,17.000,17.900,18.800,19.500
86,稻穀,稉種(蓬萊),高雄縣,17.830,19.500,19.460,19.330,19.110,16.830,15.990,16.390,16.670,16.670,17.100,18.110,18.810
86,稻穀,稉種(蓬萊),屏東縣,17.950,19.370,19.250,18.810,18.330,17.120,15.970,16.600,17.380,16.820,17.890,18.730,19.070
86,稻穀,稉種(蓬萊),台東縣,17.960,18.770,19.000,18.690,18.670,18.470,17.030,16.930,16.670,16.670,16.960,18.220,19.410
86,稻穀,稉種(蓬萊),花蓮縣,17.950,19.120,19.260,19.430,19.170,18.040,16.060,16.420,16.810,16.670,17.060,17.910,19.460
86,稻穀,稉種(蓬萊),新竹市,17.640,18.620,18.760,18.670,18.670,17.500,16.180,16.350,16.720,16.670,16.900,18.080,18.600
86,稻穀,稉種(蓬萊),台中市,18.140,19.170,19.170,19.170,19.160,18.050,16.740,16.790,17.170,17.170,17.380,18.550,19.170
86,稻穀,稉種(蓬萊),嘉義市,18.180,19.590,19.400,19.330,19.180,17.840,16.220,16.500,17.220,17.000,17.590,18.890,19.380
87,稻穀,稉種(蓬萊),新北市,18.050,18.110,,,,,,16.670,17.150,,,19.170,19.170
87,稻穀,稉種(蓬萊),宜蘭縣,18.270,18.040,18.860,19.320,20.320,19.200,16.130,16.770,17.190,17.330,17.990,18.910,19.200
87,稻穀,稉種(蓬萊),桃園市,18.440,18.360,19.000,19.610,21.000,18.600,16.300,17.000,17.300,17.330,17.930,19.260,19.630
87,稻穀,稉種(蓬萊),新竹縣,18.300,18.330,18.910,19.600,20.770,19.150,16.270,16.450,16.960,17.330,17.800,18.830,19.180
87,稻穀,稉種(蓬萊),苗栗縣,18.480,18.330,19.310,20.220,21.320,18.770,16.190,16.460,17.180,17.500,18.010,19.090,19.370
87,稻穀,稉種(蓬萊),台中縣,18.720,19.000,19.670,20.160,20.830,18.870,16.170,16.970,17.470,17.500,18.540,19.620,19.850
87,稻穀,稉種(蓬萊),彰化縣,19.200,19.440,20.000,20.460,21.400,19.570,16.780,17.490,18.000,18.130,18.710,20.230,20.220
87,稻穀,稉種(蓬萊),南投縣,18.690,18.840,19.300,19.600,20.000,19.150,16.770,16.910,17.510,18.050,18.440,19.660,20.050
87,稻穀,稉種(蓬萊),雲林縣,19.080,19.420,20.240,20.320,21.000,19.020,16.100,17.450,18.170,18.330,18.810,19.950,20.160
87,稻穀,稉種(蓬萊),嘉義縣,18.910,19.330,19.920,20.590,21.330,19.200,16.190,17.150,17.380,17.690,18.320,19.870,20.000
87,稻穀,稉種(蓬萊),台南縣,19.090,19.500,19.900,20.580,21.670,18.890,16.220,17.120,17.950,18.330,18.990,19.920,20.030
87,稻穀,稉種(蓬萊),高雄縣,18.770,18.830,19.450,19.890,20.830,18.110,16.500,17.500,17.910,17.890,18.640,19.720,20.000
87,稻穀,稉種(蓬萊),屏東縣,18.950,19.170,19.700,20.760,21.570,17.860,16.570,17.530,18.000,17.730,18.630,19.850,20.000
87,稻穀,稉種(蓬萊),台東縣,18.810,19.500,19.630,19.930,20.830,19.880,17.260,17.270,17.700,17.620,17.650,18.670,19.770
87,稻穀,稉種(蓬萊),花蓮縣,18.710,19.390,19.900,20.000,20.610,19.250,17.720,17.090,17.550,17.210,17.170,17.800,20.830
87,稻穀,稉種(蓬萊),新竹市,18.310,18.330,18.910,19.600,20.770,19.170,16.350,16.450,16.960,17.330,17.800,18.890,19.180
87,稻穀,稉種(蓬萊),台中市,18.790,19.170,19.670,20.160,20.830,19.120,16.560,16.970,17.470,17.500,18.540,19.620,19.850
87,稻穀,稉種(蓬萊),嘉義市,18.910,19.330,19.920,20.590,21.330,19.200,16.120,17.150,17.380,17.690,18.320,19.870,20.000
88,稻穀,稉種(蓬萊),新北市,17.500,,,,,,,17.500,17.500,17.500,,,
88,稻穀,稉種(蓬萊),宜蘭縣,19.240,20.160,20.830,21.420,20.830,20.830,19.300,17.500,17.600,17.670,17.320,18.180,19.260
88,稻穀,稉種(蓬萊),桃園市,19.360,20.500,21.250,21.980,21.540,20.730,17.870,17.850,17.830,17.760,17.150,18.280,19.520
88,稻穀,稉種(蓬萊),新竹縣,19.140,20.090,21.090,21.850,21.190,20.850,17.590,17.590,17.530,17.480,17.040,18.010,19.310
88,稻穀,稉種(蓬萊),苗栗縣,19.400,20.790,21.670,22.760,21.700,20.740,17.890,17.320,17.440,17.500,17.220,18.320,19.390
88,稻穀,稉種(蓬萊),台中縣,19.530,21.000,21.950,22.680,21.770,20.700,17.830,17.500,17.500,17.500,17.200,18.760,20.000
88,稻穀,稉種(蓬萊),彰化縣,20.100,21.570,22.440,22.990,22.250,21.460,17.900,18.060,18.330,18.330,17.710,19.690,20.470
88,稻穀,稉種(蓬萊),南投縣,19.690,20.480,21.330,22.290,22.000,21.350,18.080,18.010,18.130,18.110,17.780,18.860,19.810
88,稻穀,稉種(蓬萊),雲林縣,19.930,21.570,22.530,23.020,21.940,21.120,17.430,18.040,18.330,18.200,17.290,19.320,20.410
88,稻穀,稉種(蓬萊),嘉義縣,19.840,21.100,21.870,22.790,21.860,21.280,17.800,17.880,18.330,18.240,17.260,19.310,20.330
88,稻穀,稉種(蓬萊),台南縣,19.890,21.350,22.110,22.810,22.330,21.120,17.530,17.920,18.330,18.210,17.330,19.460,20.200
88,稻穀,稉種(蓬萊),高雄縣,19.610,21.230,22.640,22.930,22.280,20.460,16.920,17.470,17.500,17.480,17.260,19.140,20.030
88,稻穀,稉種(蓬萊),屏東縣,20.110,21.830,22.730,23.330,23.330,22.540,17.940,18.270,17.930,17.240,16.750,19.370,20.000
88,稻穀,稉種(蓬萊),台東縣,19.840,20.350,20.970,22.120,22.170,21.770,19.270,18.330,18.330,18.300,17.940,18.700,19.860
88,稻穀,稉種(蓬萊),花蓮縣,19.980,21.180,21.830,21.990,21.660,21.660,20.580,17.740,18.540,18.140,17.640,18.610,20.180
88,稻穀,稉種(蓬萊),新竹市,19.160,20.090,21.090,21.770,21.190,20.910,17.790,17.600,17.500,17.500,17.140,18.010,19.310
88,稻穀,稉種(蓬萊),台中市,19.640,21.120,22.170,22.740,21.840,20.700,17.830,17.500,17.500,17.500,17.200,19.170,20.450
88,稻穀,稉種(蓬萊),嘉義市,19.840,21.100,21.870,22.790,21.860,21.280,17.800,17.880,18.330,18.250,17.260,19.310,20.330
88,稻穀,稉種(蓬萊),高雄市,20.330,,,,,,,,,,,,20.330
89,稻穀,稉種(蓬萊),新北市,16.500,,,,,,,,16.500,,,,
89,稻穀,稉種(蓬萊),宜蘭縣,17.580,19.900,19.750,19.530,18.920,16.500,15.280,15.440,16.570,16.470,16.840,17.570,18.210
89,稻穀,稉種(蓬萊),桃園市,17.830,20.040,20.080,19.740,19.320,17.140,16.370,15.370,16.240,16.330,16.860,17.850,18.620
89,稻穀,稉種(蓬萊),新竹縣,17.850,20.010,20.330,20.100,19.790,17.310,16.250,15.290,16.380,16.330,16.550,17.510,18.300
89,稻穀,稉種(蓬萊),苗栗縣,17.750,20.510,20.830,20.280,19.610,17.140,15.970,14.780,15.830,15.750,16.490,17.570,18.270
89,稻穀,稉種(蓬萊),台中縣,18.090,20.750,20.870,20.230,19.470,17.010,16.050,15.600,16.570,16.670,16.900,18.040,18.890
89,稻穀,稉種(蓬萊),彰化縣,18.560,21.080,21.000,20.770,19.850,17.630,16.410,15.970,16.940,17.000,17.650,18.810,19.610
89,稻穀,稉種(蓬萊),南投縣,18.130,20.320,20.330,20.300,19.470,17.880,16.580,15.870,16.380,16.620,16.800,18.270,18.780
89,稻穀,稉種(蓬萊),雲林縣,18.400,21.110,21.160,20.800,19.890,17.300,15.990,15.700,16.940,16.880,17.260,18.410,19.380
89,稻穀,稉種(蓬萊),嘉義縣,18.080,20.740,20.830,20.480,19.820,16.610,15.820,15.530,16.390,16.330,17.020,18.350,19.040
89,稻穀,稉種(蓬萊),台南縣,18.320,20.800,20.830,20.590,19.830,17.170,16.070,16.100,16.670,16.670,17.500,18.440,19.110
89,稻穀,稉種(蓬萊),高雄縣,18.180,20.730,20.360,20.710,19.940,16.980,15.870,15.920,16.450,16.660,17.340,18.330,18.850
89,稻穀,稉種(蓬萊),屏東縣,18.290,21.200,20.430,20.570,19.500,16.680,16.080,15.970,16.660,16.540,17.880,18.640,19.290
89,稻穀,稉種(蓬萊),台東縣,18.080,20.110,20.250,20.320,20.070,18.440,16.500,16.140,16.190,16.220,16.410,17.950,18.310
89,稻穀,稉種(蓬萊),花蓮縣,18.190,20.450,20.500,20.410,20.210,18.010,16.450,16.220,16.370,16.490,16.880,17.880,18.460
89,稻穀,稉種(蓬萊),新竹市,17.850,20.010,20.330,20.130,19.790,17.310,16.150,15.270,16.380,16.330,16.550,17.540,18.410
89,稻穀,稉種(蓬萊),台中市,18.240,21.000,21.000,20.700,19.950,17.020,16.260,15.620,16.740,16.670,16.920,18.040,18.940
89,稻穀,稉種(蓬萊),嘉義市,18.080,20.750,20.830,20.480,19.820,16.610,15.820,15.530,16.390,16.330,17.020,18.350,19.040
89,稻穀,稉種(蓬萊),高雄市,20.580,20.580,,,,,,,,,,,
90,稻穀,稉種(蓬萊),宜蘭縣,17.830,17.980,17.990,18.030,17.920,16.340,16.630,16.940,16.960,16.770,18.660,19.860,19.860
90,稻穀,稉種(蓬萊),桃園市,18.160,18.540,18.500,18.680,18.480,16.550,16.970,17.130,17.100,16.790,19.220,20.010,19.940
90,稻穀,稉種(蓬萊),新竹縣,17.990,18.470,18.500,18.520,18.330,16.410,16.750,16.770,16.960,16.710,18.800,19.680,19.940
90,稻穀,稉種(蓬萊),苗栗縣,18.270,18.730,18.980,19.280,18.900,16.560,16.860,16.680,16.710,17.220,19.440,19.900,20.000
90,稻穀,稉種(蓬萊),台中縣,18.440,19.170,19.170,19.300,19.130,16.510,16.760,17.030,17.190,16.990,19.770,20.050,20.160
90,稻穀,稉種(蓬萊),彰化縣,18.750,19.440,19.660,19.670,19.110,16.790,16.760,17.720,17.650,17.500,19.640,20.510,20.550
90,稻穀,稉種(蓬萊),南投縣,18.390,18.790,18.980,19.290,19.120,17.630,16.770,17.050,17.490,17.300,18.320,19.950,20.000
90,稻穀,稉種(蓬萊),雲林縣,18.600,19.450,19.670,19.580,18.950,16.670,16.570,17.560,17.500,17.430,19.530,20.010,20.310
90,稻穀,稉種(蓬萊),嘉義縣,18.160,18.660,19.050,19.170,18.700,16.650,16.390,17.100,17.000,16.720,18.850,19.710,19.950
90,稻穀,稉種(蓬萊),台南縣,18.340,19.220,19.580,19.390,18.570,16.370,16.620,17.190,17.100,17.160,19.130,19.750,19.960
90,稻穀,稉種(蓬萊),高雄縣,18.300,19.170,19.170,19.150,18.760,16.360,16.880,17.170,17.170,17.170,18.780,19.800,19.980
90,稻穀,稉種(蓬萊),屏東縣,18.260,19.190,19.300,19.020,18.570,15.860,16.820,17.330,17.170,17.170,18.800,19.930,20.000
90,稻穀,稉種(蓬萊),台東縣,18.120,18.400,18.600,18.670,18.670,18.050,16.830,16.930,17.000,17.000,17.710,19.560,20.000
90,稻穀,稉種(蓬萊),花蓮縣,18.180,18.660,18.730,19.000,18.900,17.220,16.670,16.950,17.000,17.040,18.320,19.610,20.000
90,稻穀,稉種(蓬萊),新竹市,18.160,18.580,18.680,18.820,18.470,17.020,16.950,17.290,16.960,16.710,19.090,19.510,19.880
90,稻穀,稉種(蓬萊),台中市,18.560,19.220,19.170,19.300,19.130,16.520,16.780,17.500,17.490,17.490,19.770,20.060,20.320
90,稻穀,稉種(蓬萊),嘉義市,18.210,19.130,19.120,19.170,18.700,16.650,16.390,17.100,17.000,16.720,18.850,19.710,19.950
91,稻穀,稉種(蓬萊),宜蘭縣,16.790,20.720,,,,,17.470,17.340,17.180,15.910,15.170,15.240,15.290
91,稻穀,稉種(蓬萊),桃園市,18.570,20.930,21.980,22.570,23.660,20.090,17.670,17.560,17.040,15.690,15.080,15.260,15.330
91,稻穀,稉種(蓬萊),新竹縣,18.490,20.680,21.670,21.950,23.330,21.490,17.370,17.330,16.920,15.490,15.100,15.250,15.280
91,稻穀,稉種(蓬萊),苗栗縣,18.600,21.050,21.910,23.060,23.550,20.240,17.150,17.480,16.990,15.730,15.410,15.260,15.330
91,稻穀,稉種(蓬萊),台中縣,18.950,21.500,22.890,23.130,24.170,20.450,17.230,17.760,17.290,16.020,15.260,15.670,16.000
91,稻穀,稉種(蓬萊),彰化縣,19.220,21.720,22.910,23.210,24.320,20.790,17.560,18.100,17.580,16.320,15.760,15.990,16.320
91,稻穀,稉種(蓬萊),南投縣,18.820,20.810,21.990,22.380,23.680,20.580,17.250,17.690,17.570,16.390,15.620,15.670,16.170
91,稻穀,稉種(蓬萊),雲林縣,18.940,21.780,22.650,22.970,23.330,21.050,17.260,17.850,17.330,16.000,15.370,15.720,15.990
91,稻穀,稉種(蓬萊),嘉義縣,18.580,21.030,22.000,22.090,23.860,19.650,17.020,17.620,17.020,16.040,15.170,15.560,15.880
91,稻穀,稉種(蓬萊),台南縣,18.750,21.200,22.500,22.680,23.330,20.060,17.170,17.890,17.180,15.990,15.310,15.650,15.990
91,稻穀,稉種(蓬萊),高雄縣,18.700,21.070,22.380,22.550,23.150,20.300,17.030,17.950,17.260,15.970,15.160,15.600,15.950
91,稻穀,稉種(蓬萊),屏東縣,18.790,21.240,22.680,23.190,23.210,19.920,17.460,18.180,17.480,15.440,15.300,15.540,15.780
91,稻穀,稉種(蓬萊),台東縣,19.210,20.810,21.940,22.440,23.220,22.100,17.410,18.260,18.100,17.080,16.570,16.320,16.320
91,稻穀,稉種(蓬萊),花蓮縣,19.150,20.760,22.230,22.520,23.490,21.370,17.600,18.020,17.850,16.950,16.450,16.220,16.320
91,稻穀,稉種(蓬萊),新竹市,18.770,20.740,21.950,22.310,23.330,23.330,17.470,17.480,16.670,15.680,15.320,15.420,15.570
91,稻穀,稉種(蓬萊),台中市,18.950,21.540,22.890,23.130,24.170,20.450,17.190,17.760,17.290,16.020,15.250,15.670,16.000
91,稻穀,稉種(蓬萊),嘉義市,18.580,21.040,22.000,22.090,23.860,19.650,17.020,17.620,17.020,16.040,15.170,15.560,15.880
92,稻穀,稉種(蓬萊),宜蘭縣,15.530,15.070,,,,,15.200,15.480,15.500,15.340,15.290,15.950,16.370
92,稻穀,稉種(蓬萊),桃園市,15.950,15.390,16.320,16.690,16.590,16.130,16.060,15.460,15.350,15.320,15.340,16.200,16.500
92,稻穀,稉種(蓬萊),新竹縣,15.950,15.350,16.260,16.710,16.490,16.320,16.090,15.610,15.500,15.430,15.320,15.920,16.390
92,稻穀,稉種(蓬萊),苗栗縣,15.960,15.410,16.660,16.840,16.620,16.060,15.890,15.470,15.370,15.410,15.360,15.910,16.520
92,稻穀,稉種(蓬萊),台中縣,16.050,15.780,16.980,16.880,16.660,16.060,15.970,15.410,15.400,15.350,15.310,16.180,16.670
92,稻穀,稉種(蓬萊),彰化縣,16.210,16.180,17.010,17.090,16.850,16.210,15.950,15.500,15.500,15.380,15.360,16.470,17.000
92,稻穀,稉種(蓬萊),南投縣,16.130,16.030,16.920,17.020,16.830,16.120,15.830,15.410,15.580,15.400,15.320,16.340,16.710
92,稻穀,稉種(蓬萊),雲林縣,16.040,15.920,16.950,16.860,16.670,16.170,15.730,15.350,15.400,15.240,15.180,16.330,16.690
92,稻穀,稉種(蓬萊),嘉義縣,16.070,15.900,16.950,16.770,16.670,16.190,15.730,15.500,15.500,15.460,15.330,16.220,16.670
92,稻穀,稉種(蓬萊),台南縣,16.060,16.080,16.990,16.880,16.670,15.950,15.520,15.470,15.500,15.420,15.300,16.270,16.670
92,稻穀,稉種(蓬萊),高雄縣,16.070,15.900,17.010,16.900,16.670,15.980,15.730,15.510,15.500,15.380,15.430,16.200,16.670
92,稻穀,稉種(蓬萊),屏東縣,16.010,15.710,16.860,16.820,16.460,15.740,15.800,15.540,15.500,15.380,15.410,16.250,16.670
92,稻穀,稉種(蓬萊),台東縣,16.260,16.370,16.800,17.010,16.760,16.540,16.240,15.900,15.880,15.710,15.410,16.050,16.500
92,稻穀,稉種(蓬萊),花蓮縣,16.140,16.190,16.960,16.850,16.670,16.220,15.900,15.700,15.650,15.440,15.380,16.100,16.640
92,稻穀,稉種(蓬萊),新竹市,16.050,15.580,16.550,17.030,16.670,16.370,16.100,15.620,15.500,15.430,15.390,15.920,16.450
92,稻穀,稉種(蓬萊),台中市,16.050,15.780,16.980,16.760,16.660,16.050,15.960,15.410,15.450,15.350,15.310,16.210,16.670
92,稻穀,稉種(蓬萊),嘉義市,16.070,15.910,16.950,16.770,16.670,16.190,15.710,15.490,15.500,15.450,15.330,16.220,16.670
93,稻穀,稉種(蓬萊),宜蘭縣,18.480,16.890,19.160,19.500,20.340,19.430,18.160,16.980,16.670,17.030,18.170,19.580,19.800
93,稻穀,稉種(蓬萊),桃園市,18.610,17.060,19.430,19.840,20.980,19.050,18.200,16.740,16.570,17.010,18.370,20.170,19.870
93,稻穀,稉種(蓬萊),新竹縣,18.420,16.760,18.260,18.770,20.420,20.120,18.610,17.800,16.730,16.910,17.830,19.360,19.410
93,稻穀,稉種(蓬萊),苗栗縣,18.540,17.070,19.450,19.880,20.880,19.180,18.120,16.600,16.560,17.020,18.260,19.860,19.630
93,稻穀,稉種(蓬萊),台中縣,18.640,17.490,19.750,20.130,20.810,18.900,17.820,16.900,16.670,17.020,18.250,19.940,19.970
93,稻穀,稉種(蓬萊),彰化縣,18.990,17.910,20.180,20.420,21.370,19.540,17.920,17.100,16.860,17.420,18.270,20.410,20.500
93,稻穀,稉種(蓬萊),南投縣,18.770,17.540,19.820,20.100,20.600,19.340,17.910,17.000,17.020,17.450,18.130,20.090,20.280
93,稻穀,稉種(蓬萊),雲林縣,18.890,17.840,20.350,20.410,21.330,19.370,17.970,16.750,16.800,17.180,18.330,19.990,20.390
93,稻穀,稉種(蓬萊),嘉義縣,18.730,17.470,20.030,20.100,21.170,19.100,18.030,17.000,16.650,17.020,18.160,19.790,20.180
93,稻穀,稉種(蓬萊),台南縣,18.710,17.470,19.980,20.130,20.840,19.110,17.810,16.940,16.740,17.090,18.190,19.930,20.230
93,稻穀,稉種(蓬萊),高雄縣,18.700,17.100,19.910,20.120,21.330,18.810,18.020,16.960,16.650,17.180,18.200,19.830,20.240
93,稻穀,稉種(蓬萊),屏東縣,18.710,17.480,19.940,20.120,20.970,18.810,18.020,17.060,16.690,17.120,18.410,19.750,20.180
93,稻穀,稉種(蓬萊),台東縣,19.030,17.120,19.560,20.040,20.790,19.870,18.390,18.000,17.640,17.630,18.040,20.290,21.000
93,稻穀,稉種(蓬萊),花蓮縣,18.850,17.310,19.420,19.760,20.850,19.510,18.230,17.690,17.500,17.460,18.040,19.940,20.540
93,稻穀,稉種(蓬萊),新竹市,18.310,16.740,18.300,18.710,20.000,19.660,18.510,17.670,16.640,16.910,17.830,19.360,19.410
93,稻穀,稉種(蓬萊),台中市,18.760,17.660,19.970,20.180,20.960,19.040,17.820,16.900,16.670,17.020,18.300,20.250,20.320
93,稻穀,稉種(蓬萊),嘉義市,18.730,17.470,20.030,20.100,21.170,19.100,18.030,17.000,16.650,17.020,18.160,19.790,20.180
94,稻穀,稉種(蓬萊),宜蘭縣,19.180,20.220,20.000,20.000,20.000,19.700,18.050,17.540,17.670,18.290,19.400,19.600,19.670
94,稻穀,稉種(蓬萊),桃園市,19.290,20.230,20.500,20.360,20.760,19.440,17.240,17.470,17.380,18.120,19.580,20.100,20.330
94,稻穀,稉種(蓬萊),新竹縣,19.110,20.000,20.000,20.000,20.000,19.530,17.320,17.500,17.310,18.050,19.490,20.040,20.100
94,稻穀,稉種(蓬萊),苗栗縣,19.130,20.000,20.070,20.070,20.000,19.370,17.330,17.420,17.500,18.200,19.640,20.000,20.000
94,稻穀,稉種(蓬萊),台中縣,19.500,20.830,20.670,20.320,20.420,19.390,17.220,17.530,17.820,18.950,20.200,20.330,20.330
94,稻穀,稉種(蓬萊),彰化縣,19.750,21.310,21.040,20.540,20.830,19.820,17.140,17.640,18.290,18.880,20.120,20.680,20.690
94,稻穀,稉種(蓬萊),南投縣,19.350,20.460,20.340,20.290,20.440,19.860,17.320,17.320,17.540,18.010,19.440,20.320,20.850
94,稻穀,稉種(蓬萊),雲林縣,19.570,21.240,20.970,20.420,20.860,19.480,16.920,17.520,18.000,18.850,20.000,20.370,20.260
94,稻穀,稉種(蓬萊),嘉義縣,19.510,21.140,20.670,20.460,20.810,19.240,16.920,17.450,18.000,18.760,20.000,20.370,20.270
94,稻穀,稉種(蓬萊),台南縣,19.530,21.090,20.830,20.420,20.770,19.300,16.860,17.550,18.000,18.740,20.010,20.430,20.310
94,稻穀,稉種(蓬萊),高雄縣,19.460,21.000,20.830,20.570,20.820,18.590,16.680,17.530,18.000,18.800,20.120,20.400,20.230
94,稻穀,稉種(蓬萊),屏東縣,19.280,20.950,20.750,20.380,20.800,18.320,16.680,17.030,17.700,18.370,19.690,20.390,20.300
94,稻穀,稉種(蓬萊),台東縣,20.270,21.000,21.000,20.910,20.900,20.530,18.870,18.780,19.170,19.670,20.210,20.550,21.650
94,稻穀,稉種(蓬萊),花蓮縣,20.180,20.980,21.000,20.910,20.900,20.580,18.940,18.800,19.170,19.610,20.210,20.440,20.670
94,稻穀,稉種(蓬萊),新竹市,19.130,20.000,20.000,20.000,20.000,19.530,17.380,17.610,17.350,18.050,19.490,20.040,20.100
94,稻穀,稉種(蓬萊),台中市,19.570,20.950,20.670,20.310,20.650,19.450,17.200,17.580,18.180,18.950,20.200,20.330,20.350
94,稻穀,稉種(蓬萊),嘉義市,19.510,21.140,20.670,20.460,20.810,19.240,16.920,17.450,18.000,18.760,20.000,20.370,20.270
95,稻穀,稉種(蓬萊),宜蘭縣,18.340,19.450,19.330,19.240,18.350,17.300,17.200,17.790,18.000,18.270,18.640,18.480,18.020
95,稻穀,稉種(蓬萊),桃園市,18.720,20.120,20.190,19.810,18.890,18.030,17.500,17.920,18.070,18.830,19.000,18.350,17.970
95,稻穀,稉種(蓬萊),新竹縣,18.650,20.000,20.000,19.950,18.810,17.820,17.260,17.920,18.060,18.860,19.000,18.270,17.830
95,稻穀,稉種(蓬萊),苗栗縣,18.590,20.000,20.000,19.700,18.780,17.630,17.240,17.570,17.830,19.170,19.170,18.190,17.830
95,稻穀,稉種(蓬萊),台中縣,18.660,20.050,20.150,19.750,18.570,17.560,17.500,17.540,18.190,19.170,19.170,18.430,17.830
95,稻穀,稉種(蓬萊),彰化縣,19.010,20.640,20.830,20.000,18.810,17.770,17.800,18.110,18.550,19.420,19.180,18.670,18.350
95,稻穀,稉種(蓬萊),南投縣,18.950,20.500,20.500,20.260,19.130,18.040,17.800,18.020,18.230,19.100,19.170,18.550,18.090
95,稻穀,稉種(蓬萊),雲林縣,18.780,20.130,20.540,19.580,18.610,17.770,17.610,17.920,18.410,19.310,19.180,18.280,18.000
95,稻穀,稉種(蓬萊),嘉義縣,18.650,20.000,20.000,19.570,18.640,17.400,17.290,17.920,18.370,19.170,19.170,18.240,18.000
95,稻穀,稉種(蓬萊),台南縣,18.850,20.090,20.330,19.670,18.440,18.050,17.970,18.330,18.540,19.160,19.020,18.300,18.330
95,稻穀,稉種(蓬萊),高雄縣,18.680,20.000,20.000,19.710,18.720,17.260,17.340,17.930,18.380,19.170,19.220,18.380,18.000
95,稻穀,稉種(蓬萊),屏東縣,18.680,20.000,20.000,19.720,18.850,16.950,17.260,17.810,18.150,19.120,19.650,18.650,18.000
95,稻穀,稉種(蓬萊),台東縣,20.390,21.670,21.670,21.560,20.350,19.630,19.330,19.330,19.650,19.780,19.830,20.260,21.670
95,稻穀,稉種(蓬萊),花蓮縣,20.540,20.860,21.170,21.170,21.170,21.170,21.170,20.950,19.550,19.530,19.530,19.820,20.330
95,稻穀,稉種(蓬萊),新竹市,19.780,20.000,20.000,19.950,19.170,,,,,,,,
95,稻穀,稉種(蓬萊),台中市,18.710,20.050,20.150,19.760,18.690,17.560,17.640,17.770,18.290,19.170,19.170,18.470,17.830
95,稻穀,稉種(蓬萊),嘉義市,18.650,20.000,20.000,19.570,18.650,17.400,17.300,17.920,18.370,19.170,19.170,18.240,18.000
96,稻穀,稉種(蓬萊),宜蘭縣,17.480,17.870,17.760,17.520,17.500,15.880,15.830,16.730,16.850,17.170,17.560,19.460,19.570
96,稻穀,稉種(蓬萊),桃園市,17.950,17.830,17.470,17.330,17.340,17.610,17.700,17.300,17.000,17.280,18.170,19.970,20.430
96,稻穀,稉種(蓬萊),新竹縣,17.780,17.830,17.580,17.310,17.290,17.570,17.740,16.930,16.830,17.000,17.720,19.580,20.010
96,稻穀,稉種(蓬萊),苗栗縣,17.850,17.830,17.520,17.330,17.330,17.470,17.610,17.060,17.000,17.410,18.130,19.580,19.940
96,稻穀,稉種(蓬萊),台中縣,17.960,17.710,17.590,17.490,17.300,17.560,17.480,17.170,17.380,17.480,18.050,19.920,20.410
96,稻穀,稉種(蓬萊),彰化縣,18.560,18.240,18.000,17.920,17.760,18.190,17.890,17.420,17.770,18.090,18.790,21.000,21.660
96,稻穀,稉種(蓬萊),南投縣,18.200,18.010,17.590,17.670,17.550,17.960,17.700,17.100,17.170,17.220,18.170,20.840,21.460
96,稻穀,稉種(蓬萊),雲林縣,18.250,17.970,17.570,17.500,17.510,18.050,17.460,17.110,17.610,17.890,18.490,20.590,21.210
96,稻穀,稉種(蓬萊),嘉義縣,18.150,17.950,17.440,17.310,17.280,17.670,17.350,17.090,17.530,17.780,18.170,21.040,21.210
96,稻穀,稉種(蓬萊),台南縣,18.330,18.330,17.730,17.500,17.510,17.920,17.290,17.500,17.540,17.680,18.320,21.190,21.490
96,稻穀,稉種(蓬萊),高雄縣,18.220,17.960,17.570,17.500,17.520,17.600,17.390,17.140,17.560,17.910,18.240,20.870,21.360
96,稻穀,稉種(蓬萊),屏東縣,18.180,17.980,17.610,17.500,17.500,17.460,17.320,17.160,17.480,17.730,18.220,20.770,21.480
96,稻穀,稉種(蓬萊),台東縣,20.720,21.670,21.670,21.240,20.830,20.830,20.830,20.030,19.990,19.670,19.840,20.430,21.610
96,稻穀,稉種(蓬萊),花蓮縣,20.120,20.330,20.330,20.330,20.330,20.220,20.040,20.000,19.960,19.590,19.610,20.080,20.560
96,稻穀,稉種(蓬萊),台中市,18.100,17.710,17.590,17.500,17.340,17.660,17.590,17.190,17.450,17.670,18.150,20.340,21.000
96,稻穀,稉種(蓬萊),嘉義市,18.200,17.950,17.440,17.310,17.320,17.730,17.540,17.190,17.560,17.810,18.140,21.070,21.280
97,稻穀,稉種(蓬萊),宜蘭縣,20.470,20.110,21.090,21.260,21.040,20.830,19.620,19.110,19.580,19.720,20.060,20.800,22.430
97,稻穀,稉種(蓬萊),桃園市,21.460,21.630,22.350,23.140,23.130,22.360,20.380,19.320,19.690,19.800,20.520,21.780,23.400
97,稻穀,稉種(蓬萊),新竹縣,21.370,21.170,22.080,23.080,23.090,22.460,20.650,19.060,19.650,19.770,20.420,21.650,23.400
97,稻穀,稉種(蓬萊),苗栗縣,21.480,21.820,22.540,23.000,23.000,22.660,20.050,19.210,19.760,19.920,20.490,21.750,23.510
97,稻穀,稉種(蓬萊),台中縣,21.660,21.950,22.920,23.760,23.010,22.520,19.800,19.180,20.420,19.990,20.990,21.740,23.630
97,稻穀,稉種(蓬萊),彰化縣,22.170,22.800,23.600,24.130,23.680,22.630,19.890,19.770,20.670,20.530,21.200,22.670,24.510
97,稻穀,稉種(蓬萊),南投縣,22.040,22.160,23.030,24.170,23.890,22.050,19.910,19.940,20.780,20.480,21.140,22.390,24.520
97,稻穀,稉種(蓬萊),雲林縣,21.980,22.500,23.360,24.030,23.200,22.450,19.890,19.410,20.610,20.360,21.190,22.330,24.450
97,稻穀,稉種(蓬萊),嘉義縣,21.920,22.360,23.270,23.720,23.160,22.710,20.200,19.450,20.400,20.270,21.110,22.210,24.210
97,稻穀,稉種(蓬萊),台南縣,21.760,22.000,22.840,23.600,23.290,22.770,20.120,19.290,20.070,20.500,20.680,22.130,23.830
97,稻穀,稉種(蓬萊),高雄縣,21.920,22.660,23.300,23.930,23.380,21.650,19.970,19.530,20.590,20.490,20.920,22.400,24.190
97,稻穀,稉種(蓬萊),屏東縣,21.880,22.670,23.240,24.090,23.650,21.670,19.530,19.350,20.630,20.470,21.010,21.940,24.330
97,稻穀,稉種(蓬萊),台東縣,23.190,22.520,23.070,23.760,24.100,23.950,22.750,22.220,22.840,22.890,22.900,23.140,24.080
97,稻穀,稉種(蓬萊),花蓮縣,22.530,21.880,22.850,23.470,23.410,23.330,22.440,21.970,21.870,21.760,21.800,22.080,23.470
97,稻穀,稉種(蓬萊),台中市,22.080,22.460,23.680,24.170,23.390,23.000,19.920,19.210,20.830,,,,
97,稻穀,稉種(蓬萊),嘉義市,22.030,22.540,23.390,23.800,23.200,22.720,20.290,19.600,20.620,20.450,21.240,22.230,24.250
98,稻穀,稉種(蓬萊),宜蘭縣,21.190,23.300,23.230,22.860,22.670,22.360,19.180,19.920,20.030,20.340,20.340,20.010,20.000
98,稻穀,稉種(蓬萊),桃園市,21.800,23.730,23.730,23.610,23.670,23.410,21.500,19.940,20.100,20.550,20.660,20.280,20.410
98,稻穀,稉種(蓬萊),新竹縣,21.740,23.700,23.700,23.480,23.400,23.300,21.640,19.920,20.050,20.550,20.670,20.210,20.270
98,稻穀,稉種(蓬萊),苗栗縣,21.740,23.800,23.750,23.440,23.420,22.970,21.690,20.120,20.090,20.590,20.580,20.190,20.240
98,稻穀,稉種(蓬萊),台中縣,21.690,23.840,23.690,23.380,23.490,23.430,21.930,19.600,20.040,20.750,20.670,19.460,20.050
98,稻穀,稉種(蓬萊),彰化縣,22.360,24.690,24.530,23.880,24.140,24.360,21.790,20.390,20.720,21.190,21.080,20.570,20.930
98,稻穀,稉種(蓬萊),南投縣,22.460,24.980,24.850,23.780,24.070,24.250,22.410,20.490,20.490,20.970,21.180,21.090,21.010
98,稻穀,稉種(蓬萊),雲林縣,21.950,24.550,24.200,23.380,24.130,23.220,20.340,19.940,20.540,21.310,20.860,20.270,20.650
98,稻穀,稉種(蓬萊),嘉義縣,21.890,24.250,24.020,23.500,24.110,23.310,20.450,19.950,20.370,20.980,20.780,20.260,20.650
98,稻穀,稉種(蓬萊),台南縣,21.980,24.440,24.530,23.800,23.980,23.050,20.700,20.050,20.380,21.120,20.840,20.300,20.530
98,稻穀,稉種(蓬萊),高雄縣,22.020,24.440,24.470,23.880,23.720,22.980,20.680,20.120,20.570,21.120,20.910,20.500,20.810
98,稻穀,稉種(蓬萊),屏東縣,21.950,24.560,24.390,23.570,24.010,22.040,20.610,20.250,20.540,21.090,21.050,20.570,20.730
98,稻穀,稉種(蓬萊),台東縣,23.760,24.280,24.270,24.230,24.240,24.170,23.080,23.620,23.570,23.580,23.510,22.930,23.640
98,稻穀,稉種(蓬萊),花蓮縣,23.300,23.830,23.830,23.830,23.960,23.910,23.070,22.990,22.980,22.980,22.980,22.640,22.630
98,稻穀,稉種(蓬萊),嘉義市,21.950,24.330,24.110,23.600,24.190,23.240,20.380,19.800,20.450,21.090,21.030,20.320,20.800
99,稻穀,稉種(蓬萊),宜蘭縣,19.740,20.570,20.980,20.420,19.670,19.500,19.330,19.490,19.580,19.920,19.700,18.610,19.140
99,稻穀,稉種(蓬萊),桃園市,20.330,21.450,21.700,21.380,20.910,20.900,20.730,19.920,19.780,19.800,19.650,18.800,18.960
99,稻穀,稉種(蓬萊),新竹縣,20.300,21.200,21.610,21.350,20.890,20.760,20.650,19.960,19.830,19.830,19.750,18.800,19.010
99,稻穀,稉種(蓬萊),苗栗縣,20.290,21.290,21.650,21.310,20.840,20.720,20.500,19.960,19.810,19.810,19.700,18.810,19.020
99,稻穀,稉種(蓬萊),台中縣,20.280,21.120,21.670,21.140,20.890,20.860,20.590,20.020,19.890,19.950,19.610,18.270,19.340
99,稻穀,稉種(蓬萊),彰化縣,20.850,22.100,22.460,21.860,21.610,21.470,20.930,20.050,20.320,20.490,19.830,18.960,20.120
99,稻穀,稉種(蓬萊),南投縣,20.850,21.660,22.500,22.110,21.860,21.330,20.740,20.130,20.160,20.250,19.990,19.420,20.100
99,稻穀,稉種(蓬萊),雲林縣,20.660,22.080,22.620,21.690,21.380,21.270,20.630,19.650,19.900,20.180,19.170,19.200,20.140
99,稻穀,稉種(蓬萊),嘉義縣,20.570,21.940,22.500,21.590,21.090,21.020,20.680,19.740,19.810,19.990,19.140,19.160,20.190
99,稻穀,稉種(蓬萊),台南縣,20.550,21.820,22.530,21.470,21.040,21.200,20.810,19.890,19.820,19.950,19.430,18.920,19.750
99,稻穀,稉種(蓬萊),高雄縣,20.420,21.640,22.280,21.750,21.130,20.690,20.590,19.660,19.720,19.890,19.630,18.760,19.290
99,稻穀,稉種(蓬萊),屏東縣,20.380,21.930,22.500,21.830,21.290,20.830,20.060,19.680,19.730,19.810,19.130,18.880,18.880
99,稻穀,稉種(蓬萊),台東縣,23.290,23.680,23.680,23.680,23.680,23.530,22.020,23.700,23.730,23.730,23.480,22.870,21.700
99,稻穀,稉種(蓬萊),花蓮縣,22.240,22.680,22.680,22.680,22.680,22.680,22.650,22.710,22.730,22.730,21.600,20.690,20.360
99,稻穀,稉種(蓬萊),嘉義市,20.690,22.260,22.630,21.640,21.440,21.320,20.730,19.650,19.900,20.050,19.270,19.200,20.170
100,稻穀,稉種(蓬萊),宜蘭縣,20.600,18.560,18.360,18.250,18.490,21.490,21.390,21.290,21.270,21.710,22.220,22.110,22.110
100,稻穀,稉種(蓬萊),桃園市,21.300,18.800,18.770,18.910,19.710,24.150,23.010,20.910,21.080,22.180,22.610,22.520,22.910
100,稻穀,稉種(蓬萊),新竹縣,21.200,19.010,19.010,19.010,19.650,23.360,22.490,20.810,21.200,21.950,22.510,22.520,22.910
100,稻穀,稉種(蓬萊),苗栗縣,21.250,19.020,19.040,19.110,20.100,23.170,21.870,20.850,21.150,22.320,22.700,22.620,23.030
100,稻穀,稉種(蓬萊),彰化縣,21.900,20.350,20.370,20.260,21.260,24.250,21.550,21.020,22.190,22.670,22.870,22.740,23.300
100,稻穀,稉種(蓬萊),南投縣,21.780,20.080,19.840,19.790,21.110,23.290,22.830,21.340,22.290,22.510,22.760,22.530,23.000
100,稻穀,稉種(蓬萊),雲林縣,21.740,20.040,20.070,19.910,20.970,23.940,21.160,20.920,22.340,22.930,22.760,22.740,23.050
100,稻穀,稉種(蓬萊),嘉義縣,21.550,19.970,19.890,19.860,21.000,24.460,21.500,20.670,22.030,22.280,22.320,22.210,22.380
100,稻穀,稉種(蓬萊),屏東縣,21.420,18.880,19.090,19.930,20.520,23.900,21.060,20.910,21.880,22.450,22.790,22.730,22.850
100,稻穀,稉種(蓬萊),台東縣,23.110,21.720,21.720,21.720,21.720,23.270,22.270,23.620,24.680,25.000,24.960,23.280,23.300
100,稻穀,稉種(蓬萊),花蓮縣,22.120,20.370,20.370,20.370,20.640,23.900,23.720,22.290,21.920,22.910,23.890,22.590,22.450
100,稻穀,稉種(蓬萊),台中市,21.380,19.390,19.450,19.450,20.410,24.340,22.760,20.140,20.980,21.880,22.540,22.550,22.680
100,稻穀,稉種(蓬萊),嘉義市,21.610,19.880,19.840,19.960,21.170,24.380,21.430,20.520,21.760,22.400,22.660,22.660,22.680
100,稻穀,稉種(蓬萊),台南市,21.710,19.960,19.850,19.970,20.800,24.100,21.840,20.980,21.980,22.530,22.880,22.620,22.980
100,稻穀,稉種(蓬萊),高雄市,21.390,19.830,19.940,20.110,20.500,23.070,20.590,20.680,21.950,22.570,22.420,22.420,22.560
101,稻穀,稉種(蓬萊),宜蘭縣,22.590,22.420,22.550,22.570,22.990,23.060,22.100,22.390,22.670,22.700,22.660,22.470,22.440
101,稻穀,稉種(蓬萊),桃園市,22.940,23.100,23.180,23.180,23.980,23.860,22.390,22.340,22.410,22.550,22.740,22.930,22.640
101,稻穀,稉種(蓬萊),新竹縣,22.740,23.000,23.000,23.060,23.720,23.430,22.200,22.330,22.330,22.400,22.460,22.360,22.580
101,稻穀,稉種(蓬萊),苗栗縣,22.830,23.140,23.150,23.150,23.820,23.330,22.120,22.210,22.580,22.870,22.570,22.350,22.660
101,稻穀,稉種(蓬萊),彰化縣,23.280,23.660,23.720,23.720,24.280,23.620,21.980,22.520,23.280,23.350,23.110,23.020,23.040
101,稻穀,稉種(蓬萊),南投縣,23.300,23.100,23.180,23.620,24.230,24.350,22.130,22.620,23.240,23.330,23.250,23.240,23.280
101,稻穀,稉種(蓬萊),雲林縣,23.120,23.210,23.410,23.430,24.350,23.670,21.900,22.460,23.100,23.270,22.990,22.930,22.760
101,稻穀,稉種(蓬萊),嘉義縣,23.180,22.870,23.120,23.460,24.470,23.960,23.430,22.390,23.150,23.140,22.920,22.720,22.570
101,稻穀,稉種(蓬萊),屏東縣,23.140,23.310,23.330,23.330,23.980,23.870,22.590,22.480,22.800,23.120,23.170,22.880,22.830
101,稻穀,稉種(蓬萊),台東縣,23.490,23.350,23.350,23.350,23.350,23.360,23.440,23.370,23.400,23.430,23.430,23.730,24.340
101,稻穀,稉種(蓬萊),花蓮縣,23.210,22.940,23.260,23.320,23.490,23.680,23.190,22.510,22.660,23.260,23.330,23.490,23.440
101,稻穀,稉種(蓬萊),台中市,23.140,23.370,23.370,23.370,24.230,23.670,23.010,22.620,22.770,22.830,22.850,22.860,22.760
101,稻穀,稉種(蓬萊),嘉義市,23.140,23.080,23.190,23.460,24.500,23.570,22.850,22.120,23.280,23.220,22.890,22.820,22.660
101,稻穀,稉種(蓬萊),台南市,23.290,23.160,23.310,23.330,24.030,23.860,23.420,23.300,23.200,23.410,22.950,22.800,22.710
101,稻穀,稉種(蓬萊),高雄市,23.080,23.250,23.310,23.310,24.090,23.090,22.300,22.360,23.090,23.280,22.930,22.980,22.920
102,稻穀,稉種(蓬萊),宜蘭縣,21.640,22.280,22.220,21.730,20.840,20.030,20.190,22.270,21.950,21.720,21.780,22.060,22.560
102,稻穀,稉種(蓬萊),桃園市,21.710,22.490,22.410,22.230,21.530,21.140,21.190,21.690,20.950,21.180,21.340,21.740,22.570
102,稻穀,稉種(蓬萊),新竹縣,21.600,22.300,21.930,21.700,21.490,21.070,21.310,21.480,21.110,21.140,21.340,21.750,22.540
102,稻穀,稉種(蓬萊),苗栗縣,21.760,22.350,22.040,21.560,20.880,20.490,21.110,22.150,21.920,21.780,21.920,22.010,22.890
102,稻穀,稉種(蓬萊),彰化縣,22.360,22.980,22.740,22.270,21.770,21.690,21.750,22.350,22.130,22.210,22.270,22.570,23.630
102,稻穀,稉種(蓬萊),南投縣,22.490,23.070,22.830,22.500,22.190,22.000,22.010,22.090,22.190,22.190,22.710,22.750,23.340
102,稻穀,稉種(蓬萊),雲林縣,22.020,22.580,22.250,21.740,20.970,20.900,21.320,21.990,21.780,22.150,22.330,22.610,23.660
102,稻穀,稉種(蓬萊),嘉義縣,21.730,22.390,21.980,21.310,20.560,20.370,20.610,21.830,21.780,21.980,22.350,22.200,23.340
102,稻穀,稉種(蓬萊),屏東縣,22.230,22.830,22.800,22.310,21.350,21.140,21.240,22.000,22.000,22.330,22.420,22.630,23.730
102,稻穀,稉種(蓬萊),台東縣,24.080,24.340,24.340,24.340,24.340,24.320,23.880,23.710,23.710,23.710,23.710,24.220,24.280
102,稻穀,稉種(蓬萊),花蓮縣,23.340,23.530,23.550,23.460,23.370,23.420,23.270,22.950,22.880,22.850,22.980,23.600,24.230
102,稻穀,稉種(蓬萊),台中市,21.990,22.700,22.530,21.980,20.910,20.780,21.120,22.060,21.880,22.040,22.120,22.450,23.320
102,稻穀,稉種(蓬萊),嘉義市,21.930,22.370,22.020,21.340,21.000,20.970,21.170,22.170,22.170,22.170,22.130,22.320,23.320
102,稻穀,稉種(蓬萊),台南市,21.730,22.440,22.050,21.580,21.030,20.850,21.060,21.710,21.880,21.840,21.880,21.900,22.540
102,稻穀,稉種(蓬萊),高雄市,21.990,22.690,22.590,22.290,21.260,20.720,21.070,21.950,21.910,21.980,22.100,22.000,23.300
103,稻穀,稉種(蓬萊),宜蘭縣,23.710,23.290,24.930,24.890,24.670,24.340,23.420,22.970,22.890,23.220,23.290,23.290,23.290
103,稻穀,稉種(蓬萊),桃園市,23.110,22.860,23.660,24.050,23.690,23.730,23.170,22.060,21.980,22.880,22.850,23.270,23.140
103,稻穀,稉種(蓬萊),新竹縣,23.040,23.100,23.320,23.320,23.320,23.350,23.260,22.510,22.460,22.840,23.110,23.090,22.830
103,稻穀,稉種(蓬萊),苗栗縣,23.720,23.950,24.680,25.000,25.000,24.700,23.140,22.670,23.190,23.460,23.450,22.490,22.920
103,稻穀,稉種(蓬萊),彰化縣,24.130,24.240,25.150,25.900,25.440,24.990,23.600,23.110,23.390,23.610,23.490,23.310,23.380
103,稻穀,稉種(蓬萊),南投縣,24.170,23.880,25.110,25.660,25.500,25.030,23.920,23.220,23.330,23.650,23.610,23.500,23.670
103,稻穀,稉種(蓬萊),雲林縣,24.280,24.550,25.740,25.900,25.730,25.560,23.690,22.700,23.360,23.960,23.570,23.540,23.030
103,稻穀,稉種(蓬萊),嘉義縣,24.240,24.110,25.450,25.990,25.680,25.680,24.730,22.340,23.160,23.850,23.580,23.370,22.920
103,稻穀,稉種(蓬萊),屏東縣,24.030,24.530,25.250,25.200,25.170,25.140,24.000,23.170,23.140,23.140,23.160,23.200,23.200
103,稻穀,稉種(蓬萊),台東縣,24.900,24.280,24.280,24.280,24.280,24.280,24.520,25.550,25.570,25.570,25.550,25.000,25.670
103,稻穀,稉種(蓬萊),花蓮縣,24.490,24.430,24.450,24.450,24.450,24.440,24.330,24.460,24.630,24.620,24.640,24.180,24.820
103,稻穀,稉種(蓬萊),台中市,23.960,24.150,25.360,24.570,24.380,25.250,23.980,22.500,23.550,24.070,23.810,23.270,22.600
103,稻穀,稉種(蓬萊),嘉義市,24.320,24.170,25.550,26.000,25.830,25.830,24.810,22.410,23.380,23.810,23.540,23.430,23.030
103,稻穀,稉種(蓬萊),台南市,24.430,24.060,25.940,26.020,25.880,25.760,24.510,22.680,23.450,24.060,23.630,23.550,23.570
103,稻穀,稉種(蓬萊),高雄市,23.680,24.280,25.160,24.830,24.780,23.210,22.660,22.630,23.380,,23.050,23.500,23.000
104,稻穀,稉種(蓬萊),宜蘭縣,22.580,23.290,23.290,23.290,23.290,23.220,22.790,22.100,21.830,21.770,21.780,21.920,22.380
104,稻穀,稉種(蓬萊),桃園市,22.620,22.980,23.460,23.470,23.390,23.380,22.890,21.620,21.150,21.150,21.330,22.910,23.680
104,稻穀,稉種(蓬萊),新竹縣,22.460,23.190,23.390,23.390,23.390,23.390,23.250,21.120,20.830,20.830,20.830,21.940,23.910
104,稻穀,稉種(蓬萊),苗栗縣,22.210,23.060,23.080,23.080,23.080,22.810,22.040,20.950,20.860,21.130,21.100,22.240,23.100
104,稻穀,稉種(蓬萊),彰化縣,22.810,23.460,23.590,23.730,23.710,23.320,22.370,21.900,21.300,21.510,21.520,22.520,24.780
104,稻穀,稉種(蓬萊),南投縣,23.040,23.610,23.670,23.670,23.620,23.550,23.560,23.250,22.610,22.110,21.740,21.670,23.390
104,稻穀,稉種(蓬萊),雲林縣,23.230,23.800,23.900,23.920,23.940,23.780,23.600,21.900,21.660,21.710,21.900,23.390,25.220
104,稻穀,稉種(蓬萊),嘉義縣,22.680,23.170,23.220,23.420,23.570,23.210,21.970,21.020,21.030,21.210,21.760,23.580,24.990
104,稻穀,稉種(蓬萊),屏東縣,22.660,23.200,23.260,23.300,23.300,23.300,22.500,22.530,22.530,22.530,21.430,21.430,
104,稻穀,稉種(蓬萊),台東縣,25.740,25.950,26.390,26.590,26.590,26.780,24.960,25.730,,,,24.080,24.560
104,稻穀,稉種(蓬萊),花蓮縣,24.380,24.900,24.890,24.890,24.890,24.850,24.290,24.130,24.020,24.020,23.930,23.930,23.870
104,稻穀,稉種(蓬萊),台中市,21.920,23.300,23.240,23.210,23.240,22.980,22.080,20.670,20.420,20.420,20.420,20.440,22.570
104,稻穀,稉種(蓬萊),嘉義市,22.690,23.130,23.170,23.500,23.670,23.270,21.860,20.940,21.020,21.250,21.780,23.780,24.930
104,稻穀,稉種(蓬萊),台南市,23.390,23.990,24.140,24.120,24.130,23.960,23.770,21.870,21.300,22.250,22.210,23.600,25.360
104,稻穀,稉種(蓬萊),高雄市,22.370,23.670,,,,21.720,21.860,,,,22.260,22.330,
105,稻穀,稉種(蓬萊),宜蘭縣,22.550,22.460,22.480,22.630,22.630,22.550,22.420,22.200,22.170,22.130,22.280,22.920,23.690
105,稻穀,稉種(蓬萊),桃園市,23.030,24.230,24.420,24.420,24.420,24.190,22.040,21.940,21.430,21.210,21.260,22.530,24.210
105,稻穀,稉種(蓬萊),新竹縣,23.350,24.030,24.030,24.030,24.030,24.030,23.920,21.970,21.940,21.610,21.610,23.590,25.400
105,稻穀,稉種(蓬萊),苗栗縣,22.860,23.100,23.110,23.110,23.110,22.910,22.500,22.080,22.060,22.060,22.060,23.550,24.610
105,稻穀,稉種(蓬萊),彰化縣,24.090,24.930,25.110,25.100,25.020,24.690,24.200,22.120,22.390,22.430,23.100,24.320,25.650
105,稻穀,稉種(蓬萊),南投縣,24.140,24.450,25.000,25.000,25.000,24.850,24.720,22.530,22.380,22.500,23.040,24.100,26.050
105,稻穀,稉種(蓬萊),雲林縣,24.490,25.340,25.350,25.330,25.270,25.220,24.950,22.710,22.660,22.620,23.420,24.940,26.040
105,稻穀,稉種(蓬萊),嘉義縣,23.790,25.070,25.060,24.820,24.760,24.180,21.660,21.980,21.890,21.830,23.420,24.880,25.910
105,稻穀,稉種(蓬萊),屏東縣,23.500,,,,,22.960,22.840,22.560,,22.250,22.680,24.560,26.640
105,稻穀,稉種(蓬萊),台東縣,25.030,24.560,24.560,24.560,24.560,24.560,24.560,25.330,25.520,25.520,25.520,25.560,25.540
105,稻穀,稉種(蓬萊),花蓮縣,24.030,24.000,23.960,23.850,23.850,23.850,23.850,24.040,23.980,23.980,23.980,24.290,24.700
105,稻穀,稉種(蓬萊),台中市,22.800,22.750,22.750,22.880,23.330,23.330,23.330,23.060,22.650,21.840,21.840,22.480,23.330
105,稻穀,稉種(蓬萊),嘉義市,23.780,24.990,25.000,25.000,24.870,23.970,21.550,22.070,21.920,21.920,23.270,24.930,25.910
105,稻穀,稉種(蓬萊),台南市,24.120,25.360,25.500,25.030,25.040,22.850,21.750,22.270,22.300,,23.610,24.910,26.660
105,稻穀,稉種(蓬萊),高雄市,22.850,,25.100,,,21.970,21.280,,,,23.050,,
106,稻穀,稉種(蓬萊),宜蘭縣,22.810,23.750,23.750,23.750,23.750,23.720,22.800,22.550,22.540,22.230,21.780,21.650,21.490
106,稻穀,稉種(蓬萊),桃園市,22.820,24.310,24.310,24.290,24.290,24.290,23.030,22.470,21.540,21.500,21.480,21.200,21.160
106,稻穀,稉種(蓬萊),新竹縣,23.370,25.410,25.410,25.410,25.410,25.410,25.410,22.410,21.180,21.180,21.180,20.960,21.070
106,稻穀,稉種(蓬萊),苗栗縣,22.730,24.610,24.610,24.610,24.610,24.610,24.610,21.430,21.060,21.060,21.060,20.360,20.140
106,稻穀,稉種(蓬萊),彰化縣,23.260,25.980,26.030,25.430,25.070,24.530,22.380,21.720,21.610,21.640,21.640,21.590,21.550
106,稻穀,稉種(蓬萊),南投縣,23.380,25.990,25.950,25.870,25.430,24.570,22.730,21.670,21.670,21.670,21.670,21.670,21.670
106,稻穀,稉種(蓬萊),雲林縣,23.420,26.030,26.020,25.500,25.010,24.970,23.010,21.510,21.630,21.980,21.940,21.600,21.810
106,稻穀,稉種(蓬萊),嘉義縣,23.110,25.870,25.780,25.150,24.800,23.820,21.590,21.560,21.730,21.780,21.700,21.590,21.960
106,稻穀,稉種(蓬萊),屏東縣,24.100,26.640,26.620,26.540,25.490,24.840,23.560,23.000,22.770,22.540,22.540,22.400,22.300
106,稻穀,稉種(蓬萊),台東縣,25.550,25.570,25.570,25.570,25.570,25.570,25.510,25.480,25.700,25.700,25.700,25.460,25.170
106,稻穀,稉種(蓬萊),花蓮縣,24.460,24.690,24.690,24.450,24.370,24.370,24.370,24.370,24.410,24.410,24.410,24.570,24.360
106,稻穀,稉種(蓬萊),台中市,23.000,23.580,23.970,24.000,24.000,24.000,24.000,23.260,21.840,21.840,21.840,21.840,21.840
106,稻穀,稉種(蓬萊),嘉義市,22.940,25.930,25.830,25.350,24.690,21.970,21.790,21.510,21.540,21.670,21.700,21.590,21.740
106,稻穀,稉種(蓬萊),台南市,23.120,26.660,25.830,24.980,25.000,22.150,21.800,21.760,22.040,21.870,21.780,21.500,22.110
106,稻穀,稉種(蓬萊),高雄市,21.780,,,,,22.090,21.470,,,,,,
107,稻穀,稉種(蓬萊),宜蘭縣,20.930,21.280,21.280,21.280,21.280,21.720,21.460,20.890,20.410,20.390,20.390,20.390,20.390
107,稻穀,稉種(蓬萊),桃園市,20.780,21.160,21.160,21.350,21.430,21.430,21.430,20.740,20.050,20.050,20.050,20.080,20.380
107,稻穀,稉種(蓬萊),新竹縣,20.810,21.100,21.100,21.100,21.150,21.720,21.490,20.660,20.130,20.060,20.170,20.350,20.690
107,稻穀,稉種(蓬萊),苗栗縣,20.230,20.140,20.140,20.140,20.140,20.140,20.140,20.170,20.170,20.170,20.170,20.460,20.830
107,稻穀,稉種(蓬萊),彰化縣,21.470,21.640,21.910,21.980,22.240,23.110,22.280,20.760,20.460,20.670,20.910,20.930,20.800
107,稻穀,稉種(蓬萊),南投縣,21.470,21.700,21.870,22.200,22.170,22.820,21.950,20.930,20.510,20.500,21.000,21.020,20.930
107,稻穀,稉種(蓬萊),雲林縣,21.430,22.010,22.050,22.190,22.650,23.550,21.670,20.200,20.230,20.680,20.670,20.670,20.580
107,稻穀,稉種(蓬萊),嘉義縣,21.280,22.000,22.010,22.020,22.390,23.040,20.860,20.180,20.390,20.610,20.690,20.640,20.500
107,稻穀,稉種(蓬萊),屏東縣,21.820,22.300,22.300,22.300,22.300,22.710,22.440,21.640,20.980,20.980,20.980,21.310,21.600
107,稻穀,稉種(蓬萊),台東縣,24.890,25.170,25.170,25.170,25.170,25.170,24.950,24.830,24.870,24.870,24.870,24.230,24.210
107,稻穀,稉種(蓬萊),花蓮縣,23.640,24.360,24.360,24.360,24.380,24.390,24.320,23.110,23.090,23.090,23.090,22.800,22.340
107,稻穀,稉種(蓬萊),台中市,21.160,21.840,21.840,21.840,21.840,21.840,21.360,20.570,20.500,20.500,20.500,20.500,20.750
107,稻穀,稉種(蓬萊),嘉義市,21.110,21.840,21.840,21.830,22.160,23.090,20.450,19.960,20.200,20.410,20.510,20.540,20.430
107,稻穀,稉種(蓬萊),台南市,21.550,22.060,22.100,22.310,23.130,23.460,21.250,20.630,20.790,20.660,20.730,20.930,20.580
107,稻穀,稉種(蓬萊),高雄市,21.500,,,,,22.670,,,,,20.330,,
108,稻穀,稉種(蓬萊),宜蘭縣,21.200,20.390,20.390,20.390,20.390,20.390,20.420,22.110,21.760,21.810,22.050,22.110,22.220
108,稻穀,稉種(蓬萊),桃園市,20.720,20.390,20.390,20.390,20.390,20.390,20.390,20.850,21.080,21.080,21.080,21.080,21.080
108,稻穀,稉種(蓬萊),新竹縣,20.820,20.570,20.570,20.570,20.570,20.490,20.460,20.220,20.140,20.730,22.040,21.830,21.670
108,稻穀,稉種(蓬萊),苗栗縣,21.390,20.830,20.830,20.830,20.830,20.830,20.830,21.720,21.790,21.790,21.790,22.310,22.340
108,稻穀,稉種(蓬萊),彰化縣,21.470,20.600,20.620,20.600,20.590,20.470,20.280,21.580,23.010,23.110,22.770,22.310,21.680
108,稻穀,稉種(蓬萊),南投縣,21.490,20.750,20.730,20.660,20.660,20.560,20.460,21.330,23.290,23.030,22.540,22.200,21.620
108,稻穀,稉種(蓬萊),雲林縣,21.330,20.720,20.740,20.530,20.310,19.950,20.080,21.430,23.050,22.850,22.420,22.220,21.690
108,稻穀,稉種(蓬萊),嘉義縣,21.330,20.750,20.750,20.450,20.290,19.870,20.140,21.640,23.170,22.750,22.350,22.190,21.650
108,稻穀,稉種(蓬萊),屏東縣,21.400,20.990,20.500,20.460,20.300,20.170,20.170,21.100,22.830,23.110,22.400,22.390,22.420
108,稻穀,稉種(蓬萊),台東縣,23.750,24.210,24.210,24.210,24.210,24.210,23.370,23.180,23.240,23.240,23.240,23.500,24.210
108,稻穀,稉種(蓬萊),花蓮縣,21.960,22.340,22.340,22.340,22.340,22.340,21.870,21.370,21.380,21.380,21.380,22.220,22.270
108,稻穀,稉種(蓬萊),台中市,21.390,20.750,20.750,20.750,20.750,20.750,20.770,21.770,22.210,22.500,22.310,21.660,21.660
108,稻穀,稉種(蓬萊),嘉義市,21.360,20.800,20.830,20.480,20.250,19.800,20.220,21.660,23.160,22.820,22.440,22.240,21.670
108,稻穀,稉種(蓬萊),台南市,21.380,20.790,20.830,20.380,20.330,20.110,20.380,21.800,23.230,22.710,22.270,22.110,21.570
108,稻穀,稉種(蓬萊),高雄市,21.500,,,,,19.350,,,23.330,,21.810,,
109,稻穀,稉種(蓬萊),宜蘭縣,21.480,22.220,22.220,22.220,22.220,22.220,22.140,20.740,20.760,20.760,20.760,20.760,20.760
109,稻穀,稉種(蓬萊),桃園市,20.380,21.080,21.080,21.080,21.550,21.480,20.720,20.210,20.090,19.830,19.510,18.920,19.010
109,稻穀,稉種(蓬萊),新竹縣,20.810,21.670,21.670,21.670,21.870,21.950,20.820,20.350,20.330,20.330,20.330,18.860,19.890
109,稻穀,稉種(蓬萊),苗栗縣,21.300,22.340,22.340,22.340,22.340,22.340,22.340,20.830,20.830,20.830,20.830,19.070,19.200
109,稻穀,稉種(蓬萊),彰化縣,20.890,21.670,21.520,21.410,22.250,21.820,20.250,20.190,20.110,20.220,20.040,19.930,21.270
109,稻穀,稉種(蓬萊),南投縣,20.910,21.700,21.540,21.460,22.500,21.750,20.430,20.230,20.170,20.170,19.980,19.670,21.310
109,稻穀,稉種(蓬萊),雲林縣,20.880,21.570,21.390,21.510,22.190,21.750,20.150,20.260,20.170,20.240,19.910,19.730,21.710
109,稻穀,稉種(蓬萊),嘉義縣,20.790,21.520,21.350,21.550,22.130,21.310,19.880,20.160,20.020,19.900,19.780,19.850,22.050
109,稻穀,稉種(蓬萊),屏東縣,21.040,22.050,21.870,21.950,22.500,22.440,20.060,20.470,20.000,20.000,19.730,19.520,21.860
109,稻穀,稉種(蓬萊),台東縣,24.180,24.240,24.240,24.240,24.240,24.240,23.740,24.000,24.100,24.100,24.100,24.120,24.800
109,稻穀,稉種(蓬萊),花蓮縣,22.190,22.270,22.270,22.270,22.270,22.270,22.240,21.950,21.950,21.950,21.950,22.380,22.560
109,稻穀,稉種(蓬萊),台中市,20.410,21.660,21.190,21.020,21.180,21.330,20.330,20.070,19.870,19.650,19.510,19.160,20.000
109,稻穀,稉種(蓬萊),嘉義市,20.850,21.590,21.340,21.620,22.170,21.500,19.860,20.170,20.090,20.000,20.000,19.890,21.940
109,稻穀,稉種(蓬萊),台南市,20.960,21.360,21.320,21.630,22.170,22.500,20.060,20.320,20.000,19.990,19.680,20.020,22.510
109,稻穀,稉種(蓬萊),高雄市,19.860,,,,,20.090,19.670,,,,19.830,,
110,稻穀,稉種(蓬萊),宜蘭縣,20.700,20.760,20.760,20.760,20.760,20.760,20.960,20.620,20.610,20.610,20.610,20.610,20.610
110,稻穀,稉種(蓬萊),桃園市,21.150,19.370,20.760,21.890,22.210,22.590,22.880,20.640,20.650,20.750,20.750,20.630,20.630
110,稻穀,稉種(蓬萊),新竹縣,21.620,20.190,22.600,23.000,23.000,23.000,22.860,20.560,20.660,21.000,21.000,20.780,20.830
110,稻穀,稉種(蓬萊),苗栗縣,21.220,19.200,,,21.560,21.980,22.340,21.440,21.310,21.490,21.490,20.640,20.720
110,稻穀,稉種(蓬萊),彰化縣,22.250,22.630,23.900,24.190,23.330,23.190,22.100,20.510,20.720,20.810,20.840,21.700,23.020
110,稻穀,稉種(蓬萊),南投縣,22.320,22.360,23.900,24.220,23.530,23.250,22.440,20.530,20.830,20.830,20.830,21.750,23.330
110,稻穀,稉種(蓬萊),雲林縣,22.140,22.510,24.120,24.080,23.280,23.040,22.020,20.570,20.820,20.830,20.630,21.130,22.620
110,稻穀,稉種(蓬萊),嘉義縣,22.060,22.740,24.410,24.100,23.000,22.840,21.470,20.220,20.690,20.740,20.470,21.170,22.850
110,稻穀,稉種(蓬萊),屏東縣,22.120,22.720,24.670,24.010,22.770,22.690,21.700,20.400,20.770,20.840,20.930,21.550,22.400
110,稻穀,稉種(蓬萊),台東縣,25.280,24.840,24.840,24.840,24.840,24.840,24.930,26.020,26.100,26.100,26.100,24.820,25.140
110,稻穀,稉種(蓬萊),花蓮縣,23.000,22.540,22.540,22.540,22.540,22.540,23.180,23.520,23.520,23.520,23.520,23.030,23.030
110,稻穀,稉種(蓬萊),台中市,22.380,20.000,23.820,23.810,23.830,23.750,23.690,23.170,21.350,21.170,21.170,21.320,21.500
110,稻穀,稉種(蓬萊),嘉義市,22.010,22.580,24.730,23.980,23.100,22.900,21.460,20.320,20.660,20.670,20.340,20.690,22.650
110,稻穀,稉種(蓬萊),台南市,22.280,23.140,24.320,24.150,22.880,23.530,21.830,20.670,21.000,20.730,20.610,21.910,22.540
110,稻穀,稉種(蓬萊),高雄市,20.680,,,,,,,,22.630,21.280,18.120,,
111,稻穀,稉種(蓬萊),宜蘭縣,21.440,20.610,20.610,20.610,20.610,20.610,20.890,22.190,22.190,22.190,22.190,22.270,22.270
111,稻穀,稉種(蓬萊),桃園市,21.490,20.740,20.740,20.740,20.740,20.740,20.740,21.780,21.980,21.980,21.980,22.540,23.130
111,稻穀,稉種(蓬萊),新竹縣,22.110,21.170,21.890,21.890,21.890,21.900,22.160,22.020,22.000,22.130,22.390,22.840,23.000
111,稻穀,稉種(蓬萊),苗栗縣,21.350,20.720,20.720,20.720,20.720,20.720,20.720,21.450,21.500,21.500,21.500,22.920,23.000
111,稻穀,稉種(蓬萊),彰化縣,22.870,22.640,22.570,22.520,22.750,23.260,22.820,22.280,22.270,22.690,23.260,23.680,23.690
111,稻穀,稉種(蓬萊),南投縣,22.890,22.500,22.500,22.500,22.950,23.570,22.840,22.060,22.330,22.710,23.330,23.660,23.690
111,稻穀,稉種(蓬萊),雲林縣,22.860,22.550,22.460,22.420,23.240,23.390,22.380,22.090,22.170,22.750,23.220,23.780,23.820
111,稻穀,稉種(蓬萊),嘉義縣,22.970,22.720,22.640,22.500,23.480,23.730,22.490,22.180,22.250,22.780,23.350,23.690,23.850
111,稻穀,稉種(蓬萊),屏東縣,22.880,22.810,22.500,22.470,23.350,23.850,22.450,22.140,22.130,22.750,23.110,23.450,23.590
111,稻穀,稉種(蓬萊),台東縣,25.200,25.170,25.170,25.170,25.170,25.170,25.010,25.090,25.090,25.090,25.090,25.450,25.770
111,稻穀,稉種(蓬萊),花蓮縣,23.020,22.940,22.940,22.940,22.940,22.940,22.940,22.940,23.020,23.030,23.030,23.030,23.490
111,稻穀,稉種(蓬萊),台中市,22.190,22.220,22.220,22.220,22.220,22.220,22.220,22.190,22.290,22.290,22.290,22.680,21.250
111,稻穀,稉種(蓬萊),嘉義市,22.920,22.670,22.670,22.620,23.410,23.930,22.250,22.000,22.220,22.690,23.330,23.680,23.590
111,稻穀,稉種(蓬萊),台南市,22.960,22.540,22.500,22.500,23.420,23.550,22.480,22.290,22.290,23.050,23.210,23.710,23.970
112,稻穀,稉種(蓬萊),宜蘭縣,22.820,22.270,22.270,22.270,22.270,22.270,22.470,23.260,23.240,23.240,23.240,23.270,23.820
112,稻穀,稉種(蓬萊),桃園市,22.880,23.130,23.130,23.130,23.390,23.620,23.620,22.050,21.920,21.950,21.950,22.680,23.930
112,稻穀,稉種(蓬萊),新竹縣,22.920,23.110,23.320,23.470,23.880,24.130,24.160,21.810,21.400,21.400,21.400,22.350,24.570
112,稻穀,稉種(蓬萊),苗栗縣,22.630,23.000,23.000,23.000,23.000,23.000,23.000,21.500,21.420,21.420,21.420,23.310,24.530
112,稻穀,稉種(蓬萊),彰化縣,24.000,24.040,24.310,24.560,25.130,25.130,23.580,22.100,22.250,22.770,23.110,24.550,26.460
112,稻穀,稉種(蓬萊),南投縣,23.980,24.180,24.390,24.590,25.140,25.230,23.520,22.170,22.230,22.760,23.130,24.040,26.330
112,稻穀,稉種(蓬萊),雲林縣,24.100,24.070,24.220,24.580,25.370,24.960,23.380,22.200,22.410,23.030,23.550,24.760,26.690
112,稻穀,稉種(蓬萊),嘉義縣,24.130,24.260,24.340,24.750,25.220,25.130,24.000,22.300,22.240,22.730,23.460,24.520,26.620
112,稻穀,稉種(蓬萊),屏東縣,23.990,23.850,24.340,24.680,25.040,24.760,23.330,22.270,22.220,23.120,23.410,24.390,26.510
112,稻穀,稉種(蓬萊),台東縣,26.030,25.880,25.880,25.880,25.880,25.880,25.930,26.240,26.260,26.260,26.260,25.880,26.130
112,稻穀,稉種(蓬萊),花蓮縣,23.740,23.670,23.670,23.670,23.670,23.670,23.670,23.670,23.670,23.670,23.670,23.670,24.450
112,稻穀,稉種(蓬萊),台中市,23.290,21.250,24.170,24.430,24.840,24.750,23.570,21.880,21.930,22.170,22.620,23.410,24.420
112,稻穀,稉種(蓬萊),嘉義市,24.140,24.240,24.330,24.760,25.330,25.120,23.950,22.270,22.320,22.770,23.470,24.520,26.600
112,稻穀,稉種(蓬萊),台南市,23.960,24.290,24.500,24.760,25.070,24.990,23.250,22.440,22.550,22.770,22.790,23.550,26.540
113,稻穀,稉種(蓬萊),宜蘭縣,23.590,24.170,24.170,24.170,24.170,24.170,24.170,24.170,23.350,22.720,22.590,22.590,22.590
113,稻穀,稉種(蓬萊),桃園市,23.570,24.040,24.040,24.040,24.040,24.040,24.040,22.630,22.500,22.500,22.500,23.270,25.140
113,稻穀,稉種(蓬萊),新竹縣,23.790,24.580,24.580,24.580,24.580,24.580,24.580,22.840,22.250,22.250,22.250,23.130,25.330
113,稻穀,稉種(蓬萊),苗栗縣,23.960,24.530,24.530,24.530,24.530,24.530,24.530,22.710,22.640,22.640,22.640,24.630,25.080
113,稻穀,稉種(蓬萊),彰化縣,25.280,26.570,26.570,26.350,26.330,25.320,22.920,23.090,24.040,24.720,24.840,25.830,26.780
113,稻穀,稉種(蓬萊),南投縣,25.620,26.330,26.330,26.330,26.330,26.330,26.330,24.950,23.770,24.290,24.970,25.220,26.270
113,稻穀,稉種(蓬萊),雲林縣,25.260,26.740,26.670,26.600,26.540,25.230,21.900,22.970,24.080,24.900,24.960,25.760,26.790
113,稻穀,稉種(蓬萊),嘉義縣,25.230,26.660,26.580,26.420,26.370,26.080,22.240,23.110,23.610,24.700,24.870,25.860,26.310
113,稻穀,稉種(蓬萊),屏東縣,25.130,26.700,26.660,26.660,26.420,24.320,23.330,23.410,24.160,24.160,24.160,25.220,26.360
113,稻穀,稉種(蓬萊),台東縣,26.350,26.270,26.270,26.270,26.270,26.270,26.100,26.550,26.560,26.560,26.560,26.320,26.170
113,稻穀,稉種(蓬萊),花蓮縣,25.030,24.950,24.950,24.950,24.950,24.970,24.980,24.980,24.980,24.980,24.980,24.980,25.730
113,稻穀,稉種(蓬萊),台中市,24.210,25.000,25.000,25.000,25.120,25.190,23.940,23.260,22.810,22.750,22.850,24.610,24.980
113,稻穀,稉種(蓬萊),嘉義市,25.220,26.670,26.670,26.430,26.330,26.040,22.230,23.070,23.650,24.700,24.850,25.800,26.250
113,稻穀,稉種(蓬萊),台南市,26.000,26.540,26.540,26.540,26.540,26.510,25.620,25.620,25.620,25.620,25.620,25.620,25.620
113,稻穀,稉種(蓬萊),高雄市,24.440,,,,,,23.000,23.060,25.000,25.000,25.000,25.000,25.000
114,稻穀,稉種(蓬萊),宜蘭縣,23.800,22.590,22.590,22.590,22.590,22.590,22.590,22.590,24.690,25.000,25.920,25.920,25.920
114,稻穀,稉種(蓬萊),桃園市,24.830,25.140,25.140,25.140,25.140,25.140,25.140,24.510,24.170,24.170,24.170,24.530,25.590
114,稻穀,稉種(蓬萊),新竹縣,24.860,25.330,25.330,25.330,25.330,25.330,25.330,24.560,24.170,24.170,24.170,24.310,25.000
114,稻穀,稉種(蓬萊),苗栗縣,24.730,25.080,25.080,25.080,25.080,25.080,25.080,24.250,24.170,24.170,24.170,24.670,24.860
114,稻穀,稉種(蓬萊),彰化縣,26.290,26.640,26.500,26.480,26.430,26.430,26.430,26.340,26.010,25.950,25.950,26.020,26.350
114,稻穀,稉種(蓬萊),南投縣,26.030,26.000,26.000,26.000,26.000,26.000,26.000,26.000,26.000,26.000,26.000,26.000,26.350
114,稻穀,稉種(蓬萊),雲林縣,26.270,26.560,26.380,26.380,26.490,26.580,26.330,25.890,25.820,25.820,25.980,26.160,26.850
114,稻穀,稉種(蓬萊),嘉義縣,25.750,26.060,25.960,25.920,26.210,26.320,25.520,24.970,24.980,25.320,25.350,25.660,26.700
114,稻穀,稉種(蓬萊),屏東縣,25.480,25.030,25.000,25.000,26.220,25.910,25.430,25.110,25.000,25.070,25.350,25.990,26.660
114,稻穀,稉種(蓬萊),台東縣,26.380,26.170,26.170,26.170,26.170,26.170,26.150,26.540,26.610,26.610,26.610,26.680,26.450
114,稻穀,稉種(蓬萊),花蓮縣,26.300,26.200,26.200,26.200,26.200,26.200,26.200,26.200,26.200,26.370,26.550,26.550,26.550
114,稻穀,稉種(蓬萊),台中市,25.220,24.980,24.980,24.980,25.170,25.320,25.320,25.320,25.320,25.320,25.320,25.320,25.320
114,稻穀,稉種(蓬萊),嘉義市,25.710,26.000,25.900,25.890,26.260,26.400,25.430,24.990,25.000,25.240,25.330,25.600,26.530
114,稻穀,稉種(蓬萊),台南市,26.430,25.620,25.590,26.210,26.250,26.740,26.670,26.670,26.670,26.670,26.670,26.670,26.670
114,稻穀,稉種(蓬萊),高雄市,25.570,25.000,25.000,25.000,25.000,25.290,26.040,26.260,26.260,26.260,,,
115,稻穀,稉種(蓬萊),宜蘭縣,25.920,25.920,25.920,25.920,25.920,25.920,25.920,25.920,25.920,,,,
115,稻穀,稉種(蓬萊),桃園市,25.100,25.590,25.590,25.590,25.590,25.590,25.590,23.700,23.580,,,,
115,稻穀,稉種(蓬萊),新竹縣,24.450,25.000,25.000,25.000,25.000,25.000,25.000,23.000,22.590,,,,
115,稻穀,稉種(蓬萊),苗栗縣,24.320,24.860,24.860,24.860,24.860,24.860,24.860,22.750,22.670,,,,
115,稻穀,稉種(蓬萊),彰化縣,26.660,26.820,27.920,28.290,28.270,27.380,25.530,24.630,24.400,,,,
115,稻穀,稉種(蓬萊),南投縣,26.440,26.850,27.430,27.670,27.670,27.670,,24.000,23.800,,,,
115,稻穀,稉種(蓬萊),雲林縣,26.410,27.180,27.760,27.910,27.890,26.660,25.090,24.370,24.390,,,,
115,稻穀,稉種(蓬萊),嘉義縣,26.370,26.620,26.620,26.620,26.620,26.620,26.620,26.620,24.640,,,,
115,稻穀,稉種(蓬萊),屏東縣,26.230,27.050,28.090,28.330,28.070,26.130,24.200,23.740,24.240,,,,
115,稻穀,稉種(蓬萊),台東縣,26.840,26.450,26.450,26.450,26.450,26.450,27.320,27.570,27.570,,,,
115,稻穀,稉種(蓬萊),花蓮縣,26.550,26.550,26.550,26.550,26.550,26.550,26.550,26.550,26.550,,,,
115,稻穀,稉種(蓬萊),台中市,25.320,25.320,25.320,25.320,25.320,25.320,25.320,25.320,25.320,,,,
115,稻穀,稉種(蓬萊),嘉義市,26.330,26.330,26.330,26.330,26.330,26.330,26.330,26.330,26.330,,,,
115,稻穀,稉種(蓬萊),台南市,26.670,26.670,26.670,26.670,26.670,26.670,26.670,26.670,26.670,,,,
115,稻穀,稉種(蓬萊),高雄市,26.800,26.450,26.460,27.980,27.980,,25.460,26.540,26.760,,,,
82,稻穀,硬秈(在來),彰化縣,17.240,16.670,16.720,17.130,17.500,17.500,17.500,17.060,17.000,17.000,17.160,17.990,17.650
82,稻穀,硬秈(在來),雲林縣,16.300,15.830,15.830,16.860,16.920,16.740,16.310,15.740,15.930,15.860,16.280,16.620,16.670
82,稻穀,硬秈(在來),台南縣,16.240,15.880,16.330,16.340,16.340,16.340,16.340,16.340,15.400,15.330,15.410,17.070,17.720
82,稻穀,硬秈(在來),屏東縣,16.390,15.500,15.500,16.580,17.500,17.500,16.720,15.830,16.010,,,,
82,稻穀,硬秈(在來),花蓮縣,16.950,,17.220,16.670,,,,,,,,,
82,稻穀,硬秈(在來),嘉義市,17.000,,,,,,,,,17.000,,,
83,稻穀,硬秈(在來),苗栗縣,15.440,,,,,,,15.000,15.500,15.830,,,
83,稻穀,硬秈(在來),台中縣,16.150,,,,,,,14.890,16.060,16.330,16.330,16.640,16.670
83,稻穀,硬秈(在來),彰化縣,16.900,17.690,18.000,18.000,17.350,16.880,16.310,16.000,16.000,16.000,16.040,16.990,17.500
83,稻穀,硬秈(在來),雲林縣,16.310,16.950,17.250,17.670,17.620,17.200,16.670,14.840,15.580,15.540,15.210,15.530,15.670
83,稻穀,硬秈(在來),台南縣,16.480,17.670,17.840,18.040,18.330,16.810,15.680,15.240,15.480,15.560,15.000,15.810,16.330
83,稻穀,硬秈(在來),屏東縣,16.220,,,,,15.830,16.300,15.830,16.180,16.560,15.860,16.530,16.670
84,稻穀,硬秈(在來),台中縣,16.950,16.950,,,,,,,,,,,
84,稻穀,硬秈(在來),彰化縣,19.360,18.300,19.100,19.330,19.890,19.950,18.830,18.860,19.980,20.000,,,
84,稻穀,硬秈(在來),雲林縣,18.460,16.400,17.710,18.170,18.170,18.170,18.170,17.800,18.220,18.360,18.600,19.620,22.100
84,稻穀,硬秈(在來),台南縣,18.240,16.450,18.800,19.170,19.610,19.810,18.020,16.830,17.710,18.000,18.000,,
84,稻穀,硬秈(在來),屏東縣,19.170,17.180,18.690,19.610,19.170,18.500,17.300,17.770,19.220,20.000,20.000,20.280,22.260
85,稻穀,硬秈(在來),新北市,16.660,,,,16.660,,,,,,,,
85,稻穀,硬秈(在來),雲林縣,22.420,24.220,24.240,24.240,24.240,24.240,24.240,21.670,21.660,20.720,19.750,19.800,20.000
85,稻穀,硬秈(在來),屏東縣,25.310,24.900,,,,,22.010,23.740,26.180,26.670,26.670,26.500,25.830
86,稻穀,硬秈(在來),雲林縣,18.020,20.000,20.000,20.000,20.000,19.460,16.480,16.470,16.650,16.670,16.670,16.820,16.960
86,稻穀,硬秈(在來),屏東縣,19.640,25.640,25.000,23.490,23.250,20.670,15.950,16.000,16.670,16.670,17.370,17.500,17.500
87,稻穀,硬秈(在來),雲林縣,16.740,17.000,17.000,17.000,17.000,16.940,15.750,16.480,16.500,16.500,16.500,17.080,17.170
87,稻穀,硬秈(在來),屏東縣,17.590,17.500,17.500,17.500,17.500,17.500,16.890,16.670,16.960,17.510,17.670,18.260,19.570
88,稻穀,硬秈(在來),雲林縣,17.220,17.170,17.170,17.170,17.170,17.170,17.170,17.170,17.170,17.170,17.170,17.420,17.500
88,稻穀,硬秈(在來),屏東縣,19.550,20.000,20.230,20.830,20.830,20.500,18.200,18.140,17.490,18.390,19.160,20.050,20.830
89,稻穀,硬秈(在來),雲林縣,17.080,17.500,17.530,18.330,18.330,17.440,16.240,16.670,16.670,16.670,16.670,16.520,16.330
89,稻穀,硬秈(在來),屏東縣,18.740,21.310,20.740,20.360,19.930,18.130,16.780,17.490,17.630,17.680,18.220,18.330,18.330
90,稻穀,硬秈(在來),雲林縣,16.690,16.330,16.670,16.670,16.670,16.210,15.830,16.640,16.670,16.670,16.670,16.950,18.330
90,稻穀,硬秈(在來),台南縣,16.900,,,,,16.900,,,,,,,
90,稻穀,硬秈(在來),屏東縣,17.360,18.330,18.330,18.330,18.330,16.430,15.830,16.620,16.670,,,,
91,稻穀,硬秈(在來),雲林縣,17.890,18.330,18.330,18.330,18.330,18.330,18.080,18.520,18.760,17.640,16.670,16.670,16.670
92,稻穀,硬秈(在來),雲林縣,14.550,16.670,16.330,15.080,15.000,15.000,15.000,14.350,13.660,13.470,12.510,13.350,14.170
93,稻穀,硬秈(在來),彰化縣,18.510,,,,,,,,,,18.330,18.690,
93,稻穀,硬秈(在來),雲林縣,16.160,14.170,14.170,15.620,15.830,15.830,15.750,15.650,16.610,16.670,17.020,18.240,18.330
94,稻穀,硬秈(在來),雲林縣,18.040,18.660,19.170,18.410,18.330,18.300,17.020,16.780,17.330,17.530,18.330,18.330,18.330
95,稻穀,硬秈(在來),雲林縣,18.130,18.330,18.960,18.330,18.330,17.690,17.500,17.840,18.000,18.300,18.240,18.040,18.000
95,稻穀,硬秈(在來),嘉義縣,18.330,,,,,,,,,,,,18.330
95,稻穀,硬秈(在來),嘉義市,18.330,,,,,,,,,,,,18.330
96,稻穀,硬秈(在來),彰化縣,18.760,,,,,18.330,18.250,18.220,17.780,17.920,18.610,20.220,20.730
96,稻穀,硬秈(在來),雲林縣,18.190,18.140,18.330,18.010,18.000,18.000,18.220,17.670,17.670,17.930,18.010,19.170,19.170
96,稻穀,硬秈(在來),嘉義縣,18.290,18.330,,,19.190,18.120,18.130,17.580,17.660,17.710,17.990,18.970,19.240
96,稻穀,硬秈(在來),嘉義市,18.330,18.330,,,,,,,,,,,
97,稻穀,硬秈(在來),彰化縣,20.720,20.770,20.840,21.560,21.950,22.340,21.620,19.170,19.170,19.170,19.710,20.640,21.670
97,稻穀,硬秈(在來),雲林縣,20.330,19.800,20.560,21.620,20.740,20.510,20.370,19.100,19.750,19.860,20.230,20.380,20.980
97,稻穀,硬秈(在來),嘉義縣,20.790,19.820,21.330,21.330,21.610,21.860,21.000,20.510,20.160,20.060,20.210,20.620,20.910
97,稻穀,硬秈(在來),屏東縣,20.840,,,,,21.320,20.930,19.700,20.750,20.830,20.830,20.830,21.560
98,稻穀,硬秈(在來),彰化縣,21.340,21.670,21.620,21.670,21.670,21.670,21.670,20.480,20.830,20.930,21.230,21.170,21.460
98,稻穀,硬秈(在來),雲林縣,20.420,20.780,20.880,20.510,20.600,20.470,20.320,19.730,20.070,20.380,20.550,20.260,20.530
98,稻穀,硬秈(在來),嘉義縣,20.510,21.000,21.000,20.960,20.140,20.000,20.280,20.330,20.620,20.330,20.470,20.500,20.500
98,稻穀,硬秈(在來),屏東縣,21.670,21.670,21.670,21.670,21.670,21.670,,,,,,,
99,稻穀,硬秈(在來),彰化縣,21.330,22.170,23.000,22.120,21.400,21.470,21.180,20.820,20.830,20.830,20.940,20.030,21.110
99,稻穀,硬秈(在來),雲林縣,21.100,21.600,21.650,21.220,20.930,21.130,20.840,21.040,21.260,21.520,20.890,20.360,20.770
99,稻穀,硬秈(在來),嘉義縣,20.850,20.500,20.500,20.500,20.590,20.750,20.830,21.290,21.420,21.620,21.550,20.440,20.240
100,稻穀,硬秈(在來),彰化縣,22.530,21.580,21.670,21.670,22.170,24.760,24.170,24.170,21.960,21.680,22.000,22.050,22.500
100,稻穀,硬秈(在來),雲林縣,20.900,20.530,20.480,20.360,20.960,21.150,20.920,20.530,20.840,21.090,21.220,21.440,21.290
100,稻穀,硬秈(在來),嘉義縣,20.470,20.140,20.000,20.000,20.000,20.000,,20.830,20.830,20.830,20.830,20.830,20.830
101,稻穀,硬秈(在來),彰化縣,21.820,22.500,22.500,21.960,21.670,21.560,21.670,21.720,22.630,22.090,21.470,21.000,21.050
101,稻穀,硬秈(在來),雲林縣,21.600,21.840,22.090,23.310,23.120,22.870,22.290,22.010,21.440,20.210,20.000,20.000,20.000
101,稻穀,硬秈(在來),嘉義縣,20.500,20.830,20.830,20.860,21.000,21.000,21.000,20.160,20.370,20.000,20.000,20.000,20.000
102,稻穀,硬秈(在來),彰化縣,21.730,21.250,21.250,21.250,21.520,21.830,21.830,21.670,21.920,21.840,22.090,22.090,22.210
102,稻穀,硬秈(在來),雲林縣,20.060,20.000,20.000,20.000,20.000,20.000,20.000,19.950,19.750,20.170,20.280,20.180,20.420
102,稻穀,硬秈(在來),嘉義縣,20.800,20.000,20.000,20.000,20.000,20.000,20.000,21.290,21.660,21.660,21.660,21.660,21.660
103,稻穀,硬秈(在來),彰化縣,23.390,22.950,23.830,,,,,,,,,,
103,稻穀,硬秈(在來),雲林縣,21.250,20.550,20.550,20.550,20.550,20.550,21.250,21.600,22.000,22.150,21.810,21.780,21.670
103,稻穀,硬秈(在來),嘉義縣,21.660,21.660,21.660,21.660,21.660,21.660,21.660,21.660,21.660,21.660,21.660,21.660,21.660
104,稻穀,硬秈(在來),雲林縣,21.670,21.670,21.670,21.670,21.670,21.670,21.670,21.670,21.670,21.670,21.670,21.670,21.670
104,稻穀,硬秈(在來),嘉義縣,21.670,21.660,21.660,21.890,22.000,22.000,21.950,21.670,21.670,21.670,21.670,20.760,21.390
105,稻穀,硬秈(在來),雲林縣,22.040,21.670,21.670,21.670,21.670,21.670,21.670,21.710,22.090,22.090,21.950,22.390,24.190
105,稻穀,硬秈(在來),嘉義縣,22.090,21.670,21.670,21.670,21.670,21.670,21.670,22.500,22.500,22.500,22.500,22.500,22.500
105,稻穀,硬秈(在來),屏東縣,24.310,,,,,,,,,,23.670,24.860,24.400
106,稻穀,硬秈(在來),雲林縣,25.010,24.550,24.550,24.840,24.880,25.390,25.390,25.320,25.030,25.050,25.050,25.050,25.050
106,稻穀,硬秈(在來),嘉義縣,22.500,22.500,22.500,22.500,22.500,22.500,22.500,22.500,,22.500,22.500,,
106,稻穀,硬秈(在來),屏東縣,23.460,23.980,23.980,23.980,22.860,22.580,22.580,22.580,23.600,23.850,23.850,23.850,23.850
106,稻穀,硬秈(在來),嘉義市,22.210,,,,,,,,,22.500,22.500,21.670,22.180
106,稻穀,硬秈(在來),台南市,25.830,25.830,,,,,,,,,,,
107,稻穀,硬秈(在來),雲林縣,23.970,25.050,25.050,24.000,24.000,24.000,24.000,23.760,23.530,23.550,23.550,23.550,23.550
107,稻穀,硬秈(在來),嘉義縣,20.370,21.670,21.670,21.670,21.560,20.930,20.950,19.290,19.250,19.250,19.380,19.600,19.230
107,稻穀,硬秈(在來),屏東縣,22.370,23.850,23.850,23.850,23.850,23.270,22.800,21.460,20.700,20.550,20.550,21.020,22.680
107,稻穀,硬秈(在來),嘉義市,20.530,22.260,22.000,22.000,21.960,21.400,20.940,19.580,19.330,19.330,19.330,19.250,18.920
108,稻穀,硬秈(在來),雲林縣,23.550,23.550,23.550,23.550,23.550,23.550,23.550,23.550,23.550,23.550,23.550,23.550,23.550
108,稻穀,硬秈(在來),嘉義縣,19.260,19.230,19.230,19.040,18.870,18.720,18.320,18.220,19.420,19.630,19.870,20.350,20.170
108,稻穀,硬秈(在來),屏東縣,19.970,21.970,20.850,20.360,20.150,20.050,19.860,19.060,18.840,19.160,19.190,19.720,20.410
108,稻穀,硬秈(在來),嘉義市,19.360,19.170,19.170,19.170,19.170,19.170,18.580,17.860,19.010,19.870,20.210,20.610,20.330
109,稻穀,硬秈(在來),雲林縣,23.430,23.550,23.550,23.550,23.550,23.550,23.550,23.550,23.040,23.000,,,
109,稻穀,硬秈(在來),嘉義縣,20.040,20.170,20.170,20.170,20.170,20.170,19.910,19.840,19.840,19.970,20.000,20.000,20.050
109,稻穀,硬秈(在來),屏東縣,20.750,20.830,20.550,20.590,20.830,20.830,20.520,20.830,20.830,20.830,20.830,20.390,21.150
109,稻穀,硬秈(在來),嘉義市,20.300,20.330,20.330,20.330,20.330,20.330,20.330,20.330,20.330,20.330,20.330,20.100,20.220
110,稻穀,硬秈(在來),嘉義縣,22.200,21.380,21.670,21.800,22.090,22.090,22.260,22.500,22.500,22.500,22.500,22.500,22.640
110,稻穀,硬秈(在來),屏東縣,22.280,21.150,22.690,23.010,,,,,,,,,
110,稻穀,硬秈(在來),嘉義市,22.260,21.670,21.670,21.830,22.170,22.170,22.310,22.500,22.500,22.500,22.500,22.570,22.670
111,稻穀,硬秈(在來),嘉義縣,22.880,23.610,23.830,,,,22.000,22.230,22.320,22.600,22.840,23.170,23.280
111,稻穀,硬秈(在來),嘉義市,23.370,22.810,23.670,23.670,24.170,24.170,22.500,22.500,22.720,23.170,23.460,23.960,23.590
112,稻穀,硬秈(在來),嘉義縣,25.350,25.380,26.330,26.460,26.670,26.670,24.170,24.170,24.260,24.740,25.000,25.000,
112,稻穀,硬秈(在來),嘉義市,24.630,23.670,23.670,24.720,26.110,26.670,24.170,24.260,24.210,24.170,,,
113,稻穀,硬秈(在來),雲林縣,23.750,,27.500,27.190,26.840,24.170,22.110,20.830,20.830,20.830,22.040,23.890,25.030
113,稻穀,硬秈(在來),嘉義縣,23.110,25.460,25.170,25.170,25.200,25.250,23.700,21.090,21.530,21.030,20.920,20.990,21.850
113,稻穀,硬秈(在來),嘉義市,23.020,25.180,25.000,25.000,25.070,25.170,23.710,20.960,21.460,20.960,20.830,20.910,21.930
113,稻穀,硬秈(在來),台南市,26.660,26.660,26.660,26.660,26.660,26.660,,,,,,,
114,稻穀,硬秈(在來),雲林縣,25.250,25.830,25.060,25.000,25.280,25.290,25.000,25.000,25.230,25.500,25.190,25.300,25.330
114,稻穀,硬秈(在來),嘉義縣,23.450,22.030,22.390,22.420,22.420,22.420,22.450,23.890,23.920,24.400,25.210,24.920,24.920
114,稻穀,硬秈(在來),嘉義市,23.490,22.120,22.470,22.500,22.500,22.500,22.530,23.820,23.830,24.330,25.290,25.000,25.000
115,稻穀,硬秈(在來),彰化縣,24.790,25.000,25.000,25.000,25.000,25.000,24.830,24.250,24.250,,,,
115,稻穀,硬秈(在來),雲林縣,24.790,25.330,25.330,25.010,25.000,25.000,25.000,24.340,23.330,,,,
115,稻穀,硬秈(在來),嘉義縣,24.920,24.920,24.920,24.920,24.920,24.920,24.920,24.920,24.920,,,,
115,稻穀,硬秈(在來),嘉義市,25.000,25.000,25.000,25.000,25.000,25.000,25.000,25.000,25.000,,,,
82,稻穀,軟秈,彰化縣,18.190,16.880,17.380,18.930,20.390,20.240,19.280,16.210,16.620,16.920,17.300,19.130,18.970
82,稻穀,軟秈,南投縣,17.020,16.000,16.050,17.290,17.900,18.000,17.570,15.690,16.260,16.400,16.870,17.870,18.320
82,稻穀,軟秈,雲林縣,17.960,16.860,17.280,18.500,20.180,20.330,18.520,15.900,16.300,16.670,16.830,18.950,19.170
82,稻穀,軟秈,嘉義縣,17.690,17.440,18.000,18.670,19.110,19.320,16.380,15.540,16.650,17.000,17.320,18.570,18.310
82,稻穀,軟秈,嘉義市,17.700,17.440,18.000,18.670,19.170,19.320,16.380,15.540,16.650,17.000,17.320,18.570,18.310
83,稻穀,軟秈,彰化縣,17.540,19.240,19.910,20.400,19.720,17.600,15.850,15.210,15.740,15.990,15.750,17.350,17.770
83,稻穀,軟秈,南投縣,16.860,18.180,18.800,18.980,18.500,17.340,15.970,14.610,15.390,15.700,15.370,16.430,16.990
83,稻穀,軟秈,雲林縣,17.640,18.830,18.830,20.250,20.280,19.300,16.610,15.500,15.510,15.960,16.000,16.910,17.670
83,稻穀,軟秈,嘉義縣,16.770,18.490,18.830,18.530,17.590,15.770,14.740,15.210,15.790,15.740,15.670,17.420,17.510
83,稻穀,軟秈,嘉義市,16.770,18.490,18.830,18.530,17.590,15.770,14.740,15.210,15.790,15.730,15.680,17.420,17.510
84,稻穀,軟秈,宜蘭縣,17.520,,,,,,,,16.960,17.000,17.170,17.970,18.490
84,稻穀,軟秈,桃園市,18.050,,,,,,,,17.670,17.430,17.610,18.450,19.100
84,稻穀,軟秈,台中縣,18.330,18.000,,,,,18.500,18.500,,,,,
84,稻穀,軟秈,彰化縣,19.370,18.350,19.970,20.540,20.650,20.600,19.380,17.870,18.660,18.570,18.530,19.380,19.990
84,稻穀,軟秈,南投縣,18.970,17.780,19.330,20.620,20.530,20.150,18.580,17.760,18.270,18.310,18.060,19.260,19.000
84,稻穀,軟秈,雲林縣,19.500,18.280,19.610,20.830,20.830,20.830,20.500,18.210,18.580,18.670,18.670,19.110,19.850
84,稻穀,軟秈,嘉義縣,18.950,18.480,20.310,20.610,20.640,19.980,16.960,17.340,18.330,18.040,18.090,19.090,19.470
84,稻穀,軟秈,台南縣,18.110,,,,,,,,,,18.000,18.000,18.330
84,稻穀,軟秈,嘉義市,18.950,18.480,20.310,20.610,20.640,19.980,16.960,17.340,18.330,18.040,18.090,19.090,19.470
85,稻穀,軟秈,新北市,17.770,,,,17.770,,,,,,,,
85,稻穀,軟秈,宜蘭縣,18.170,19.920,20.100,20.500,,,,17.670,17.670,17.320,16.580,16.210,17.540
85,稻穀,軟秈,桃園市,18.110,20.290,20.500,,,,,18.000,18.000,17.690,16.810,16.670,16.890
85,稻穀,軟秈,彰化縣,20.200,21.670,21.960,22.610,22.300,22.330,21.440,19.280,18.420,18.060,17.440,17.620,19.240
85,稻穀,軟秈,南投縣,19.790,20.740,21.000,21.350,21.810,22.500,22.430,19.940,18.100,17.770,16.820,16.730,18.280
85,稻穀,軟秈,雲林縣,20.110,21.840,21.670,21.780,22.410,22.500,22.500,19.210,17.850,17.830,17.140,17.500,19.110
85,稻穀,軟秈,嘉義縣,19.840,20.990,21.060,21.720,21.670,21.890,21.400,19.740,18.000,18.000,17.390,17.180,18.980
85,稻穀,軟秈,台南縣,19.540,19.780,20.620,21.220,21.330,21.940,22.000,20.890,18.330,17.780,16.880,16.560,17.200
85,稻穀,軟秈,嘉義市,19.840,20.990,21.060,21.720,21.670,21.890,21.400,19.740,18.000,18.000,17.390,17.180,18.980
86,稻穀,軟秈,宜蘭縣,16.720,18.000,17.950,17.670,17.460,15.700,15.210,15.300,15.760,15.670,16.270,17.380,18.260
86,稻穀,軟秈,桃園市,17.190,,,,,,,16.790,16.730,16.670,17.360,18.400,
86,稻穀,軟秈,彰化縣,18.080,19.880,19.880,19.690,18.790,16.530,15.830,16.170,16.740,16.940,17.750,19.160,19.580
86,稻穀,軟秈,南投縣,17.480,18.520,18.750,18.750,18.750,18.310,17.100,15.340,15.580,15.700,15.700,18.460,18.740
86,稻穀,軟秈,雲林縣,18.190,19.670,19.670,19.470,19.240,17.640,16.180,16.140,16.670,16.750,17.680,19.270,19.890
86,稻穀,軟秈,嘉義縣,18.170,19.590,19.400,19.330,19.180,17.840,16.220,16.500,17.220,17.000,17.480,18.890,19.380
86,稻穀,軟秈,台南縣,17.640,18.280,18.330,20.200,19.400,17.790,15.830,16.090,16.330,16.330,16.440,18.100,18.500
86,稻穀,軟秈,嘉義市,18.170,19.590,19.400,19.330,19.180,17.840,16.220,16.500,17.220,17.000,17.480,18.890,19.380
87,稻穀,軟秈,宜蘭縣,17.830,18.330,18.970,19.170,,,,16.550,16.750,16.830,17.270,18.150,18.470
87,稻穀,軟秈,桃園市,17.840,,,,,,,17.480,17.870,18.000,18.000,,
87,稻穀,軟秈,彰化縣,19.140,19.720,20.020,20.410,21.080,19.510,16.900,17.360,17.920,18.000,18.520,19.980,20.300
87,稻穀,軟秈,南投縣,18.480,18.740,19.650,19.920,20.000,19.810,17.140,16.910,17.290,17.890,18.000,18.180,18.240
87,稻穀,軟秈,雲林縣,18.930,19.670,19.970,19.910,20.000,18.960,16.400,17.050,18.160,18.330,18.580,19.760,20.420
87,稻穀,軟秈,嘉義縣,18.710,19.330,19.920,20.590,21.330,19.200,16.280,17.150,17.330,17.690,18.320,,
87,稻穀,軟秈,台南縣,18.560,18.500,18.680,20.160,21.330,19.130,15.730,16.560,17.530,18.330,18.510,19.030,19.250
87,稻穀,軟秈,嘉義市,18.720,19.330,19.920,20.590,21.330,19.300,16.210,17.150,17.330,17.690,18.320,,
88,稻穀,軟秈,宜蘭縣,18.120,19.470,20.430,20.830,,,,16.670,16.670,16.670,16.410,17.320,18.580
88,稻穀,軟秈,桃園市,16.900,,,,,,,17.000,17.000,17.000,16.820,16.670,
88,稻穀,軟秈,彰化縣,19.820,21.650,22.220,22.690,21.790,22.920,19.440,17.400,17.080,17.170,16.730,18.900,19.790
88,稻穀,軟秈,南投縣,19.500,19.480,20.930,21.900,21.670,21.250,21.130,18.340,18.000,17.550,17.150,17.150,
88,稻穀,軟秈,雲林縣,19.480,21.610,22.670,22.570,21.530,20.940,19.180,17.440,16.990,16.680,16.670,18.270,19.170
88,稻穀,軟秈,台南縣,19.570,20.000,21.170,22.520,22.000,21.250,18.670,18.670,18.670,18.550,17.210,17.770,18.330
89,稻穀,軟秈,宜蘭縣,16.720,19.170,19.170,18.900,18.140,15.830,,14.410,15.050,15.000,15.210,16.020,17.050
89,稻穀,軟秈,桃園市,15.370,,,,,,,14.750,15.390,15.670,15.670,,
89,稻穀,軟秈,彰化縣,17.680,20.360,20.330,19.820,18.460,17.370,16.090,14.880,15.730,15.830,16.400,18.000,18.840
89,稻穀,軟秈,雲林縣,17.500,19.170,19.210,20.280,19.490,17.700,16.000,14.720,15.730,16.000,16.260,17.220,18.250
89,稻穀,軟秈,台南縣,17.560,19.460,20.000,20.000,19.640,17.450,16.130,15.550,15.330,15.330,16.450,17.330,18.010
90,稻穀,軟秈,宜蘭縣,17.260,16.830,16.890,17.030,16.880,15.670,,16.530,16.320,16.250,18.120,19.730,19.630
90,稻穀,軟秈,桃園市,17.720,,,,,,,,17.000,17.070,19.090,,
90,稻穀,軟秈,彰化縣,18.530,18.460,18.800,18.670,18.320,16.710,17.060,17.870,17.780,17.640,19.530,20.990,20.580
90,稻穀,軟秈,雲林縣,18.220,18.330,18.330,18.330,18.170,16.480,16.110,17.790,17.780,17.260,19.200,20.140,20.760
90,稻穀,軟秈,台南縣,17.990,18.330,18.330,18.330,17.980,16.400,16.290,17.040,17.170,17.210,19.050,19.750,20.000
91,稻穀,軟秈,宜蘭縣,16.030,20.500,,,,,,17.180,16.600,15.370,14.460,14.130,13.960
91,稻穀,軟秈,彰化縣,19.090,21.790,23.240,23.410,24.320,21.440,18.290,18.010,17.180,16.070,15.150,14.920,15.310
91,稻穀,軟秈,雲林縣,18.770,20.970,22.100,22.840,22.670,22.550,19.300,17.820,17.170,15.330,14.670,14.670,15.140
91,稻穀,軟秈,台南縣,17.650,21.240,23.000,,,18.090,18.160,17.960,17.510,16.050,14.880,14.670,14.980
92,稻穀,軟秈,宜蘭縣,13.890,13.770,,,,,,13.950,13.830,14.000,,,
92,稻穀,軟秈,彰化縣,15.430,15.390,16.400,16.520,16.280,15.520,15.170,13.830,14.000,14.170,14.320,16.180,17.330
92,稻穀,軟秈,雲林縣,14.670,15.080,15.000,15.000,15.000,15.180,15.230,13.800,13.830,14.160,14.370,14.680,
93,稻穀,軟秈,宜蘭縣,18.170,,,,,,,,16.000,17.010,18.200,19.800,19.860
93,稻穀,軟秈,彰化縣,19.240,17.980,20.180,20.380,21.310,19.780,18.340,16.380,16.670,17.920,19.010,21.200,21.670
93,稻穀,軟秈,台南縣,18.450,,,,,18.670,18.390,17.270,16.690,17.040,18.220,20.150,21.190
94,稻穀,軟秈,宜蘭縣,19.160,20.150,20.000,20.000,20.000,19.700,18.050,17.880,18.330,18.440,19.070,19.170,19.170
94,稻穀,軟秈,彰化縣,20.190,21.670,21.670,21.400,21.180,20.110,17.260,17.740,19.060,19.360,20.120,21.120,21.540
94,稻穀,軟秈,南投縣,17.270,,,,,,,17.270,,,,,
94,稻穀,軟秈,台南縣,19.850,21.440,20.830,20.740,20.810,20.040,17.420,17.660,18.980,19.260,20.080,20.500,20.400
95,稻穀,軟秈,宜蘭縣,18.200,19.060,19.000,18.880,18.160,17.300,17.000,17.420,18.000,18.270,18.760,18.480,18.020
95,稻穀,軟秈,台中縣,18.560,,,,,,,,,,19.350,18.530,17.810
95,稻穀,軟秈,彰化縣,18.900,20.540,19.840,19.630,18.810,17.770,17.760,18.650,18.730,19.400,19.040,18.350,18.280
95,稻穀,軟秈,台南縣,20.080,20.350,20.500,20.500,20.500,19.810,19.250,20.000,20.000,20.000,20.000,20.000,20.000
96,稻穀,軟秈,宜蘭縣,16.740,17.870,17.660,17.500,17.500,15.690,15.830,15.400,15.520,15.660,15.960,18.030,18.220
96,稻穀,軟秈,台中縣,17.300,17.660,17.670,17.530,17.500,17.740,17.710,17.480,16.890,16.330,16.600,17.170,
96,稻穀,軟秈,彰化縣,18.000,18.240,17.610,18.440,17.900,18.110,17.990,17.030,16.670,16.610,17.300,19.870,20.220
96,稻穀,軟秈,台南縣,18.150,20.000,19.410,18.840,17.650,17.320,17.100,17.510,17.080,17.150,17.610,19.400,18.750
97,稻穀,軟秈,宜蘭縣,20.220,18.750,19.610,20.090,20.660,21.110,20.980,19.450,19.480,19.650,19.900,20.630,22.370
97,稻穀,軟秈,彰化縣,21.440,20.610,21.430,21.870,21.920,22.140,21.390,19.650,20.420,20.360,21.110,22.310,24.060
97,稻穀,軟秈,台南縣,20.380,19.030,20.170,21.250,20.000,20.210,21.280,20.070,20.050,20.200,19.940,20.170,22.220
98,稻穀,軟秈,宜蘭縣,21.050,22.970,22.820,22.650,22.560,22.280,19.350,19.760,19.810,20.170,20.170,19.940,20.100
98,稻穀,軟秈,彰化縣,22.610,24.170,24.140,23.910,23.970,24.150,23.280,21.030,20.990,21.270,21.280,21.330,21.780
98,稻穀,軟秈,台南縣,21.690,22.400,22.400,22.400,22.400,22.400,21.730,21.620,20.860,21.000,21.000,21.000,21.090
99,稻穀,軟秈,宜蘭縣,18.970,20.620,20.980,20.420,19.670,19.390,19.120,18.430,18.190,18.330,17.980,17.120,17.390
99,稻穀,軟秈,彰化縣,20.870,22.540,22.960,22.500,21.840,21.400,20.980,19.990,19.960,20.070,19.560,18.850,19.820
99,稻穀,軟秈,台南縣,20.630,22.000,22.000,21.750,21.660,21.530,20.860,20.060,20.000,20.000,19.800,18.960,18.930
100,稻穀,軟秈,宜蘭縣,18.900,16.920,16.610,16.570,16.750,19.410,18.990,,19.890,20.390,20.780,20.780,20.780
100,稻穀,軟秈,彰化縣,21.100,19.800,19.730,19.500,19.630,21.650,21.340,20.890,21.750,21.970,22.160,22.110,22.720
100,稻穀,軟秈,台南市,18.930,18.930,18.930,,,,,,,,,,
101,稻穀,軟秈,宜蘭縣,22.430,20.850,20.890,20.900,21.490,21.780,21.780,23.690,23.820,23.720,23.640,23.330,23.210
101,稻穀,軟秈,彰化縣,23.510,22.810,22.740,22.560,22.770,22.640,21.860,23.930,24.910,24.780,24.580,24.350,24.200
102,稻穀,軟秈,宜蘭縣,22.020,22.980,22.830,22.170,21.320,20.720,20.160,22.670,22.410,22.200,22.120,22.220,22.470
102,稻穀,軟秈,彰化縣,23.250,23.810,23.420,22.920,22.480,22.470,22.460,23.620,23.580,23.390,23.480,23.530,23.830
103,稻穀,軟秈,宜蘭縣,22.210,22.590,22.610,22.610,22.610,22.610,22.610,,21.670,21.730,21.750,21.750,21.750
103,稻穀,軟秈,彰化縣,23.110,24.110,24.310,24.230,24.170,24.170,23.840,22.540,21.920,22.000,21.950,21.940,22.110
104,稻穀,軟秈,宜蘭縣,21.530,21.750,21.750,21.750,21.750,21.700,21.280,,21.080,21.080,21.150,21.680,21.900
104,稻穀,軟秈,彰化縣,23.030,22.290,22.400,22.940,23.360,23.290,23.190,23.080,23.000,22.780,22.810,23.000,24.250
104,稻穀,軟秈,台南市,24.500,,,,,,,,,,,,24.500
105,稻穀,軟秈,宜蘭縣,22.110,22.250,22.270,22.460,22.460,22.380,22.250,21.330,21.500,21.500,21.750,22.440,22.670
105,稻穀,軟秈,彰化縣,23.780,24.230,24.250,24.250,24.240,24.090,23.750,23.500,22.640,22.750,22.970,23.840,24.900
106,稻穀,軟秈,宜蘭縣,23.430,22.670,22.670,22.670,22.550,22.500,22.040,24.090,24.090,24.700,25.000,24.290,23.870
106,稻穀,軟秈,彰化縣,24.970,24.920,24.920,24.600,24.070,23.700,23.450,24.600,25.680,26.000,26.000,25.940,25.790
106,稻穀,軟秈,台南市,25.050,26.160,,24.270,24.160,,23.750,24.830,26.330,,,,25.830
107,稻穀,軟秈,宜蘭縣,22.110,23.330,23.330,23.330,23.500,24.420,24.590,21.280,20.480,20.420,20.250,20.170,20.170
107,稻穀,軟秈,彰化縣,23.770,25.820,25.830,25.830,25.830,25.520,24.840,23.270,21.730,21.750,21.720,21.670,21.420
107,稻穀,軟秈,台南市,23.910,,,,26.660,,,22.910,22.160,,,,
108,稻穀,軟秈,宜蘭縣,18.750,20.170,20.170,19.030,18.750,18.750,18.750,,,,,17.300,17.100
108,稻穀,軟秈,彰化縣,19.350,21.260,21.210,20.170,19.250,18.940,18.830,18.880,18.840,18.830,18.790,18.670,18.490
108,稻穀,軟秈,嘉義縣,16.120,,,,,,16.060,15.640,16.670,,,,
108,稻穀,軟秈,台南市,18.340,,,,,,19.160,,18.330,17.870,,,18.000
109,稻穀,軟秈,宜蘭縣,20.160,17.100,17.100,17.100,17.100,17.100,17.100,23.160,23.220,23.220,23.220,23.220,23.220
109,稻穀,軟秈,彰化縣,22.410,18.480,18.640,20.170,22.130,22.250,21.660,24.090,24.620,24.210,24.190,24.110,24.330
109,稻穀,軟秈,台南市,22.500,18.000,18.830,20.570,22.500,,23.330,24.520,24.160,24.160,23.910,,25.000
110,稻穀,軟秈,宜蘭縣,22.050,23.220,23.220,23.220,23.220,23.220,23.220,21.000,20.860,20.860,20.860,20.860,20.860
110,稻穀,軟秈,彰化縣,23.350,25.170,25.910,26.080,,,,22.320,22.000,22.000,22.000,22.130,22.500
110,稻穀,軟秈,台南市,22.430,,,,,,22.920,,21.940,,,,
111,稻穀,軟秈,宜蘭縣,20.860,20.860,20.860,20.860,20.860,20.860,20.860,,,,,,
111,稻穀,軟秈,彰化縣,21.650,22.500,22.500,22.500,22.500,22.500,22.500,20.480,20.160,20.410,20.830,21.410,21.500
111,稻穀,軟秈,台南市,23.960,,,,23.750,24.160,,,,,,,
112,稻穀,軟秈,宜蘭縣,23.050,,,,,,,23.140,23.030,23.030,23.030,23.030,
112,稻穀,軟秈,彰化縣,22.970,21.500,21.520,21.590,23.430,23.150,21.670,22.290,23.120,23.780,24.150,24.450,25.000
113,稻穀,軟秈,彰化縣,25.270,25.000,25.000,25.000,25.000,24.080,23.160,24.560,25.600,25.820,25.840,26.630,27.500
114,稻穀,軟秈,彰化縣,27.500,27.500,27.500,27.500,27.500,27.500,27.500,27.500,27.500,27.500,27.500,27.500,27.500
114,稻穀,軟秈,雲林縣,21.110,,,,,,,21.110,21.110,21.110,21.110,21.110,21.110
115,稻穀,軟秈,彰化縣,27.750,28.560,30.790,31.170,30.980,28.600,24.690,23.750,23.420,,,,
115,稻穀,軟秈,雲林縣,21.110,21.110,21.110,21.110,21.110,21.110,,,,,,,
82,稻穀,圓糯,宜蘭縣,20.160,18.330,17.800,18.330,18.600,18.670,18.520,18.310,19.920,20.830,21.930,25.470,25.210
82,稻穀,圓糯,桃園市,21.140,20.000,20.000,20.000,20.000,20.000,19.710,18.850,20.270,20.910,22.570,25.900,25.450
82,稻穀,圓糯,苗栗縣,21.210,19.900,20.000,20.000,20.000,19.680,19.060,19.300,20.700,21.390,22.450,26.390,25.650
82,稻穀,圓糯,彰化縣,21.540,20.000,20.000,20.160,20.330,20.330,19.870,19.650,20.730,21.000,23.390,27.000,25.990
82,稻穀,圓糯,南投縣,20.690,20.000,20.000,20.000,20.000,20.000,20.000,18.340,19.500,20.500,20.830,24.210,24.950
82,稻穀,圓糯,雲林縣,21.840,20.400,20.420,20.810,20.580,20.580,19.370,19.680,21.490,22.080,23.670,26.810,26.160
82,稻穀,圓糯,嘉義縣,20.950,20.000,20.000,20.000,20.000,20.000,18.370,18.470,19.790,20.000,22.870,26.250,25.670
82,稻穀,圓糯,台南縣,20.880,19.400,19.500,19.500,19.500,19.500,19.500,18.520,20.390,20.830,22.410,26.130,25.330
82,稻穀,圓糯,屏東縣,20.370,18.000,18.000,18.040,18.670,18.670,18.670,18.870,19.360,,23.140,26.530,26.160
82,稻穀,圓糯,台東縣,20.830,,,,,,17.500,17.870,19.430,20.000,21.580,24.830,24.570
82,稻穀,圓糯,花蓮縣,19.940,18.330,18.260,18.430,18.330,18.330,18.330,17.500,19.810,20.000,21.050,25.330,25.560
82,稻穀,圓糯,嘉義市,20.950,20.000,20.000,20.000,20.000,20.000,18.370,18.470,19.790,20.000,22.870,26.250,25.670
83,稻穀,圓糯,宜蘭縣,24.430,25.620,26.670,27.230,28.640,30.000,,21.080,22.200,22.020,20.640,22.440,22.150
83,稻穀,圓糯,桃園市,24.370,26.130,25.180,27.960,29.200,27.660,25.000,22.000,23.020,21.990,21.350,22.230,20.760
83,稻穀,圓糯,苗栗縣,24.410,26.670,26.670,28.160,29.230,26.980,22.970,21.940,23.330,22.200,21.370,21.670,21.670
83,稻穀,圓糯,台中縣,21.810,,,,,,,20.830,22.410,22.110,20.660,22.370,22.500
83,稻穀,圓糯,彰化縣,25.370,27.340,28.000,30.430,31.140,29.840,23.780,21.000,22.850,22.800,21.210,23.180,22.890
83,稻穀,圓糯,南投縣,22.020,24.450,24.450,24.450,,,,19.530,21.340,21.380,20.000,21.770,20.810
83,稻穀,圓糯,雲林縣,24.970,27.090,27.250,30.080,31.220,28.440,22.310,21.930,23.960,22.590,21.430,21.980,21.330
83,稻穀,圓糯,嘉義縣,24.000,26.770,27.650,27.690,30.080,26.670,21.760,21.000,22.020,22.000,20.270,21.470,20.590
83,稻穀,圓糯,台南縣,24.010,25.940,27.020,27.330,27.700,27.070,22.080,21.510,22.610,22.220,21.670,22.110,20.830
83,稻穀,圓糯,屏東縣,24.050,26.530,26.670,27.340,27.520,26.620,22.860,20.910,22.420,22.610,21.210,22.470,21.480
83,稻穀,圓糯,台東縣,22.880,24.540,25.790,26.150,28.250,28.470,19.390,20.000,21.190,21.170,20.000,20.470,19.140
83,稻穀,圓糯,花蓮縣,23.630,25.560,26.670,27.420,28.280,28.420,23.560,20.130,21.430,21.610,19.440,21.250,19.790
83,稻穀,圓糯,台中市,20.970,,,,,,,,,21.670,20.730,20.500,
83,稻穀,圓糯,嘉義市,24.000,26.770,27.650,27.690,30.080,26.670,21.760,21.000,22.020,22.000,20.270,21.470,20.590
84,稻穀,圓糯,宜蘭縣,20.700,21.200,20.390,20.240,22.500,22.930,,,19.970,20.000,20.000,19.910,19.890
84,稻穀,圓糯,桃園市,19.900,20.150,20.000,20.000,20.390,,,18.830,20.000,20.000,20.000,19.850,19.770
84,稻穀,圓糯,苗栗縣,20.660,21.570,20.890,20.950,24.050,23.330,18.260,18.880,19.970,20.000,20.000,20.000,20.000
84,稻穀,圓糯,台中縣,21.100,21.890,20.830,20.830,20.830,,,,,,,,
84,稻穀,圓糯,彰化縣,21.010,21.420,21.370,21.670,25.410,23.200,18.310,19.520,20.830,20.330,20.000,20.000,20.000
84,稻穀,圓糯,南投縣,20.230,20.000,20.000,20.180,23.520,23.210,18.500,18.360,20.160,20.050,19.370,19.730,19.730
84,稻穀,圓糯,雲林縣,21.030,20.960,21.390,22.410,25.540,22.310,18.020,19.450,21.270,20.500,19.630,20.280,20.610
84,稻穀,圓糯,嘉義縣,20.420,20.000,20.540,20.830,25.140,23.440,17.250,18.490,20.190,20.000,19.220,19.940,20.000
84,稻穀,圓糯,台南縣,20.350,20.830,21.340,21.670,24.500,23.760,16.950,17.610,19.600,19.170,19.170,19.640,20.000
84,稻穀,圓糯,屏東縣,20.410,20.830,21.160,21.670,23.390,22.070,17.470,18.950,20.560,19.670,19.170,19.940,20.000
84,稻穀,圓糯,台東縣,19.840,18.580,18.880,19.760,23.570,23.040,18.530,19.570,20.000,19.460,18.220,19.260,19.150
84,稻穀,圓糯,花蓮縣,20.410,19.170,19.710,20.000,23.310,23.950,21.560,19.730,20.000,20.000,18.470,19.380,19.600
84,稻穀,圓糯,嘉義市,20.420,20.000,20.540,20.830,25.140,23.440,17.250,18.490,20.190,20.000,19.220,19.940,20.000
85,稻穀,圓糯,新北市,18.880,,,,18.880,,,,,,,,
85,稻穀,圓糯,宜蘭縣,20.050,20.000,20.000,20.270,20.020,20.000,20.000,,,,,,
85,稻穀,圓糯,桃園市,22.620,20.000,20.000,,25.000,,,21.020,23.310,23.580,22.840,23.330,24.490
85,稻穀,圓糯,苗栗縣,21.990,20.000,20.360,20.830,20.740,20.500,20.970,21.370,23.390,23.640,23.330,24.030,24.760
85,稻穀,圓糯,彰化縣,22.430,21.160,21.170,21.270,20.850,20.590,20.550,21.480,23.870,23.500,23.740,24.830,26.190
85,稻穀,圓糯,南投縣,21.820,20.000,20.000,20.520,20.230,20.000,21.060,20.710,23.630,24.110,23.330,23.370,24.900
85,稻穀,圓糯,雲林縣,22.380,21.240,21.090,21.000,20.720,20.460,20.710,21.600,23.760,24.360,23.450,24.210,25.920
85,稻穀,圓糯,嘉義縣,21.810,20.430,20.830,20.830,20.830,19.930,19.820,20.690,23.710,23.460,22.670,22.920,25.650
85,稻穀,圓糯,台南縣,22.070,20.130,20.690,20.520,20.830,20.830,20.830,21.290,23.280,23.780,23.330,24.280,25.080
85,稻穀,圓糯,屏東縣,21.750,20.640,20.430,20.560,20.140,19.680,20.250,20.800,23.390,24.360,22.800,23.580,24.380
85,稻穀,圓糯,台東縣,21.180,19.500,19.940,19.860,19.560,19.170,19.490,20.970,22.370,23.300,22.500,23.190,24.270
85,稻穀,圓糯,花蓮縣,21.420,20.100,20.300,20.050,20.000,20.000,20.000,20.000,20.540,24.170,22.930,24.190,24.760
85,稻穀,圓糯,嘉義市,21.810,20.430,20.830,20.830,20.830,19.930,19.820,20.690,23.710,23.460,22.670,22.920,25.650
86,稻穀,圓糯,桃園市,24.260,26.400,27.500,28.250,28.330,,,21.670,21.960,22.000,22.000,22.000,22.480
86,稻穀,圓糯,苗栗縣,24.000,26.510,26.830,27.500,27.500,25.590,21.140,21.960,22.100,21.670,22.150,22.500,22.500
86,稻穀,圓糯,彰化縣,25.290,27.850,28.490,30.000,29.670,27.180,21.670,22.850,23.410,23.140,22.610,23.330,23.330
86,稻穀,圓糯,南投縣,24.580,25.000,25.000,25.000,25.000,25.000,25.000,,,,,23.330,23.330
86,稻穀,圓糯,雲林縣,24.620,27.840,28.830,30.420,29.010,25.100,19.840,22.130,22.930,22.070,21.910,22.950,22.360
86,稻穀,圓糯,嘉義縣,24.140,27.130,27.500,29.060,28.690,25.510,19.590,21.210,22.610,22.000,21.840,22.500,22.050
86,稻穀,圓糯,台南縣,24.110,26.320,26.670,28.440,28.780,25.860,19.530,21.510,22.500,22.430,22.130,22.640,22.500
86,稻穀,圓糯,屏東縣,24.190,26.070,26.670,27.740,27.060,24.570,21.470,21.690,23.330,22.750,22.420,23.330,23.170
86,稻穀,圓糯,台東縣,23.670,26.020,26.670,27.850,28.330,25.970,20.510,21.020,21.560,20.830,21.050,22.060,22.130
86,稻穀,圓糯,花蓮縣,23.970,25.920,27.140,28.010,28.590,26.780,22.780,20.620,21.570,20.850,21.210,21.670,22.450
86,稻穀,圓糯,嘉義市,24.140,27.130,27.500,29.060,28.690,25.510,19.590,21.210,22.610,22.000,21.840,22.500,22.050
87,稻穀,圓糯,桃園市,19.800,21.730,21.670,21.670,21.670,20.570,17.890,17.300,18.300,18.330,18.330,19.310,20.880
87,稻穀,圓糯,苗栗縣,19.760,22.020,21.670,21.670,21.670,20.220,17.020,17.410,18.330,18.330,18.330,19.510,20.910
87,稻穀,圓糯,彰化縣,20.600,22.630,22.500,22.500,22.500,20.110,17.320,18.510,19.680,20.000,19.560,20.230,21.630
87,稻穀,圓糯,南投縣,19.970,21.930,21.670,21.670,21.670,21.020,17.900,18.840,19.000,18.530,18.500,18.850,20.000
87,稻穀,圓糯,雲林縣,19.900,22.060,21.960,21.680,21.720,19.020,16.100,17.900,19.330,18.810,18.690,20.150,21.350
87,稻穀,圓糯,嘉義縣,19.840,21.670,21.670,21.670,21.670,19.550,16.440,17.980,18.840,18.640,18.590,20.500,20.830
87,稻穀,圓糯,台南縣,20.070,22.500,22.500,22.480,22.000,19.250,16.700,18.120,18.710,18.810,18.630,20.170,20.910
87,稻穀,圓糯,屏東縣,20.100,22.500,23.330,22.550,22.200,19.380,17.390,17.950,18.330,18.330,18.330,20.080,20.830
87,稻穀,圓糯,台東縣,19.480,21.670,20.830,20.830,20.830,20.210,17.340,17.080,18.520,18.290,17.620,19.220,21.340
87,稻穀,圓糯,花蓮縣,19.180,21.720,21.000,20.240,20.610,19.530,17.720,17.090,17.550,17.500,17.500,18.200,21.440
87,稻穀,圓糯,嘉義市,19.840,21.670,21.670,21.670,21.670,19.550,16.440,17.980,18.840,18.640,18.590,20.510,20.830
88,稻穀,圓糯,桃園市,21.510,21.670,21.670,21.670,20.970,20.830,20.250,20.690,21.670,21.630,21.000,22.510,23.600
88,稻穀,圓糯,苗栗縣,21.650,21.670,21.670,21.490,21.280,20.830,20.000,20.920,22.340,22.390,21.200,22.190,23.820
88,稻穀,圓糯,彰化縣,21.930,21.720,22.000,22.000,21.240,20.350,20.830,20.990,22.040,22.500,21.800,23.500,24.170
88,稻穀,圓糯,南投縣,21.000,21.000,22.000,21.930,19.690,20.000,20.170,21.020,21.500,21.500,21.180,21.000,
88,稻穀,圓糯,雲林縣,21.680,21.330,21.330,21.410,20.770,20.540,20.050,21.360,22.540,22.250,21.050,23.130,24.430
88,稻穀,圓糯,嘉義縣,21.570,20.970,21.670,21.570,21.170,21.170,20.900,20.830,20.830,20.950,22.000,22.800,24.030
88,稻穀,圓糯,台南縣,21.730,21.670,21.670,21.670,21.640,20.160,19.670,20.130,22.500,22.500,21.830,23.130,24.170
88,稻穀,圓糯,屏東縣,21.780,21.990,22.500,22.500,22.500,22.170,20.510,21.880,21.020,19.830,18.210,23.300,24.990
88,稻穀,圓糯,台東縣,21.790,21.660,21.660,21.660,21.440,20.110,20.000,21.210,21.670,21.670,21.670,23.670,25.000
88,稻穀,圓糯,花蓮縣,21.660,21.180,21.830,21.690,21.660,21.660,20.610,18.400,21.760,21.670,21.670,23.320,24.490
88,稻穀,圓糯,嘉義市,21.680,20.970,21.670,21.570,21.170,21.170,21.160,21.170,21.170,21.250,22.000,22.800,24.030
89,稻穀,圓糯,宜蘭縣,22.960,,,,,,,23.330,23.330,23.300,22.500,22.150,23.160
89,稻穀,圓糯,桃園市,22.830,24.170,,,,,,23.330,23.330,22.610,22.500,21.190,22.650
89,稻穀,圓糯,苗栗縣,26.390,26.530,29.080,31.190,34.950,38.170,23.610,23.330,23.330,22.560,21.670,20.370,21.940
89,稻穀,圓糯,彰化縣,27.540,27.980,31.900,34.110,37.000,38.600,23.830,24.170,23.490,22.780,22.500,21.170,22.920
89,稻穀,圓糯,雲林縣,26.710,28.880,32.590,32.370,34.450,34.620,22.580,24.120,23.330,22.120,22.060,20.840,22.590
89,稻穀,圓糯,嘉義縣,25.990,25.830,29.250,30.540,34.330,34.980,20.670,23.330,23.330,23.330,22.930,21.050,22.310
89,稻穀,圓糯,台南縣,26.290,26.450,29.940,30.800,33.750,34.780,23.750,24.170,23.570,22.500,22.500,21.390,21.910
89,稻穀,圓糯,屏東縣,31.540,28.570,32.200,33.320,,38.600,24.990,,,,,,
89,稻穀,圓糯,台東縣,25.020,25.460,25.860,26.670,30.190,33.330,24.890,23.300,24.060,23.230,22.010,20.670,20.530
89,稻穀,圓糯,花蓮縣,26.110,25.970,29.020,30.220,34.220,35.240,23.390,23.090,23.680,23.110,22.850,21.110,21.370
89,稻穀,圓糯,嘉義市,25.990,25.830,29.250,30.540,34.330,34.980,20.670,23.330,23.330,23.330,22.930,21.050,22.310
90,稻穀,圓糯,宜蘭縣,20.870,22.210,21.940,21.410,21.200,21.310,18.330,19.380,19.380,19.150,20.780,23.650,21.730
90,稻穀,圓糯,桃園市,20.720,21.890,21.390,21.060,21.050,21.670,,19.750,19.710,19.170,20.800,,
90,稻穀,圓糯,苗栗縣,20.600,21.070,20.870,20.800,20.880,19.260,19.810,20.000,19.670,19.170,21.100,22.960,21.590
90,稻穀,圓糯,彰化縣,20.800,21.320,21.640,20.790,21.040,19.380,19.720,20.230,19.850,19.170,21.910,22.870,21.660
90,稻穀,圓糯,雲林縣,20.620,21.100,22.170,20.540,20.960,18.870,19.690,20.000,19.910,19.240,21.720,22.000,21.190
90,稻穀,圓糯,嘉義縣,20.370,21.010,21.540,20.640,20.740,18.510,18.860,19.970,19.160,19.160,21.160,22.200,21.500
90,稻穀,圓糯,台南縣,20.440,21.320,21.100,20.780,20.700,18.410,19.250,19.990,19.550,18.950,21.290,22.500,21.460
90,稻穀,圓糯,屏東縣,19.320,,,,,18.150,19.810,20.000,,,,,
90,稻穀,圓糯,台東縣,20.350,20.830,20.710,20.420,20.350,20.000,19.000,20.000,20.000,20.000,19.890,22.000,20.970
90,稻穀,圓糯,花蓮縣,20.310,20.920,20.550,20.670,20.380,19.220,18.330,19.950,20.000,20.000,20.360,21.950,21.360
90,稻穀,圓糯,嘉義市,20.370,21.010,21.540,20.640,20.740,18.510,18.860,19.970,19.160,19.160,21.160,22.200,21.500
91,稻穀,圓糯,宜蘭縣,19.470,21.650,22.080,22.200,,,19.810,19.760,19.540,18.260,17.570,17.060,16.730
91,稻穀,圓糯,桃園市,18.860,,,,,,,19.660,19.320,18.640,18.330,18.330,
91,稻穀,圓糯,苗栗縣,19.880,21.560,21.670,21.410,21.630,20.480,19.220,19.810,19.330,18.410,17.660,17.500,
91,稻穀,圓糯,彰化縣,19.800,21.880,21.670,21.250,21.650,20.380,19.750,20.320,19.810,18.750,17.690,17.000,17.470
91,稻穀,圓糯,雲林縣,19.730,21.880,21.670,21.590,21.670,20.620,19.870,20.000,19.790,18.660,17.460,16.670,16.900
91,稻穀,圓糯,嘉義縣,18.780,21.520,21.000,21.050,21.500,19.650,17.880,17.610,16.480,15.750,15.330,,
91,稻穀,圓糯,台南縣,19.310,21.300,20.830,20.780,21.090,19.890,19.000,19.670,18.820,18.330,17.660,17.230,17.170
91,稻穀,圓糯,屏東縣,18.710,,,,,19.370,20.000,20.000,20.000,18.690,17.550,16.710,17.350
91,稻穀,圓糯,台東縣,19.800,20.830,21.460,21.150,21.040,21.040,20.350,20.000,19.980,19.250,18.520,17.280,16.670
91,稻穀,圓糯,花蓮縣,19.720,20.720,20.830,20.950,21.120,20.730,20.000,19.990,19.870,19.200,18.650,17.580,17.000
91,稻穀,圓糯,嘉義市,18.780,21.520,21.000,21.050,21.500,19.650,17.880,17.610,16.480,15.750,15.330,,
92,稻穀,圓糯,宜蘭縣,17.220,16.670,,,,,,16.670,16.670,16.930,16.670,17.720,19.210
92,稻穀,圓糯,彰化縣,17.530,17.500,17.500,17.290,17.500,17.500,17.360,16.670,16.780,17.000,17.020,18.470,19.780
92,稻穀,圓糯,雲林縣,17.130,16.820,17.220,17.290,17.430,17.110,16.680,16.130,16.340,16.660,16.780,18.160,18.930
92,稻穀,圓糯,台南縣,17.150,16.880,17.120,17.240,17.160,17.040,16.840,16.310,16.230,16.890,16.520,18.400,19.140
92,稻穀,圓糯,屏東縣,17.500,17.500,17.450,17.170,17.490,17.460,17.160,17.000,17.000,17.000,17.000,17.840,19.970
92,稻穀,圓糯,台東縣,17.510,16.670,16.960,17.170,17.170,17.170,17.290,17.500,17.500,17.500,16.940,18.220,19.970
92,稻穀,圓糯,花蓮縣,17.370,16.820,16.970,17.170,17.170,17.170,17.170,17.170,17.170,17.170,17.170,17.760,19.560
93,稻穀,圓糯,宜蘭縣,22.560,18.700,19.450,20.260,27.000,27.800,24.080,19.460,20.550,20.940,22.490,25.000,25.000
93,稻穀,圓糯,彰化縣,22.580,18.950,20.520,20.860,27.160,26.050,21.290,19.860,21.370,21.700,22.980,25.170,25.000
93,稻穀,圓糯,雲林縣,22.550,18.440,20.660,20.990,28.590,26.110,21.110,20.270,20.830,21.470,22.850,24.780,24.440
93,稻穀,圓糯,台南縣,22.160,18.720,20.090,20.550,26.530,24.760,21.230,20.410,20.910,21.310,22.150,24.890,24.380
93,稻穀,圓糯,屏東縣,21.920,19.300,19.940,20.050,27.030,24.540,21.000,19.800,20.000,20.530,21.940,24.720,24.220
93,稻穀,圓糯,台東縣,22.630,19.280,19.860,20.080,26.140,27.710,21.670,22.370,21.510,20.920,22.150,24.920,25.000
93,稻穀,圓糯,花蓮縣,22.190,19.480,19.760,20.050,26.370,26.700,21.530,20.000,20.000,20.380,22.180,24.840,25.000
94,稻穀,圓糯,宜蘭縣,23.760,25.000,25.000,25.000,25.000,25.000,22.830,21.410,20.830,,,,
94,稻穀,圓糯,彰化縣,23.970,25.190,25.000,25.080,26.590,26.640,19.390,19.800,21.100,22.100,24.940,26.030,25.790
94,稻穀,圓糯,南投縣,20.830,,,,,,,20.830,,,,,
94,稻穀,圓糯,雲林縣,23.890,25.000,25.000,24.650,26.590,26.590,19.260,20.050,21.670,21.940,24.990,25.830,25.130
94,稻穀,圓糯,台南縣,23.280,24.440,24.510,24.270,25.830,24.180,19.210,20.260,20.950,21.490,24.010,24.890,25.350
94,稻穀,圓糯,屏東縣,22.650,25.000,24.420,23.680,25.000,24.290,19.380,20.240,20.830,21.020,,,
94,稻穀,圓糯,台東縣,23.380,25.000,25.000,24.410,24.860,25.000,23.610,20.030,20.680,21.010,22.200,23.780,25.000
94,稻穀,圓糯,花蓮縣,23.100,25.000,25.000,25.000,25.000,25.000,25.000,24.460,20.060,20.000,20.000,20.000,22.680
95,稻穀,圓糯,彰化縣,22.190,25.080,25.000,23.520,22.270,21.970,21.670,21.670,21.670,22.060,22.020,20.060,19.240
95,稻穀,圓糯,雲林縣,21.670,24.170,24.850,23.280,22.110,21.210,20.440,21.670,21.670,21.670,21.450,19.190,18.330
95,稻穀,圓糯,台南縣,21.760,25.000,24.820,23.660,21.770,21.030,19.730,20.410,21.890,22.500,21.770,19.390,19.160
95,稻穀,圓糯,台東縣,23.020,25.000,25.000,24.840,23.330,23.330,23.330,23.010,21.720,21.670,21.670,21.670,21.670
95,稻穀,圓糯,花蓮縣,23.580,25.000,25.000,25.000,25.000,25.000,25.000,24.500,21.890,21.840,21.840,21.620,21.250
96,稻穀,圓糯,彰化縣,19.770,18.990,18.330,18.160,18.000,19.030,19.310,20.240,20.760,19.950,20.450,22.200,21.780
96,稻穀,圓糯,雲林縣,19.370,18.550,18.330,18.190,17.900,18.690,19.250,20.170,19.620,19.510,19.780,21.290,21.130
96,稻穀,圓糯,嘉義縣,19.780,,,,17.750,18.160,19.200,20.260,20.190,19.770,19.740,21.720,21.240
96,稻穀,圓糯,台南縣,19.490,19.150,18.570,18.330,17.990,18.040,18.500,19.940,19.990,19.780,19.830,22.040,21.750
96,稻穀,圓糯,台東縣,21.380,21.670,21.670,20.810,20.000,19.950,19.170,21.590,21.670,21.670,21.670,22.220,24.520
96,稻穀,圓糯,花蓮縣,21.400,21.250,21.250,21.250,21.250,21.250,21.250,21.250,21.570,21.630,21.630,21.630,21.630
97,稻穀,圓糯,宜蘭縣,22.670,,,,23.700,23.700,23.000,20.910,21.730,21.840,22.180,22.830,24.150
97,稻穀,圓糯,苗栗縣,21.670,,,,,,21.670,21.670,,,,,
97,稻穀,圓糯,彰化縣,23.550,22.400,22.900,24.270,24.400,24.310,21.610,21.130,22.710,23.430,23.850,25.110,26.530
97,稻穀,圓糯,雲林縣,23.050,21.550,22.290,24.430,24.480,23.650,21.290,20.830,22.680,22.780,23.250,23.750,25.670
97,稻穀,圓糯,嘉義縣,22.990,21.640,22.390,24.120,24.390,24.050,21.570,21.320,21.770,22.870,22.780,23.370,25.560
97,稻穀,圓糯,台南縣,22.630,22.230,22.970,23.810,24.130,23.560,22.390,21.090,21.670,21.990,21.710,21.710,24.320
97,稻穀,圓糯,台東縣,24.810,24.880,24.910,24.910,24.910,24.910,24.800,24.560,24.730,24.730,24.730,24.700,24.950
97,稻穀,圓糯,花蓮縣,23.910,22.080,22.380,23.810,24.160,24.160,23.990,24.130,24.300,24.330,24.330,24.470,24.790
98,稻穀,圓糯,宜蘭縣,24.010,24.390,24.410,24.450,23.890,23.860,23.230,22.830,23.090,24.370,24.690,24.380,24.550
98,稻穀,圓糯,彰化縣,25.890,26.520,26.170,25.200,25.110,25.260,24.880,24.610,25.100,27.200,26.800,26.610,27.180
98,稻穀,圓糯,雲林縣,25.020,25.940,25.580,24.060,23.550,23.780,23.630,23.820,24.590,26.940,26.220,25.410,26.690
98,稻穀,圓糯,嘉義縣,24.990,25.800,25.310,24.670,23.520,23.640,22.650,23.660,24.640,27.160,26.710,25.610,26.490
98,稻穀,圓糯,台南縣,24.920,25.080,25.080,25.010,24.060,23.930,22.780,23.340,24.260,26.810,26.810,25.740,26.160
98,稻穀,圓糯,台東縣,25.240,25.000,25.000,25.000,25.090,25.110,25.060,25.130,25.190,25.320,25.470,25.540,25.940
98,稻穀,圓糯,花蓮縣,25.050,24.790,24.790,24.790,24.990,25.000,24.920,25.040,25.000,25.000,25.000,25.640,25.640
99,稻穀,圓糯,宜蘭縣,25.060,26.000,26.940,26.210,26.050,26.060,25.920,23.710,23.890,24.140,23.860,23.520,24.420
99,稻穀,圓糯,彰化縣,26.490,28.460,28.240,27.370,26.550,27.020,26.360,26.080,26.130,26.040,25.280,24.630,25.660
99,稻穀,圓糯,雲林縣,25.900,27.730,27.700,26.430,25.540,26.310,25.320,25.310,25.540,25.440,24.630,25.000,25.830
99,稻穀,圓糯,嘉義縣,26.170,28.010,28.020,27.100,26.340,26.430,25.660,25.860,25.760,25.650,24.890,24.510,25.840
99,稻穀,圓糯,台南縣,26.160,27.770,28.030,27.110,26.670,26.540,25.910,25.420,25.580,25.580,25.130,24.520,25.630
99,稻穀,圓糯,台東縣,25.770,26.000,26.000,26.000,26.000,26.000,25.900,26.010,26.000,26.000,26.000,25.530,23.780
99,稻穀,圓糯,花蓮縣,25.520,25.670,25.670,25.670,25.670,25.670,25.470,25.890,26.070,26.070,25.940,25.730,22.710
100,稻穀,圓糯,宜蘭縣,23.610,24.120,24.100,24.180,24.340,26.540,25.670,,21.670,21.690,22.450,22.500,22.500
100,稻穀,圓糯,彰化縣,24.670,25.110,25.510,25.640,26.300,28.040,24.560,22.800,23.390,23.640,23.640,23.460,23.910
100,稻穀,圓糯,雲林縣,24.050,24.430,24.970,24.810,25.470,27.190,23.560,22.010,23.410,23.440,23.180,23.040,23.060
100,稻穀,圓糯,嘉義縣,25.460,24.980,24.840,24.910,25.100,26.790,26.140,,,,,,
100,稻穀,圓糯,台東縣,23.540,23.690,23.690,23.690,23.690,23.690,24.170,23.700,23.370,,,22.500,23.180
100,稻穀,圓糯,花蓮縣,23.230,22.710,22.710,22.710,23.140,26.110,25.730,22.900,22.670,22.930,23.330,21.810,22.010
100,稻穀,圓糯,台南市,24.040,24.400,24.200,24.200,24.520,26.850,24.760,23.540,23.000,23.250,23.500,23.110,23.110
101,稻穀,圓糯,宜蘭縣,23.250,22.620,22.670,22.670,23.020,23.170,23.170,23.330,23.510,23.880,23.970,23.540,23.420
101,稻穀,圓糯,彰化縣,24.570,24.200,24.230,24.220,24.680,24.820,23.770,24.410,25.200,25.060,24.850,24.610,24.770
101,稻穀,圓糯,雲林縣,24.100,23.500,23.790,23.670,24.080,24.210,23.640,24.200,24.600,24.710,24.210,24.390,24.200
101,稻穀,圓糯,台東縣,24.250,23.330,23.330,23.330,23.330,23.330,23.460,24.600,24.750,24.720,24.720,25.370,26.670
101,稻穀,圓糯,花蓮縣,22.820,22.270,22.400,22.400,22.780,22.940,22.760,22.500,22.500,22.500,22.500,22.500,25.840
101,稻穀,圓糯,台南市,24.010,23.200,23.690,24.020,24.020,24.020,23.860,23.760,24.040,24.240,24.520,24.340,24.390
102,稻穀,圓糯,宜蘭縣,23.920,23.340,23.280,23.080,22.380,22.170,22.170,,25.000,25.060,25.340,25.340,25.990
102,稻穀,圓糯,彰化縣,24.950,24.560,24.160,23.780,23.360,23.850,23.850,25.170,25.540,25.510,25.730,25.830,28.000
102,稻穀,圓糯,雲林縣,24.680,23.990,23.790,23.630,23.100,23.470,23.760,25.520,25.400,25.060,25.000,25.580,27.810
102,稻穀,圓糯,嘉義縣,28.330,,,,,,,,,,,,28.330
102,稻穀,圓糯,台東縣,26.260,26.670,26.670,26.670,26.670,26.670,26.080,25.830,25.830,25.830,25.830,26.150,26.250
102,稻穀,圓糯,花蓮縣,25.340,25.840,25.480,24.160,24.000,24.000,24.620,25.630,25.560,25.830,25.840,25.610,27.530
102,稻穀,圓糯,台南市,24.540,23.980,23.710,23.200,22.690,22.920,23.760,25.010,25.080,25.080,25.080,25.080,28.860
103,稻穀,圓糯,宜蘭縣,28.350,28.880,29.090,29.090,29.090,29.090,29.090,,,26.670,27.310,27.420,27.800
103,稻穀,圓糯,彰化縣,28.400,29.450,29.640,28.860,28.420,28.270,27.620,27.280,27.890,28.320,28.310,28.170,28.510
103,稻穀,圓糯,雲林縣,28.350,28.290,28.470,28.570,28.400,28.400,26.450,26.910,28.160,29.250,29.070,29.070,29.170
103,稻穀,圓糯,台東縣,26.750,26.250,26.250,26.250,26.250,26.250,26.250,27.500,27.500,27.500,27.500,,
103,稻穀,圓糯,花蓮縣,27.630,28.270,28.540,28.540,28.540,28.540,27.950,26.460,27.040,27.090,27.090,26.550,27.000
103,稻穀,圓糯,台南市,29.110,29.160,29.160,29.160,28.960,,,,,,,,
104,稻穀,圓糯,宜蘭縣,28.490,27.430,27.250,29.040,29.170,29.170,28.860,,,,,,
104,稻穀,圓糯,彰化縣,28.620,28.740,28.880,29.440,29.740,28.540,27.020,28.090,28.920,28.340,28.340,28.340,29.050
104,稻穀,圓糯,雲林縣,28.530,29.360,29.830,30.400,30.080,28.170,27.630,27.990,28.080,27.960,27.420,27.110,28.280
104,稻穀,圓糯,台東縣,28.750,,,,,,,28.750,,,,,
104,稻穀,圓糯,花蓮縣,27.230,27.130,27.090,27.090,27.090,27.120,27.220,27.780,27.780,27.780,27.780,26.850,26.040
104,稻穀,圓糯,台南市,28.840,,,30.690,30.400,29.420,26.660,,28.750,28.210,28.250,,28.330
105,稻穀,圓糯,彰化縣,25.720,29.110,28.040,26.970,26.690,26.060,25.320,24.940,24.100,24.100,23.760,24.340,25.240
105,稻穀,圓糯,雲林縣,25.400,28.430,28.120,26.960,26.320,26.070,25.500,23.520,23.400,23.400,23.550,24.310,25.230
105,稻穀,圓糯,花蓮縣,25.810,26.040,26.040,26.040,26.040,26.040,26.040,25.560,25.560,25.560,25.560,25.640,25.630
105,稻穀,圓糯,台南市,26.210,,27.500,27.000,26.160,24.160,,,,,,,
106,稻穀,圓糯,宜蘭縣,25.600,,,,,,,25.830,25.830,25.830,25.830,25.250,25.000
106,稻穀,圓糯,彰化縣,26.210,25.510,25.540,25.430,25.350,25.180,25.180,26.190,26.910,27.840,27.840,27.150,26.450
106,稻穀,圓糯,雲林縣,25.880,25.270,25.240,25.090,24.760,25.100,25.340,26.890,27.120,26.890,26.500,26.300,26.010
106,稻穀,圓糯,花蓮縣,25.900,25.630,25.630,25.630,25.630,25.630,25.630,,,,,27.000,26.390
106,稻穀,圓糯,台南市,26.850,,25.500,,,26.250,26.380,28.330,,28.330,28.330,25.000,26.660
107,稻穀,圓糯,宜蘭縣,25.000,25.000,25.000,25.000,25.000,25.000,25.000,,,,,,
107,稻穀,圓糯,彰化縣,24.780,26.190,26.110,26.110,26.110,25.820,25.200,24.170,23.890,23.850,23.530,23.440,22.930
107,稻穀,圓糯,雲林縣,24.520,26.190,26.400,26.240,25.700,25.570,25.160,23.520,23.090,23.130,23.280,23.110,22.850
107,稻穀,圓糯,台東縣,25.930,,,,,,,26.250,26.250,26.250,26.250,25.580,25.000
107,稻穀,圓糯,花蓮縣,26.260,26.390,26.390,26.390,26.390,26.390,26.370,26.110,26.110,26.110,26.110,26.110,
107,稻穀,圓糯,台南市,24.820,25.830,25.830,26.110,26.360,25.520,24.660,24.040,,22.500,22.550,,
108,稻穀,圓糯,彰化縣,23.720,22.630,22.570,22.570,22.570,22.940,22.910,24.270,25.000,25.000,24.720,24.670,24.760
108,稻穀,圓糯,雲林縣,23.390,22.680,22.880,22.900,22.790,22.880,22.360,23.570,24.320,24.330,24.040,23.890,24.090
108,稻穀,圓糯,台東縣,23.900,25.000,25.000,25.000,25.000,25.000,23.750,22.920,22.920,22.920,22.920,23.030,23.340
108,稻穀,圓糯,台南市,23.770,,,22.830,,21.660,22.160,23.890,25.000,25.830,,,25.000
109,稻穀,圓糯,彰化縣,25.850,24.980,25.000,25.030,25.720,25.830,24.560,26.670,26.290,25.830,25.480,25.820,29.000
109,稻穀,圓糯,雲林縣,25.150,24.030,24.040,24.450,25.400,25.540,24.390,25.860,25.550,24.870,24.760,25.360,27.570
109,稻穀,圓糯,台東縣,23.750,23.340,23.340,23.340,23.340,23.340,23.560,23.750,23.750,23.750,23.750,25.240,24.490
109,稻穀,圓糯,台南市,26.200,,,25.020,,,25.620,26.380,25.000,25.000,25.170,28.270,29.160
110,稻穀,圓糯,彰化縣,26.520,29.340,29.340,28.350,27.500,27.270,26.170,25.320,25.280,25.230,24.250,24.310,25.830
110,稻穀,圓糯,雲林縣,25.670,27.980,27.740,27.620,26.940,26.660,26.350,24.620,24.130,23.970,23.960,23.920,24.130
110,稻穀,圓糯,台東縣,25.660,25.730,26.000,26.000,26.000,26.000,25.840,25.830,25.830,25.830,25.830,24.800,24.170
110,稻穀,圓糯,台南市,25.720,29.160,,27.260,26.580,26.810,25.960,25.000,24.160,23.330,,23.610,25.280
111,稻穀,圓糯,彰化縣,25.010,25.480,24.920,25.000,25.230,25.330,25.330,24.930,24.730,24.670,24.670,24.830,25.000
111,稻穀,圓糯,雲林縣,24.730,24.730,24.760,24.570,24.980,25.120,24.550,24.550,24.790,24.690,24.690,24.690,24.610
111,稻穀,圓糯,台東縣,24.170,24.170,24.170,24.170,24.170,24.170,24.170,24.170,24.170,24.170,24.170,24.170,24.170
111,稻穀,圓糯,台南市,25.000,25.330,25.000,,25.040,24.890,24.550,25.170,25.000,25.000,,,
112,稻穀,圓糯,彰化縣,26.480,25.000,25.080,25.620,26.050,26.340,26.270,26.200,26.070,26.300,27.700,27.960,29.110
112,稻穀,圓糯,雲林縣,26.520,24.830,25.020,25.510,26.460,26.750,26.470,25.950,25.980,26.810,27.080,27.730,29.660
112,稻穀,圓糯,台東縣,25.880,24.170,24.170,24.170,24.170,24.170,26.590,27.030,27.030,27.030,27.030,27.200,27.780
112,稻穀,圓糯,台南市,25.220,,,,,25.830,25.830,25.130,25.000,25.000,25.000,25.000,25.000
113,稻穀,圓糯,彰化縣,29.360,29.110,29.110,29.110,29.110,28.420,26.860,28.970,29.960,29.880,30.080,30.550,31.130
113,稻穀,圓糯,雲林縣,29.840,30.450,30.360,29.720,29.490,28.990,27.630,28.650,30.440,30.610,30.550,30.520,30.690
113,稻穀,圓糯,台東縣,27.830,27.780,27.780,27.780,27.780,27.780,27.780,27.780,27.780,27.780,27.780,27.900,28.200
113,稻穀,圓糯,台南市,25.000,25.000,25.000,25.000,25.000,25.000,25.000,25.000,25.000,25.000,25.000,25.000,25.000
114,稻穀,圓糯,彰化縣,30.960,31.000,30.890,30.870,30.870,30.870,30.870,30.870,30.910,31.080,31.080,31.080,31.110
114,稻穀,圓糯,雲林縣,30.530,30.570,30.490,30.410,30.400,30.660,30.750,30.670,30.610,30.610,30.450,30.280,30.440
114,稻穀,圓糯,台東縣,28.200,28.200,28.200,28.200,28.200,28.200,28.200,28.200,28.200,28.200,28.200,28.200,28.200
114,稻穀,圓糯,台南市,25.000,25.000,25.000,,,,,,,,,,
115,稻穀,圓糯,彰化縣,29.350,31.060,30.850,30.940,30.490,29.480,27.900,27.070,26.970,,,,
115,稻穀,圓糯,雲林縣,28.740,30.440,30.640,30.460,30.060,28.590,27.030,26.390,26.330,,,,
115,稻穀,圓糯,台東縣,28.200,28.200,28.200,28.200,28.200,28.200,28.200,28.200,28.200,,,,
82,稻穀,長糯,彰化縣,20.380,17.500,17.500,17.660,18.230,18.950,20.070,19.060,20.290,20.500,22.890,26.260,25.680
82,稻穀,長糯,雲林縣,19.980,16.280,16.580,17.500,17.500,17.800,19.900,19.560,19.950,20.000,21.990,26.510,26.190
82,稻穀,長糯,嘉義縣,20.180,17.500,17.500,17.500,17.750,18.330,21.470,18.470,19.790,20.000,22.040,26.020,25.780
82,稻穀,長糯,台南縣,19.670,17.100,17.000,17.000,17.220,17.670,21.380,18.850,19.150,19.170,20.860,25.670,25.000
82,稻穀,長糯,高雄縣,17.330,17.330,17.330,,,,,,,,,,
82,稻穀,長糯,屏東縣,19.980,16.670,16.670,16.710,17.330,17.350,20.460,19.280,19.420,,23.140,26.530,26.260
82,稻穀,長糯,台東縣,20.850,,,,,,,17.890,19.100,19.170,20.750,24.000,24.170
82,稻穀,長糯,嘉義市,20.180,17.500,17.500,17.500,17.750,18.330,21.470,18.470,19.790,20.000,22.040,26.020,25.780
83,稻穀,長糯,台中縣,21.020,,,,,,,,20.380,20.500,19.430,22.280,22.500
83,稻穀,長糯,彰化縣,25.690,27.660,29.610,32.530,33.670,32.630,26.250,20.000,20.000,19.960,19.900,23.180,22.890
83,稻穀,長糯,雲林縣,25.100,27.930,29.500,33.530,34.530,32.200,23.780,19.100,19.210,18.990,19.060,21.890,21.500
83,稻穀,長糯,嘉義縣,24.390,27.850,29.730,31.020,33.420,29.280,23.810,18.380,18.330,19.060,18.070,21.810,21.960
83,稻穀,長糯,台南縣,24.270,25.900,28.120,31.530,32.160,30.640,24.410,19.090,19.920,18.890,18.330,21.470,20.830
83,稻穀,長糯,屏東縣,24.520,26.880,28.330,29.600,30.750,31.180,25.890,20.080,20.810,20.030,18.490,21.170,21.070
83,稻穀,長糯,台東縣,22.950,24.920,26.630,26.990,29.440,31.670,20.600,19.270,19.410,18.920,17.820,19.780,20.000
83,稻穀,長糯,台中市,19.200,,,,,,,,,20.000,18.930,18.670,
83,稻穀,長糯,嘉義市,24.380,27.850,29.620,31.020,33.420,29.280,23.810,18.380,18.330,19.060,18.070,21.810,21.960
84,稻穀,長糯,台中縣,22.500,22.500,22.500,22.500,22.500,,,,,,,,
84,稻穀,長糯,彰化縣,20.470,22.280,22.750,23.330,27.320,23.900,17.250,17.400,18.320,18.050,17.660,18.670,18.670
84,稻穀,長糯,南投縣,17.500,,,,,,,,,,,17.500,
84,稻穀,長糯,雲林縣,19.680,21.360,21.900,22.810,26.960,23.020,16.800,16.870,17.540,17.070,16.580,17.560,17.740
84,稻穀,長糯,嘉義縣,19.750,21.670,22.210,22.500,26.940,24.570,16.260,16.700,17.500,17.070,16.690,17.440,17.500
84,稻穀,長糯,台南縣,19.450,20.830,21.850,22.500,25.300,24.360,16.670,16.670,16.980,17.000,16.480,17.210,17.500
84,稻穀,長糯,屏東縣,20.010,21.590,21.670,22.770,26.830,24.680,17.500,17.500,17.500,16.920,17.040,18.270,17.820
84,稻穀,長糯,台東縣,19.430,19.720,19.710,20.590,25.530,24.940,18.450,17.190,17.500,17.400,17.080,17.500,17.500
84,稻穀,長糯,嘉義市,19.730,21.670,22.210,22.500,26.610,24.570,16.250,16.700,17.500,17.070,16.690,17.440,17.500
85,稻穀,長糯,新北市,19.990,,,,19.990,,,,,,,,
85,稻穀,長糯,彰化縣,19.760,19.550,19.170,19.450,18.850,18.660,18.580,19.410,20.520,20.250,20.240,20.760,21.720
85,稻穀,長糯,雲林縣,19.280,18.640,18.920,19.320,18.890,18.430,18.240,19.050,19.710,19.950,19.170,19.840,21.160
85,稻穀,長糯,嘉義縣,19.060,18.710,19.170,19.170,19.170,18.520,18.290,18.740,19.650,19.110,18.670,18.750,20.780
85,稻穀,長糯,台南縣,18.800,17.710,18.330,18.330,18.330,18.330,18.330,19.440,19.170,19.170,18.550,19.720,20.190
85,稻穀,長糯,屏東縣,19.890,18.490,19.170,19.170,19.170,18.930,20.110,19.920,20.460,20.060,20.240,21.500,21.450
85,稻穀,長糯,台東縣,18.370,17.500,17.500,17.500,17.500,17.500,17.820,18.000,19.080,19.650,18.770,19.040,20.620
85,稻穀,長糯,嘉義市,19.060,18.710,19.170,19.170,19.170,18.520,18.290,18.740,19.650,19.110,18.670,18.750,20.780
86,稻穀,長糯,彰化縣,21.610,22.940,22.390,23.330,22.210,20.280,19.170,19.890,20.530,20.500,21.380,23.060,23.670
86,稻穀,長糯,南投縣,23.330,,,,,,,,,,,23.330,23.330
86,稻穀,長糯,雲林縣,21.170,22.340,22.580,23.220,22.140,20.570,18.600,19.200,19.670,19.330,20.460,22.720,23.160
86,稻穀,長糯,嘉義縣,20.880,22.130,22.500,22.500,22.030,20.050,18.690,18.550,19.590,19.000,19.820,22.650,23.100
86,稻穀,長糯,台南縣,20.790,21.260,21.670,22.450,22.110,19.920,18.550,18.630,19.670,19.650,19.630,22.640,23.330
86,稻穀,長糯,屏東縣,21.640,22.610,23.130,22.500,22.220,21.000,19.640,20.030,20.700,20.000,21.100,22.800,23.950
86,稻穀,長糯,台東縣,20.650,21.340,21.670,22.450,22.280,20.690,18.740,18.460,19.170,19.170,19.170,21.280,23.370
86,稻穀,長糯,嘉義市,20.880,22.130,22.500,22.500,22.030,20.050,18.690,18.550,19.590,19.000,19.820,22.650,23.100
87,稻穀,長糯,彰化縣,20.380,23.670,23.920,23.420,23.670,21.000,17.650,17.680,18.000,18.000,18.060,19.510,19.990
87,稻穀,長糯,南投縣,19.630,21.930,21.670,21.670,21.670,21.020,17.900,17.810,18.000,18.000,18.000,18.350,19.500
87,稻穀,長糯,雲林縣,19.490,23.030,23.370,22.360,22.800,19.920,16.020,17.270,17.460,16.910,16.920,18.630,19.170
87,稻穀,長糯,嘉義縣,19.660,23.000,23.300,22.770,23.330,20.330,16.530,17.150,17.170,17.150,17.270,18.750,19.170
87,稻穀,長糯,台南縣,19.710,23.330,23.330,23.330,23.330,20.490,16.890,16.670,17.040,17.280,17.180,18.500,19.170
87,稻穀,長糯,屏東縣,20.130,23.330,24.170,23.380,23.250,19.920,17.390,17.550,17.980,17.510,17.830,19.280,20.000
87,稻穀,長糯,台東縣,19.900,23.000,23.000,23.000,23.000,21.900,17.710,16.960,18.000,17.840,17.300,17.930,19.140
87,稻穀,長糯,嘉義市,19.660,23.000,23.300,22.770,23.330,20.330,16.480,17.150,17.170,17.150,17.270,18.760,19.170
88,稻穀,長糯,彰化縣,18.620,19.950,19.360,19.170,18.130,17.020,17.500,17.600,18.000,18.000,17.810,20.050,20.830
88,稻穀,長糯,南投縣,18.610,20.050,19.310,19.430,18.980,18.000,17.890,17.840,18.000,18.000,,,
88,稻穀,長糯,雲林縣,18.230,19.170,18.880,18.800,17.670,17.180,17.290,17.520,17.640,17.500,17.480,19.670,20.000
88,稻穀,長糯,嘉義縣,18.690,19.170,19.170,19.070,18.670,18.670,18.400,18.330,18.330,18.230,17.330,18.530,20.330
88,稻穀,長糯,台南縣,18.470,19.170,19.170,19.170,19.150,17.990,17.500,17.500,17.500,17.500,17.500,19.440,20.000
88,稻穀,長糯,屏東縣,19.240,20.000,20.000,20.000,20.000,19.680,17.250,17.780,17.280,17.080,21.180,19.800,20.830
88,稻穀,長糯,台東縣,18.500,19.160,19.160,19.160,18.940,18.330,18.330,17.550,17.500,17.500,17.500,18.920,20.000
88,稻穀,長糯,嘉義市,18.690,19.170,19.170,19.070,18.670,18.670,18.400,18.330,18.330,18.230,17.330,18.530,20.330
89,稻穀,長糯,彰化縣,24.550,21.510,22.760,24.360,27.500,29.620,23.110,22.500,22.500,22.580,24.790,25.170,28.160
89,稻穀,長糯,雲林縣,23.710,21.180,22.560,22.740,25.840,27.910,22.240,22.020,21.370,21.500,24.530,25.030,27.620
89,稻穀,長糯,嘉義縣,23.120,20.950,21.370,21.940,25.840,26.990,20.390,21.660,21.660,21.660,23.280,25.060,26.670
89,稻穀,長糯,台南縣,23.390,20.560,21.380,22.470,25.420,26.990,22.390,22.500,22.150,21.670,23.820,25.000,26.370
89,稻穀,長糯,高雄縣,23.590,,,,,,22.160,22.500,22.500,22.500,23.790,25.000,26.670
89,稻穀,長糯,屏東縣,25.060,21.610,23.320,24.770,,37.210,23.710,22.490,22.490,22.210,25.230,25.140,27.520
89,稻穀,長糯,台東縣,21.530,20.460,20.830,20.830,20.830,,18.330,21.260,21.670,21.670,22.870,23.910,24.200
89,稻穀,長糯,嘉義市,23.120,20.950,21.370,21.940,25.840,26.990,20.390,21.660,21.660,21.660,23.280,25.060,26.670
90,稻穀,長糯,彰化縣,22.840,26.750,28.240,26.300,26.300,21.910,19.530,20.290,19.570,18.930,21.910,22.870,21.450
90,稻穀,長糯,雲林縣,22.560,26.670,27.830,25.860,26.040,21.190,19.290,19.970,19.260,19.240,21.820,22.110,21.460
90,稻穀,長糯,嘉義縣,22.370,26.660,27.380,26.040,26.000,20.840,18.800,19.780,19.000,18.870,21.380,22.200,21.500
90,稻穀,長糯,台南縣,22.190,25.830,26.520,26.130,24.650,20.300,19.060,20.190,19.400,18.730,21.390,22.530,21.530
90,稻穀,長糯,高雄縣,22.380,26.000,26.690,26.670,24.330,20.590,18.780,19.870,19.680,19.170,21.290,23.330,22.180
90,稻穀,長糯,屏東縣,22.160,25.270,27.500,26.980,,18.430,19.610,20.350,19.330,19.170,21.240,23.890,21.990
90,稻穀,長糯,台東縣,21.680,24.580,24.750,24.170,24.170,24.160,18.370,19.170,19.170,19.170,19.410,22.110,20.970
90,稻穀,長糯,嘉義市,22.370,26.660,27.380,26.040,26.000,20.840,18.800,19.780,19.000,18.870,21.380,22.200,21.500
91,稻穀,長糯,彰化縣,18.150,21.780,21.670,21.250,21.650,19.860,17.870,17.670,17.080,15.550,14.410,14.090,14.950
91,稻穀,長糯,雲林縣,18.020,22.150,21.670,21.640,21.670,19.810,17.500,17.170,16.670,15.370,13.850,13.830,14.920
91,稻穀,長糯,嘉義縣,17.890,21.520,21.000,21.050,21.500,19.650,17.880,17.610,16.480,15.750,14.540,13.830,13.830
91,稻穀,長糯,台南縣,17.880,21.590,20.830,20.780,21.090,19.750,17.670,17.890,16.460,15.720,14.390,14.170,14.170
91,稻穀,長糯,高雄縣,18.040,21.610,21.720,21.450,21.000,19.640,17.760,17.950,16.770,15.650,14.600,14.170,14.170
91,稻穀,長糯,屏東縣,18.170,22.070,22.500,21.640,20.830,19.730,17.750,17.960,17.300,15.380,14.540,14.170,14.170
91,稻穀,長糯,台東縣,18.800,20.830,21.460,21.150,21.040,21.040,20.350,20.000,19.620,16.280,15.190,14.470,14.170
91,稻穀,長糯,嘉義市,17.890,21.520,21.000,21.050,21.500,19.650,17.880,17.610,16.480,15.750,14.540,13.830,13.830
92,稻穀,長糯,彰化縣,16.630,14.540,14.840,14.890,15.830,15.550,15.390,15.670,15.870,17.120,17.760,20.370,21.780
92,稻穀,長糯,雲林縣,16.290,14.110,14.530,14.490,15.320,15.030,14.690,15.330,15.810,16.970,17.510,20.060,21.670
92,稻穀,長糯,嘉義縣,16.090,13.830,14.020,14.880,14.880,14.980,14.940,15.300,15.500,16.200,17.200,19.850,21.520
92,稻穀,長糯,台南縣,16.150,13.970,14.370,14.550,15.350,15.190,15.000,15.230,15.430,16.660,17.330,19.730,21.020
92,稻穀,長糯,高雄縣,15.920,13.980,14.540,14.510,14.810,14.970,15.000,15.000,15.000,16.460,17.370,19.450,20.000
92,稻穀,長糯,屏東縣,16.240,14.170,14.170,14.190,15.230,15.500,15.500,15.500,15.500,16.570,17.300,19.640,21.640
92,稻穀,長糯,台東縣,15.320,13.360,13.330,13.330,13.330,,14.840,15.000,15.000,15.000,,20.000,20.000
92,稻穀,長糯,嘉義市,16.090,13.830,14.020,14.880,14.880,14.980,14.940,15.300,15.500,16.200,17.200,19.850,21.520
93,稻穀,長糯,彰化縣,22.540,21.190,21.670,21.700,26.550,25.110,20.610,18.620,20.000,21.160,23.060,25.360,25.460
93,稻穀,長糯,雲林縣,22.430,21.670,21.670,21.750,26.390,25.100,20.220,18.870,20.000,20.990,22.850,24.970,24.680
93,稻穀,長糯,嘉義縣,22.270,21.040,21.530,21.670,26.830,24.410,20.440,18.920,20.000,20.680,22.740,24.830,24.170
93,稻穀,長糯,台南縣,22.240,20.880,21.660,21.700,26.520,24.060,20.510,19.330,19.550,20.850,22.540,25.020,24.260
93,稻穀,長糯,高雄縣,22.270,20.580,21.420,21.320,27.130,24.190,20.640,19.290,20.000,20.810,22.390,24.940,24.570
93,稻穀,長糯,屏東縣,22.280,21.670,21.670,21.130,27.170,23.640,20.800,19.670,20.000,20.680,22.030,24.720,24.220
93,稻穀,長糯,台東縣,20.000,20.000,,,,,,,,,,,
93,稻穀,長糯,嘉義市,22.270,21.040,21.530,21.670,26.830,24.410,20.440,18.920,20.000,20.680,22.740,24.830,24.170
94,稻穀,長糯,彰化縣,21.880,25.000,24.520,22.650,22.000,21.550,18.130,19.270,20.110,20.600,22.740,23.260,22.690
94,稻穀,長糯,南投縣,19.670,,,,,,,19.670,,,,,
94,稻穀,長糯,雲林縣,21.890,25.000,24.790,23.060,22.500,21.210,17.720,19.090,20.080,20.630,22.870,23.180,22.500
94,稻穀,長糯,嘉義縣,21.740,24.870,24.170,23.070,22.350,20.450,17.730,18.770,20.150,20.730,22.610,23.320,22.610
94,稻穀,長糯,台南縣,21.760,24.600,24.310,22.660,22.520,20.470,17.780,19.240,20.500,20.760,22.740,23.160,22.410
94,稻穀,長糯,高雄縣,21.860,25.000,24.430,23.150,22.470,20.630,18.220,18.890,20.500,20.610,22.580,23.260,22.630
94,稻穀,長糯,屏東縣,21.840,25.000,24.420,23.570,23.220,20.660,18.250,18.730,20.000,20.300,21.910,23.310,22.710
94,稻穀,長糯,嘉義市,21.740,24.870,24.170,23.070,22.350,20.450,17.730,18.770,20.150,20.730,22.610,23.320,22.610
95,稻穀,長糯,彰化縣,21.050,22.500,22.500,20.480,20.330,20.010,19.800,21.480,21.530,22.060,22.020,20.270,19.620
95,稻穀,長糯,雲林縣,20.850,21.720,21.670,21.000,20.420,20.000,19.940,21.170,21.290,22.310,21.700,19.760,19.170
95,稻穀,長糯,嘉義縣,20.910,21.850,21.670,21.010,20.170,20.000,19.880,20.700,21.260,22.220,22.090,20.080,20.000
95,稻穀,長糯,台南縣,20.830,21.170,21.460,20.270,20.000,20.030,19.550,20.240,21.890,22.500,22.110,20.280,20.500
95,稻穀,長糯,高雄縣,20.890,21.860,21.670,21.110,20.220,20.000,20.000,20.720,21.150,22.030,22.090,20.270,19.500
95,稻穀,長糯,屏東縣,21.040,21.880,21.670,21.190,20.880,20.400,20.000,20.160,21.100,21.670,21.670,21.000,20.830
95,稻穀,長糯,嘉義市,20.910,21.850,21.670,21.010,20.180,20.000,19.880,20.700,21.260,22.220,22.090,20.080,20.000
96,稻穀,長糯,彰化縣,20.310,20.330,20.010,19.880,19.760,20.420,20.070,19.750,19.580,19.480,20.160,22.090,22.230
96,稻穀,長糯,雲林縣,19.970,19.790,19.810,19.670,19.550,19.910,19.920,19.210,19.050,19.130,19.780,21.890,21.960
96,稻穀,長糯,嘉義縣,20.160,20.000,19.750,19.500,19.490,19.440,20.000,19.910,19.540,19.500,19.760,22.950,22.050
96,稻穀,長糯,台南縣,20.120,20.440,19.320,19.330,19.690,19.510,19.540,19.620,19.410,19.400,19.610,22.860,22.720
96,稻穀,長糯,高雄縣,19.790,19.740,20.000,19.860,19.670,19.670,,,,,,,
96,稻穀,長糯,屏東縣,19.930,20.830,20.150,19.870,19.670,19.900,19.770,20.000,19.760,19.710,19.670,,
96,稻穀,長糯,台東縣,21.320,,,,,,,21.670,21.640,20.830,20.830,21.280,21.670
97,稻穀,長糯,彰化縣,21.770,22.890,23.700,25.160,25.320,24.590,21.030,19.420,19.350,19.170,19.350,19.900,21.370
97,稻穀,長糯,雲林縣,21.660,22.750,23.710,25.600,25.650,24.500,20.760,19.010,19.460,19.040,19.000,19.180,21.240
97,稻穀,長糯,嘉義縣,21.740,22.730,23.760,25.200,25.510,24.870,21.860,19.080,19.470,19.230,19.140,19.300,20.720
97,稻穀,長糯,台南縣,21.510,22.590,23.370,24.990,25.290,24.150,21.320,19.490,19.480,19.480,19.150,18.790,20.000
97,稻穀,長糯,屏東縣,20.300,,,,,22.220,20.530,20.000,20.000,19.860,19.400,19.480,20.880
97,稻穀,長糯,台東縣,22.560,23.300,24.160,24.160,24.160,24.160,23.720,22.290,21.670,21.670,21.670,21.090,18.620
98,稻穀,長糯,彰化縣,21.950,21.750,21.510,20.980,20.810,20.730,20.790,21.780,22.230,23.220,23.120,22.820,23.680
98,稻穀,長糯,雲林縣,21.240,21.310,20.940,19.980,19.540,19.800,20.410,20.940,22.050,22.640,21.900,22.050,23.300
98,稻穀,長糯,嘉義縣,21.180,21.050,20.220,20.140,19.230,19.530,20.290,21.120,21.910,22.670,22.680,22.260,23.060
98,稻穀,長糯,台南縣,21.220,20.440,20.440,20.440,19.920,20.030,20.520,21.010,21.770,22.440,22.600,22.170,22.900
98,稻穀,長糯,屏東縣,20.390,21.030,20.790,20.240,19.690,20.240,20.330,,,,,,
98,稻穀,長糯,台東縣,20.150,20.170,20.170,20.170,20.170,20.170,20.050,,,,,,
99,稻穀,長糯,彰化縣,27.160,25.830,26.050,25.950,25.460,25.860,25.750,27.730,28.410,28.400,28.210,27.710,30.600
99,稻穀,長糯,雲林縣,26.640,24.910,25.270,24.610,24.450,25.610,25.230,27.220,28.000,28.170,27.720,28.470,29.980
99,稻穀,長糯,嘉義縣,26.780,25.200,25.320,25.050,24.610,25.820,25.260,27.320,28.140,28.370,28.110,27.890,30.260
99,稻穀,長糯,台南縣,26.620,24.900,25.030,24.760,24.490,25.210,25.420,26.970,28.030,28.200,28.100,27.640,30.670
100,稻穀,長糯,彰化縣,27.400,29.680,30.800,31.580,32.600,35.120,26.130,23.000,23.520,24.030,24.080,24.010,24.220
100,稻穀,長糯,雲林縣,26.930,29.130,29.380,31.360,33.520,34.250,23.440,22.140,23.810,24.200,24.020,23.870,24.030
100,稻穀,長糯,嘉義縣,30.900,29.600,29.780,30.600,31.560,33.020,30.830,,,,,,
100,稻穀,長糯,台南市,26.960,29.360,29.440,30.340,31.970,33.920,26.400,23.160,23.090,23.800,24.150,23.910,24.030
101,稻穀,長糯,彰化縣,24.360,24.380,24.370,24.260,24.570,24.630,23.140,24.070,24.690,24.700,24.640,24.450,24.370
101,稻穀,長糯,雲林縣,24.180,24.210,24.200,23.990,24.410,24.420,23.660,24.160,24.390,24.420,24.180,24.010,24.150
101,稻穀,長糯,台南市,24.110,24.190,24.300,24.300,24.300,24.300,23.910,23.660,23.930,24.200,24.230,24.050,23.940
101,稻穀,長糯,高雄市,24.200,,,,,,,,,24.200,24.200,24.200,24.200
102,稻穀,長糯,彰化縣,24.310,24.090,23.800,23.470,23.040,22.960,23.240,25.040,25.050,24.850,24.700,24.980,26.520
102,稻穀,長糯,雲林縣,24.140,23.910,23.600,23.420,22.780,22.660,23.230,25.350,24.980,24.490,24.280,24.550,26.460
102,稻穀,長糯,嘉義縣,27.500,,,,,,,,,,,,27.500
102,稻穀,長糯,台南市,24.150,23.700,23.240,23.030,22.510,22.670,23.530,24.690,24.730,24.730,24.730,24.730,27.460
102,稻穀,長糯,高雄市,24.200,24.200,24.200,24.200,24.200,24.200,24.200,24.200,24.200,24.200,,,
103,稻穀,長糯,彰化縣,25.790,27.650,28.020,27.940,27.500,27.430,26.800,24.530,23.760,23.950,23.970,23.950,23.960
103,稻穀,長糯,雲林縣,25.240,27.070,27.130,27.530,27.380,27.270,25.080,23.350,23.500,23.790,23.540,23.550,23.740
103,稻穀,長糯,台南市,28.960,28.600,29.080,29.080,29.080,,,,,,,,
104,稻穀,長糯,彰化縣,29.480,24.090,24.230,28.070,29.610,29.120,27.670,28.260,29.850,31.410,32.600,33.360,35.490
104,稻穀,長糯,南投縣,27.010,23.920,23.670,25.660,28.160,28.330,28.330,28.330,28.330,28.330,,,
104,稻穀,長糯,雲林縣,29.790,24.300,25.760,29.950,29.730,27.960,27.770,29.370,30.300,31.720,31.880,32.570,36.220
104,稻穀,長糯,台南市,31.570,,,30.690,30.140,29.160,,30.000,29.770,32.440,32.570,,37.810
105,稻穀,長糯,彰化縣,30.600,37.300,37.710,34.210,34.150,33.070,29.980,25.990,26.180,26.270,26.600,27.450,28.300
105,稻穀,長糯,雲林縣,30.740,36.330,35.650,34.420,34.150,33.990,33.440,25.820,26.360,26.360,26.580,27.420,28.370
105,稻穀,長糯,屏東縣,31.660,,,,,,,,,,25.330,30.720,38.930
105,稻穀,長糯,台南市,28.830,,35.500,34.170,,25.830,24.640,26.590,26.660,,27.500,29.170,29.410
106,稻穀,長糯,彰化縣,25.900,28.560,28.470,27.550,26.760,25.530,25.020,25.130,24.810,25.110,25.110,24.640,24.060
106,稻穀,長糯,雲林縣,25.750,28.650,28.620,27.470,26.230,25.500,24.960,24.950,24.890,24.820,24.550,24.150,24.210
106,稻穀,長糯,屏東縣,29.160,38.440,38.440,38.440,34.760,26.940,24.960,24.800,24.800,24.800,24.800,24.380,24.300
106,稻穀,長糯,台南市,26.000,28.330,28.460,27.390,27.500,23.830,23.950,25.000,,,,25.000,24.580
107,稻穀,長糯,彰化縣,22.090,23.510,23.370,22.490,22.470,22.470,22.540,22.040,21.380,21.380,21.470,20.990,20.950
107,稻穀,長糯,雲林縣,22.370,24.240,23.910,23.190,22.400,22.700,23.210,22.210,21.160,21.410,21.460,21.270,21.240
107,稻穀,長糯,屏東縣,22.960,24.300,24.300,24.300,24.300,23.580,22.950,22.760,21.920,21.400,21.400,21.820,22.500
107,稻穀,長糯,台南市,22.810,24.390,24.420,23.360,22.650,23.660,23.610,22.440,22.160,22.000,23.660,20.750,20.560
108,稻穀,長糯,彰化縣,24.280,20.830,20.800,20.800,20.800,21.090,22.070,26.120,27.130,28.100,27.940,27.840,27.830
108,稻穀,長糯,雲林縣,24.210,21.250,21.280,21.330,21.130,21.420,21.980,25.440,27.500,27.460,27.160,27.200,27.350
108,稻穀,長糯,屏東縣,22.500,22.500,,,,,,,,,,,
108,稻穀,長糯,台南市,24.730,20.860,20.910,21.070,,21.330,22.550,26.940,27.690,27.760,27.620,28.110,27.190
109,稻穀,長糯,彰化縣,28.120,27.690,27.530,27.610,28.320,28.330,25.410,28.220,28.140,27.500,27.480,29.260,31.910
109,稻穀,長糯,雲林縣,28.310,26.950,26.900,27.280,28.120,28.380,27.590,28.560,28.110,27.450,27.610,29.860,32.880
109,稻穀,長糯,台南市,28.370,27.000,26.740,27.380,28.590,29.580,25.250,28.570,27.260,26.850,27.960,31.640,33.660
110,稻穀,長糯,彰化縣,26.590,32.670,33.270,32.660,29.380,28.080,26.150,24.090,24.390,24.290,21.170,21.310,21.670
110,稻穀,長糯,雲林縣,29.810,33.200,32.910,32.580,30.800,29.770,29.610,29.590,29.590,29.590,29.590,27.950,22.580
110,稻穀,長糯,台南市,25.450,33.830,32.140,31.980,29.990,,22.990,20.810,21.140,21.160,20.830,21.640,23.430
111,稻穀,長糯,彰化縣,24.890,22.050,22.500,22.500,23.010,23.400,23.400,26.400,27.160,27.070,27.070,27.070,27.070
111,稻穀,長糯,雲林縣,24.750,22.440,22.520,22.540,22.940,23.870,24.170,26.550,26.480,26.370,26.390,26.380,26.400
111,稻穀,長糯,台南市,25.110,22.530,22.500,22.790,23.840,23.970,24.800,26.770,26.910,27.060,27.500,26.700,26.000
112,稻穀,長糯,彰化縣,26.360,27.070,26.970,26.980,26.970,27.000,27.000,26.540,24.650,25.010,25.790,25.890,26.460
112,稻穀,長糯,雲林縣,25.830,26.380,26.340,26.400,26.780,26.610,26.140,24.870,24.370,24.650,24.880,25.370,27.180
112,稻穀,長糯,台南市,25.850,26.650,26.770,26.770,26.770,26.710,25.270,24.910,25.070,25.160,25.160,25.300,25.670
113,稻穀,長糯,彰化縣,26.420,26.460,26.460,26.460,26.460,26.160,25.570,25.860,26.510,26.670,26.730,26.760,26.950
113,稻穀,長糯,雲林縣,26.320,27.530,27.050,26.740,26.210,25.460,24.870,25.160,26.140,26.640,26.630,26.660,26.780
113,稻穀,長糯,台南市,25.380,25.670,25.670,25.670,25.670,25.650,25.170,25.170,25.170,25.170,25.170,25.170,25.170
114,稻穀,長糯,彰化縣,27.760,26.960,26.960,26.960,26.960,26.960,26.960,27.300,28.190,28.960,28.960,28.960,28.960
114,稻穀,長糯,雲林縣,28.390,26.740,26.640,26.640,26.910,27.670,27.750,29.260,29.770,29.680,29.790,29.770,30.090
114,稻穀,長糯,台南市,24.860,25.170,24.920,24.500,,,,,,,,,
115,稻穀,長糯,彰化縣,29.920,29.440,30.700,31.000,31.000,30.880,29.720,28.490,28.120,,,,
115,稻穀,長糯,雲林縣,29.510,30.350,30.740,30.740,30.610,30.050,28.450,27.560,27.590,,,,
82,白米零售,稉種(蓬萊),新北市,32.830,31.700,31.700,33.090,33.980,35.000,34.090,31.750,31.700,31.700,32.680,33.300,33.300
82,白米零售,稉種(蓬萊),宜蘭縣,31.110,30.000,30.000,31.650,32.820,33.300,31.870,30.000,30.000,30.000,30.220,31.700,31.700
82,白米零售,稉種(蓬萊),桃園市,31.040,30.000,30.430,32.110,33.300,33.300,30.900,30.000,30.000,30.000,30.000,31.640,30.770
82,白米零售,稉種(蓬萊),新竹縣,31.130,30.000,30.000,31.370,33.300,33.300,31.960,30.280,30.000,30.000,30.000,31.640,31.700
82,白米零售,稉種(蓬萊),苗栗縣,31.530,30.000,30.140,32.010,33.300,32.990,32.150,30.380,30.570,30.800,31.410,32.420,32.160
82,白米零售,稉種(蓬萊),台中縣,32.030,30.780,31.400,32.750,32.900,32.900,32.500,31.400,31.400,31.400,31.400,32.800,32.770
82,白米零售,稉種(蓬萊),彰化縣,32.650,31.400,31.610,33.220,34.300,34.300,33.650,31.590,31.400,31.400,31.400,33.270,34.300
82,白米零售,稉種(蓬萊),南投縣,31.720,30.000,31.050,32.560,32.900,32.900,32.040,30.000,30.630,31.400,31.400,32.800,32.900
82,白米零售,稉種(蓬萊),雲林縣,31.030,30.400,30.780,33.300,32.880,31.900,30.300,29.000,29.590,29.890,30.260,32.130,31.900
82,白米零售,稉種(蓬萊),嘉義縣,30.850,30.030,30.600,31.900,32.740,33.300,30.380,29.000,29.180,29.700,30.060,31.500,31.800
82,白米零售,稉種(蓬萊),台南縣,31.180,29.000,30.930,31.570,32.330,33.000,32.730,30.580,30.000,30.000,30.100,31.900,32.000
82,白米零售,稉種(蓬萊),高雄縣,31.740,30.400,30.670,32.940,33.300,33.300,31.990,30.400,30.400,30.400,31.270,32.970,32.890
82,白米零售,稉種(蓬萊),屏東縣,31.220,29.700,29.700,30.880,31.900,31.900,30.550,29.700,30.300,31.900,31.670,33.140,33.300
82,白米零售,稉種(蓬萊),台東縣,31.030,29.700,30.050,31.330,31.900,31.900,31.060,30.400,30.400,30.400,30.400,32.160,32.600
82,白米零售,稉種(蓬萊),花蓮縣,31.830,30.400,30.640,32.370,33.300,33.300,32.970,30.980,30.710,31.200,31.200,32.320,32.600
82,白米零售,稉種(蓬萊),澎湖縣,31.940,30.650,30.800,32.000,33.300,33.300,32.500,30.830,31.640,31.700,31.700,32.390,32.500
82,白米零售,稉種(蓬萊),基隆市,32.830,31.700,31.870,33.150,33.980,35.000,33.930,31.700,31.700,31.700,32.680,33.300,33.300
82,白米零售,稉種(蓬萊),新竹市,31.120,29.200,30.100,31.910,33.300,33.300,31.960,30.280,30.000,30.000,30.000,31.640,31.700
82,白米零售,稉種(蓬萊),台中市,32.040,30.780,31.400,32.750,32.900,32.900,32.500,31.400,31.400,31.400,31.400,32.800,32.900
82,白米零售,稉種(蓬萊),嘉義市,30.850,30.030,30.600,31.900,32.740,33.300,30.380,29.000,29.180,29.700,30.060,31.500,31.800
82,白米零售,稉種(蓬萊),台南市,32.120,31.000,31.960,32.550,33.000,33.000,33.000,31.940,31.000,31.000,31.100,32.900,33.000
82,白米零售,稉種(蓬萊),台北市,32.830,31.700,31.700,33.090,33.980,35.000,34.090,31.750,31.700,31.700,32.680,33.300,33.300
82,白米零售,稉種(蓬萊),高雄市,31.740,30.400,30.670,32.940,33.300,33.300,31.990,30.400,30.400,30.400,31.270,32.970,32.890
83,白米零售,稉種(蓬萊),新北市,32.610,33.300,33.300,33.300,33.300,32.840,31.700,31.700,31.700,31.700,31.910,33.300,33.300
83,白米零售,稉種(蓬萊),宜蘭縣,30.680,31.700,31.700,31.700,31.700,31.370,30.000,30.000,30.000,30.000,30.000,30.000,30.000
83,白米零售,稉種(蓬萊),桃園市,29.930,31.700,31.700,31.150,30.000,29.070,27.070,28.300,29.340,29.600,29.350,30.170,31.700
83,白米零售,稉種(蓬萊),新竹縣,29.830,31.700,31.700,31.700,31.700,30.500,28.880,28.300,28.300,28.300,28.300,28.720,29.870
83,白米零售,稉種(蓬萊),苗栗縣,30.870,32.960,33.300,33.300,32.500,30.660,28.820,28.300,29.400,29.810,29.410,30.450,31.500
83,白米零售,稉種(蓬萊),台中縣,31.330,32.590,32.900,32.900,32.900,31.890,30.000,30.000,30.000,30.000,30.000,31.320,31.400
83,白米零售,稉種(蓬萊),彰化縣,32.010,34.300,34.300,34.300,34.300,32.880,31.210,30.000,30.000,30.000,30.000,31.400,31.400
83,白米零售,稉種(蓬萊),南投縣,31.320,32.900,32.900,32.900,32.900,31.650,30.000,30.000,30.000,30.000,30.000,31.210,31.400
83,白米零售,稉種(蓬萊),雲林縣,29.770,31.900,31.900,32.160,29.840,28.270,28.350,27.690,29.000,29.000,29.000,29.750,30.400
83,白米零售,稉種(蓬萊),嘉義縣,30.310,31.940,32.000,32.000,32.000,30.220,29.000,29.000,29.000,29.000,29.000,30.120,30.400
83,白米零售,稉種(蓬萊),台南縣,31.080,32.000,32.000,32.000,32.000,31.420,30.000,30.000,30.000,30.000,30.000,31.530,32.000
83,白米零售,稉種(蓬萊),高雄縣,31.180,33.160,33.300,33.300,33.020,30.930,29.930,29.000,29.090,30.310,29.000,31.250,31.900
83,白米零售,稉種(蓬萊),屏東縣,31.340,33.300,33.300,33.300,33.250,31.200,29.610,29.000,29.140,30.400,30.400,31.430,31.800
83,白米零售,稉種(蓬萊),台東縣,30.730,32.600,32.600,32.600,32.530,31.290,29.890,28.850,29.000,29.000,29.000,30.200,31.200
83,白米零售,稉種(蓬萊),花蓮縣,31.090,32.600,32.600,32.600,32.600,32.130,30.670,28.790,29.640,30.260,29.700,30.300,31.200
83,白米零售,稉種(蓬萊),澎湖縣,31.630,32.500,33.230,33.300,32.690,31.880,30.700,30.000,30.570,30.800,30.800,31.400,31.700
83,白米零售,稉種(蓬萊),基隆市,31.710,33.300,33.300,33.300,33.300,32.780,30.740,30.000,30.000,30.000,30.440,31.700,31.700
83,白米零售,稉種(蓬萊),新竹市,30.180,31.700,31.700,31.700,31.700,30.500,28.880,28.300,28.300,28.300,28.900,30.510,31.700
83,白米零售,稉種(蓬萊),台中市,31.370,32.870,32.900,32.900,32.900,31.930,30.230,30.000,30.000,30.000,30.000,31.320,31.400
83,白米零售,稉種(蓬萊),嘉義市,30.280,31.940,32.000,32.000,31.730,30.220,29.000,29.000,29.000,29.000,29.000,30.120,30.400
83,白米零售,稉種(蓬萊),台南市,31.610,33.000,33.100,33.000,33.000,32.710,30.930,30.000,30.000,30.000,30.000,31.530,32.000
83,白米零售,稉種(蓬萊),台北市,32.610,33.300,33.300,33.300,33.300,32.840,31.700,31.700,31.700,31.700,31.910,33.300,33.300
83,白米零售,稉種(蓬萊),高雄市,31.180,33.160,33.300,33.300,33.020,30.930,29.930,29.000,29.090,30.310,29.000,31.250,31.900
84,白米零售,稉種(蓬萊),新北市,36.310,33.540,35.640,36.800,37.390,38.300,36.700,35.700,36.410,35.800,36.030,36.700,36.700
84,白米零售,稉種(蓬萊),宜蘭縣,33.870,31.420,32.890,35.000,35.740,36.590,34.500,33.300,33.300,33.300,33.300,33.300,33.850
84,白米零售,稉種(蓬萊),桃園市,33.670,31.700,33.390,34.810,35.000,35.000,34.040,33.300,33.300,33.300,33.300,33.300,33.630
84,白米零售,稉種(蓬萊),新竹縣,33.410,30.000,32.500,34.850,35.000,35.000,33.920,33.300,33.150,33.300,33.300,33.300,33.300
84,白米零售,稉種(蓬萊),苗栗縣,33.920,32.040,34.300,35.440,35.520,35.750,34.380,33.300,33.300,32.980,33.300,33.300,33.420
84,白米零售,稉種(蓬萊),台中縣,34.440,32.400,34.240,35.700,36.310,36.870,35.140,33.350,33.530,34.300,33.040,34.070,34.300
84,白米零售,稉種(蓬萊),彰化縣,35.380,33.310,35.580,37.100,38.650,38.450,36.210,33.440,34.300,34.300,34.300,34.300,34.570
84,白米零售,稉種(蓬萊),南投縣,34.720,32.450,34.120,36.430,36.240,37.610,35.470,32.990,34.030,34.300,34.300,34.300,34.390
84,白米零售,稉種(蓬萊),雲林縣,33.550,30.800,33.190,34.690,35.380,35.700,32.900,33.120,33.300,33.300,33.300,33.300,33.590
84,白米零售,稉種(蓬萊),嘉義縣,33.470,31.650,34.070,34.800,35.330,35.880,33.240,33.000,33.000,32.130,32.000,33.180,33.300
84,白米零售,稉種(蓬萊),台南縣,33.890,32.170,34.520,35.450,35.670,35.770,33.330,32.940,33.000,33.000,33.000,33.830,34.000
84,白米零售,稉種(蓬萊),高雄縣,34.120,32.370,34.280,36.110,36.200,36.110,34.290,33.340,33.300,33.300,33.300,33.300,33.590
84,白米零售,稉種(蓬萊),屏東縣,34.740,32.500,34.730,36.200,36.670,37.140,34.700,33.660,34.700,34.510,33.300,34.090,34.700
84,白米零售,稉種(蓬萊),台東縣,34.920,31.430,33.970,35.930,36.150,36.740,35.400,35.000,35.000,34.990,34.800,34.800,34.800
84,白米零售,稉種(蓬萊),花蓮縣,35.340,32.180,35.440,36.200,35.810,37.390,36.370,36.200,34.890,34.800,34.800,34.800,35.230
84,白米零售,稉種(蓬萊),澎湖縣,34.240,32.550,34.190,35.720,36.220,36.700,35.510,33.300,33.300,33.300,33.300,33.300,33.520
84,白米零售,稉種(蓬萊),基隆市,36.190,32.820,35.380,36.700,37.290,38.300,36.620,35.570,36.440,35.800,35.970,36.700,36.700
84,白米零售,稉種(蓬萊),新竹市,33.600,31.700,33.100,34.850,35.000,35.000,33.920,33.300,33.150,33.300,33.300,33.300,33.300
84,白米零售,稉種(蓬萊),台中市,34.670,32.400,34.310,35.700,36.610,36.870,35.140,33.400,34.300,34.300,34.300,34.300,34.440
84,白米零售,稉種(蓬萊),嘉義市,33.460,31.650,34.050,34.800,35.330,35.880,33.240,33.000,33.000,32.130,32.000,33.180,33.300
84,白米零售,稉種(蓬萊),台南市,33.960,32.170,34.430,36.000,36.130,35.770,33.330,32.940,33.000,33.000,33.000,33.730,34.000
84,白米零售,稉種(蓬萊),台北市,36.310,33.540,35.640,36.800,37.390,38.300,36.700,35.700,36.410,35.800,36.030,36.700,36.700
84,白米零售,稉種(蓬萊),高雄市,34.120,32.370,34.280,36.110,36.200,36.110,34.290,33.340,33.300,33.300,33.300,33.300,33.590
85,白米零售,稉種(蓬萊),新北市,38.370,38.150,38.300,39.050,38.960,39.200,39.200,38.390,38.300,37.850,37.500,37.500,38.070
85,白米零售,稉種(蓬萊),宜蘭縣,35.660,36.320,36.700,36.850,36.700,36.700,36.700,35.600,35.000,35.000,34.560,33.300,34.450
85,白米零售,稉種(蓬萊),桃園市,35.120,35.000,35.000,36.260,36.370,36.700,36.700,36.210,35.000,34.320,33.300,33.300,33.300
85,白米零售,稉種(蓬萊),新竹縣,34.590,34.840,35.000,35.930,35.000,35.160,36.300,36.150,33.520,33.300,33.300,33.300,33.300
85,白米零售,稉種(蓬萊),苗栗縣,35.150,34.770,35.080,36.350,36.700,36.700,36.700,36.040,35.000,34.600,33.300,33.300,33.300
85,白米零售,稉種(蓬萊),台中縣,35.890,35.290,35.700,36.830,37.100,37.100,37.100,36.330,35.700,35.700,35.250,34.300,34.300
85,白米零售,稉種(蓬萊),彰化縣,37.180,36.690,37.100,38.070,38.600,38.600,38.600,37.580,37.100,36.770,35.700,35.700,35.700
85,白米零售,稉種(蓬萊),南投縣,36.010,35.700,35.700,36.920,37.100,37.100,37.100,36.560,36.560,36.030,34.710,34.300,34.300
85,白米零售,稉種(蓬萊),雲林縣,35.080,34.800,34.800,35.670,36.000,36.000,36.000,35.770,34.800,34.610,34.100,34.100,34.300
85,白米零售,稉種(蓬萊),嘉義縣,34.910,34.700,34.800,35.750,36.200,36.200,36.200,35.610,34.800,34.800,33.300,33.300,33.300
85,白米零售,稉種(蓬萊),台南縣,35.360,35.680,36.000,36.290,36.020,36.890,36.000,35.030,35.000,35.000,35.000,33.670,33.740
85,白米零售,稉種(蓬萊),高雄縣,35.400,34.800,35.070,36.200,36.200,36.200,36.200,36.110,34.800,34.800,34.800,34.800,34.800
85,白米零售,稉種(蓬萊),屏東縣,36.350,36.100,37.600,37.600,37.600,36.650,36.710,36.200,36.200,36.200,34.700,34.700,35.910
85,白米零售,稉種(蓬萊),台東縣,36.480,36.030,36.200,36.960,37.700,37.700,37.560,36.320,36.200,36.200,36.200,35.160,35.570
85,白米零售,稉種(蓬萊),花蓮縣,37.120,36.560,37.130,38.130,37.700,37.840,37.700,37.700,37.520,36.300,36.300,36.300,36.300
85,白米零售,稉種(蓬萊),澎湖縣,36.160,35.670,35.930,36.700,36.700,36.700,36.700,36.700,36.700,36.550,35.540,35.000,35.000
85,白米零售,稉種(蓬萊),基隆市,38.380,38.090,38.300,39.030,39.200,39.200,39.200,38.420,38.300,37.900,37.500,37.500,37.910
85,白米零售,稉種(蓬萊),新竹市,34.830,34.840,35.000,35.930,35.740,36.700,36.780,36.200,33.520,33.300,33.300,33.300,33.300
85,白米零售,稉種(蓬萊),台中市,35.950,35.700,35.700,36.830,37.100,37.100,37.100,36.650,35.700,35.700,35.250,34.300,34.300
85,白米零售,稉種(蓬萊),嘉義市,34.910,34.700,34.800,35.750,36.200,36.200,36.200,35.610,34.800,34.800,33.300,33.300,33.300
85,白米零售,稉種(蓬萊),台南市,35.450,35.680,36.000,36.290,36.020,36.920,36.500,35.550,35.000,35.000,35.000,33.670,33.740
85,白米零售,稉種(蓬萊),台北市,38.390,38.150,38.300,39.050,39.200,39.200,39.200,38.390,38.300,37.850,37.500,37.500,38.070
85,白米零售,稉種(蓬萊),高雄市,35.400,34.800,35.070,36.200,36.200,36.200,36.200,36.110,34.800,34.800,34.800,34.800,34.800
86,白米零售,稉種(蓬萊),新北市,35.780,38.300,38.300,38.300,38.270,37.190,35.120,33.950,33.300,33.300,33.590,34.730,35.000
86,白米零售,稉種(蓬萊),宜蘭縣,33.390,35.000,35.000,35.000,35.000,33.740,32.930,31.700,31.700,31.700,32.320,33.300,33.300
86,白米零售,稉種(蓬萊),桃園市,32.940,34.560,35.000,35.000,34.890,33.040,31.700,31.700,31.700,30.960,30.770,32.660,33.300
86,白米零售,稉種(蓬萊),新竹縣,31.930,33.300,33.300,33.300,33.300,32.990,31.700,30.930,29.400,29.040,30.160,32.390,33.300
86,白米零售,稉種(蓬萊),苗栗縣,32.620,34.230,34.850,34.200,34.200,33.550,31.310,30.830,31.410,30.430,30.550,32.580,33.300
86,白米零售,稉種(蓬萊),台中縣,33.420,34.300,34.300,34.300,34.300,33.490,32.900,32.900,32.900,32.900,32.900,32.900,32.900
86,白米零售,稉種(蓬萊),彰化縣,34.290,35.700,35.700,35.700,35.700,35.250,34.110,32.900,32.900,32.900,32.900,33.370,34.300
86,白米零售,稉種(蓬萊),南投縣,32.740,34.300,34.300,34.300,34.300,33.600,31.630,31.400,31.400,31.400,31.400,31.950,32.900
86,白米零售,稉種(蓬萊),雲林縣,33.140,34.800,34.800,34.800,34.800,33.560,31.900,31.900,31.900,31.900,31.900,32.090,33.300
86,白米零售,稉種(蓬萊),嘉義縣,33.090,34.210,34.780,34.780,34.780,33.470,31.880,31.890,31.900,31.900,31.900,32.230,33.300
86,白米零售,稉種(蓬萊),台南縣,32.590,34.260,35.000,34.520,34.000,32.900,32.000,32.000,30.000,30.000,30.710,32.700,33.000
86,白米零售,稉種(蓬萊),高雄縣,33.820,34.800,34.800,34.800,34.800,34.300,33.300,33.450,33.180,32.820,32.960,33.300,33.300
86,白米零售,稉種(蓬萊),屏東縣,34.200,36.200,36.200,36.200,35.130,34.070,33.300,33.300,32.800,31.950,33.300,33.300,34.700
86,白米零售,稉種(蓬萊),台東縣,34.500,36.200,36.200,36.200,36.200,35.580,34.670,34.320,32.600,32.600,32.600,32.600,34.230
86,白米零售,稉種(蓬萊),花蓮縣,35.770,36.660,37.000,37.000,37.000,36.740,34.890,34.800,34.800,34.800,34.800,34.800,35.970
86,白米零售,稉種(蓬萊),澎湖縣,33.970,35.710,36.700,35.380,35.000,34.180,33.300,32.530,33.070,32.500,32.630,33.300,33.300
86,白米零售,稉種(蓬萊),基隆市,36.060,38.300,38.300,38.300,38.300,37.290,35.410,33.840,35.830,34.490,33.310,34.330,35.000
86,白米零售,稉種(蓬萊),新竹市,32.060,33.300,33.300,33.300,33.300,32.990,31.700,30.930,30.000,30.000,30.160,32.390,33.300
86,白米零售,稉種(蓬萊),台中市,33.660,34.300,34.300,34.300,34.300,34.300,33.650,32.900,32.900,32.900,32.900,32.900,34.210
86,白米零售,稉種(蓬萊),嘉義市,33.090,34.210,34.780,34.780,34.780,33.470,31.880,31.890,31.900,31.900,31.900,32.230,33.300
86,白米零售,稉種(蓬萊),台南市,33.450,34.260,35.000,34.520,34.000,32.900,32.000,32.000,33.000,33.000,33.000,33.700,34.000
86,白米零售,稉種(蓬萊),台北市,36.090,38.300,38.300,38.300,38.270,37.190,35.120,33.950,35.990,34.320,33.590,34.730,35.000
86,白米零售,稉種(蓬萊),高雄市,33.820,34.800,34.800,34.800,34.800,34.300,33.300,33.450,33.180,32.820,32.960,33.300,33.300
87,白米零售,稉種(蓬萊),新北市,36.000,35.000,35.640,36.480,38.270,37.100,35.170,35.000,35.000,35.000,35.580,36.780,37.000
87,白米零售,稉種(蓬萊),宜蘭縣,34.090,33.300,33.300,33.740,36.360,35.710,33.300,33.300,33.300,33.300,33.520,35.000,35.000
87,白米零售,稉種(蓬萊),桃園市,32.980,33.300,33.300,33.790,35.000,34.010,32.450,31.700,31.700,31.700,32.160,33.300,33.300
87,白米零售,稉種(蓬萊),新竹縣,33.000,33.300,33.300,33.680,35.000,35.000,34.150,30.980,31.540,31.700,31.700,32.390,33.300
87,白米零售,稉種(蓬萊),苗栗縣,33.710,33.300,33.920,35.050,36.700,34.450,32.390,31.600,33.300,32.070,32.470,34.320,35.000
87,白米零售,稉種(蓬萊),台中縣,33.500,32.900,32.900,34.250,35.560,34.300,32.600,32.420,32.750,32.900,32.900,34.250,34.300
87,白米零售,稉種(蓬萊),彰化縣,34.570,34.300,34.970,35.790,37.100,35.930,33.550,32.900,32.900,32.900,33.170,35.650,35.700
87,白米零售,稉種(蓬萊),南投縣,33.150,32.900,33.570,34.570,35.700,34.530,32.250,31.400,31.400,31.400,31.930,33.830,34.300
87,白米零售,稉種(蓬萊),雲林縣,32.610,32.920,34.020,32.940,34.060,33.680,31.140,30.800,31.900,31.900,32.040,32.600,33.300
87,白米零售,稉種(蓬萊),嘉義縣,32.940,33.300,33.300,33.640,34.800,34.270,32.190,31.110,31.800,31.900,32.350,33.300,33.300
87,白米零售,稉種(蓬萊),台南縣,33.200,33.000,33.000,33.900,35.000,34.740,32.300,30.710,32.000,32.000,32.350,34.430,35.000
87,白米零售,稉種(蓬萊),高雄縣,34.150,33.300,33.300,34.060,36.200,34.610,33.300,33.300,33.300,33.300,33.450,35.430,36.200
87,白米零售,稉種(蓬萊),屏東縣,34.580,34.800,34.800,35.160,36.200,34.910,33.300,33.300,33.300,33.300,33.590,36.060,36.200
87,白米零售,稉種(蓬萊),台東縣,35.030,34.700,35.840,36.200,36.200,36.200,35.550,34.700,34.700,34.230,33.300,33.770,34.930
87,白米零售,稉種(蓬萊),花蓮縣,35.800,36.200,36.200,36.200,36.200,36.270,36.200,36.200,36.200,34.290,34.000,34.600,37.000
87,白米零售,稉種(蓬萊),澎湖縣,33.880,33.300,33.300,33.470,35.450,35.440,33.390,33.300,33.300,33.300,33.300,34.030,35.000
87,白米零售,稉種(蓬萊),基隆市,35.270,35.000,35.380,36.210,38.170,37.060,35.000,33.630,33.300,33.300,34.010,35.450,36.700
87,白米零售,稉種(蓬萊),新竹市,33.010,33.300,33.300,33.790,35.000,35.000,34.150,30.980,31.540,31.700,31.700,32.390,33.300
87,白米零售,稉種(蓬萊),台中市,33.980,34.300,34.300,34.350,35.700,34.890,34.020,32.900,32.900,32.900,32.900,34.250,34.300
87,白米零售,稉種(蓬萊),嘉義市,32.940,33.300,33.300,33.640,34.800,34.270,32.190,31.110,31.800,31.900,32.350,33.300,33.300
87,白米零售,稉種(蓬萊),台南市,33.780,34.000,34.000,34.320,36.000,35.740,33.530,32.000,32.000,32.000,32.350,34.430,35.000
87,白米零售,稉種(蓬萊),台北市,36.000,35.000,35.640,36.480,38.270,37.100,35.170,35.000,35.000,35.000,35.580,36.780,37.000
87,白米零售,稉種(蓬萊),高雄市,34.200,33.300,33.300,34.190,36.500,34.870,33.300,33.300,33.300,33.300,33.450,35.410,36.200
88,白米零售,稉種(蓬萊),新北市,38.070,38.040,39.470,40.310,40.000,39.830,38.250,36.800,35.410,35.060,36.500,37.990,39.200
88,白米零售,稉種(蓬萊),宜蘭縣,35.490,35.880,36.700,38.300,38.300,38.300,37.450,33.520,33.300,33.300,33.300,33.300,34.230
88,白米零售,稉種(蓬萊),桃園市,34.860,36.150,36.700,38.250,38.300,37.940,33.530,33.300,33.300,33.090,31.700,32.550,33.460
88,白米零售,稉種(蓬萊),新竹縣,34.240,35.110,36.700,38.150,38.300,37.350,32.230,31.700,31.700,31.700,31.700,32.450,33.740
88,白米零售,稉種(蓬萊),苗栗縣,35.000,36.630,37.500,38.270,37.980,37.350,34.430,33.300,32.650,32.380,31.600,33.120,34.770
88,白米零售,稉種(蓬萊),台中縣,36.020,35.930,37.100,38.550,38.600,38.260,36.630,35.700,34.480,34.300,34.300,33.970,34.390
88,白米零售,稉種(蓬萊),彰化縣,36.110,37.120,38.600,39.950,39.250,38.260,35.140,34.300,34.300,34.300,33.130,34.110,34.800
88,白米零售,稉種(蓬萊),南投縣,35.130,35.880,37.100,38.450,38.600,37.310,35.000,33.620,32.900,32.900,32.900,32.650,34.280
88,白米零售,稉種(蓬萊),雲林縣,34.500,34.370,35.700,37.550,36.450,36.020,33.800,33.300,33.300,33.160,31.900,33.900,34.600
88,白米零售,稉種(蓬萊),嘉義縣,34.790,35.260,36.700,37.700,37.100,36.200,34.780,33.880,33.300,33.160,31.900,32.790,34.700
88,白米零售,稉種(蓬萊),台南縣,34.410,35.000,36.000,37.550,37.000,36.770,33.200,32.160,33.000,33.000,32.190,33.100,34.000
88,白米零售,稉種(蓬萊),高雄縣,35.720,36.850,39.000,38.960,38.600,37.460,34.800,34.800,33.400,33.300,33.300,33.500,34.680
88,白米零售,稉種(蓬萊),屏東縣,36.520,37.200,39.100,39.100,39.100,37.770,36.060,34.800,35.340,36.200,33.280,34.040,36.200
88,白米零售,稉種(蓬萊),台東縣,36.310,36.200,36.620,38.350,38.400,38.400,37.350,35.390,34.800,34.800,34.610,34.560,36.200
88,白米零售,稉種(蓬萊),花蓮縣,37.540,37.450,39.000,39.640,39.900,39.900,38.950,36.200,36.060,35.590,35.590,35.990,36.200
88,白米零售,稉種(蓬萊),澎湖縣,35.780,36.030,37.680,38.300,38.300,38.270,36.300,35.000,34.110,33.300,33.300,33.810,35.000
88,白米零售,稉種(蓬萊),基隆市,36.530,37.300,38.790,40.000,40.000,39.780,38.300,33.330,33.330,33.330,33.330,34.220,36.670
88,白米零售,稉種(蓬萊),新竹市,34.330,35.110,36.700,38.150,38.300,37.680,33.220,31.540,31.700,31.700,31.700,32.450,33.740
88,白米零售,稉種(蓬萊),台中市,36.110,35.930,37.100,38.550,38.600,38.260,36.630,35.700,34.480,34.300,34.300,33.970,35.470
88,白米零售,稉種(蓬萊),嘉義市,34.790,35.260,36.700,37.700,37.100,36.200,34.780,33.880,33.300,33.160,31.900,32.790,34.700
88,白米零售,稉種(蓬萊),台南市,34.410,35.000,36.000,37.550,37.000,36.770,33.200,32.160,33.000,33.000,32.190,33.100,34.000
88,白米零售,稉種(蓬萊),台北市,38.070,38.040,39.470,40.310,40.000,39.830,38.250,36.800,35.410,35.060,36.500,37.990,39.200
88,白米零售,稉種(蓬萊),高雄市,35.720,36.850,39.000,38.960,38.600,37.460,34.800,34.800,33.350,33.300,33.300,33.500,34.670
89,白米零售,稉種(蓬萊),新北市,34.910,38.420,38.300,38.300,36.940,35.370,33.420,33.300,32.890,32.500,32.680,33.300,33.450
89,白米零售,稉種(蓬萊),宜蘭縣,33.870,35.970,36.670,36.670,36.670,34.750,32.910,31.950,31.670,31.670,31.720,32.620,33.220
89,白米零售,稉種(蓬萊),桃園市,32.270,35.000,35.000,35.000,35.000,33.350,30.110,30.000,30.000,30.000,30.000,31.200,32.580
89,白米零售,稉種(蓬萊),新竹縣,31.810,34.900,35.000,35.000,34.890,32.980,28.810,29.200,29.640,30.000,30.000,30.000,31.250
89,白米零售,稉種(蓬萊),苗栗縣,32.540,35.000,35.360,35.230,34.890,32.580,30.000,29.920,31.210,30.800,30.950,31.920,32.650
89,白米零售,稉種(蓬萊),台中縣,33.140,35.700,35.700,35.700,35.140,33.080,32.700,31.400,31.400,31.400,31.400,31.400,32.610
89,白米零售,稉種(蓬萊),彰化縣,33.280,35.700,35.700,35.700,35.700,34.350,32.500,31.400,31.400,31.400,31.400,31.400,32.750
89,白米零售,稉種(蓬萊),南投縣,32.840,35.430,35.700,35.700,35.700,33.710,31.430,30.780,30.000,30.000,30.270,32.450,32.900
89,白米零售,稉種(蓬萊),雲林縣,32.220,35.300,35.670,36.200,34.990,33.350,31.900,30.840,29.900,29.000,29.000,29.470,31.030
89,白米零售,稉種(蓬萊),嘉義縣,32.310,34.970,35.000,35.000,34.800,33.100,30.770,30.400,30.400,30.400,30.400,30.400,32.080
89,白米零售,稉種(蓬萊),台南縣,32.640,34.940,35.000,35.000,34.770,33.060,32.000,31.320,31.000,31.000,31.000,31.000,31.610
89,白米零售,稉種(蓬萊),高雄縣,33.390,35.560,35.800,36.520,36.200,33.480,31.830,31.400,31.580,31.900,31.900,32.120,32.440
89,白米零售,稉種(蓬萊),屏東縣,33.860,36.200,37.030,37.170,36.200,33.790,31.900,31.900,31.900,31.900,31.900,33.070,33.300
89,白米零售,稉種(蓬萊),台東縣,34.350,36.200,36.200,36.200,36.200,35.520,33.860,33.300,33.080,32.900,32.900,32.900,32.980
89,白米零售,稉種(蓬萊),花蓮縣,34.370,37.310,37.700,37.700,37.280,35.390,33.160,33.000,32.530,32.210,32.000,32.000,32.190
89,白米零售,稉種(蓬萊),澎湖縣,34.050,35.740,36.700,36.700,36.100,34.330,32.820,32.500,32.500,32.500,32.500,32.930,33.300
89,白米零售,稉種(蓬萊),基隆市,34.200,36.670,36.670,36.670,35.060,33.330,33.330,33.330,33.330,32.800,32.550,33.300,33.300
89,白米零售,稉種(蓬萊),新竹市,31.920,34.900,35.000,35.000,34.890,32.980,29.020,29.200,29.640,30.000,30.000,30.610,31.840
89,白米零售,稉種(蓬萊),台中市,33.240,35.700,35.700,35.700,35.140,33.080,32.900,31.690,31.400,31.400,31.400,31.400,33.420
89,白米零售,稉種(蓬萊),嘉義市,32.310,34.970,35.000,35.000,34.800,33.100,30.770,30.400,30.400,30.400,30.400,30.400,32.080
89,白米零售,稉種(蓬萊),台南市,32.640,34.940,35.000,35.000,34.770,33.060,32.000,31.290,31.000,31.000,31.000,31.000,31.610
89,白米零售,稉種(蓬萊),台北市,34.910,38.420,38.300,38.300,36.940,35.370,33.420,33.300,32.890,32.500,32.680,33.300,33.450
89,白米零售,稉種(蓬萊),高雄市,33.400,35.560,35.800,36.520,36.200,33.480,31.830,31.400,31.580,31.900,31.900,32.180,32.500
90,白米零售,稉種(蓬萊),新北市,34.230,34.100,34.100,34.100,34.070,33.340,33.340,33.340,33.340,33.340,34.360,36.670,36.670
90,白米零售,稉種(蓬萊),宜蘭縣,33.480,33.460,33.440,33.350,33.330,33.160,32.330,32.330,32.310,32.280,33.600,36.040,36.130
90,白米零售,稉種(蓬萊),桃園市,32.650,32.910,32.900,32.900,32.350,30.810,31.420,31.720,31.650,30.900,33.260,35.500,35.500
90,白米零售,稉種(蓬萊),新竹縣,31.760,32.500,32.500,32.500,31.740,30.050,30.000,30.000,30.000,30.000,31.880,35.000,35.000
90,白米零售,稉種(蓬萊),苗栗縣,32.480,32.700,32.700,32.700,32.700,31.380,30.870,31.240,31.180,31.160,33.150,35.000,35.000
90,白米零售,稉種(蓬萊),台中縣,32.760,32.900,32.900,32.900,32.900,32.760,31.500,31.500,31.500,31.500,33.530,34.950,34.300
90,白米零售,稉種(蓬萊),彰化縣,32.850,32.900,32.900,32.900,32.900,32.030,31.400,31.400,31.400,31.400,33.600,35.700,35.700
90,白米零售,稉種(蓬萊),南投縣,32.370,32.900,32.900,32.900,32.900,32.560,31.170,30.000,30.000,30.000,31.980,35.370,35.700
90,白米零售,稉種(蓬萊),雲林縣,31.780,31.900,31.900,31.900,31.900,31.080,30.400,30.400,30.400,30.400,31.500,34.750,34.800
90,白米零售,稉種(蓬萊),嘉義縣,32.340,33.300,32.900,31.900,31.900,31.320,30.580,31.740,31.880,30.530,32.680,34.760,34.640
90,白米零售,稉種(蓬萊),台南縣,32.490,32.000,32.000,32.000,32.000,32.000,32.000,32.000,32.000,32.000,32.940,34.480,34.500
90,白米零售,稉種(蓬萊),高雄縣,32.690,32.500,32.500,32.660,33.000,32.290,32.000,32.000,31.210,31.880,32.630,34.800,34.800
90,白米零售,稉種(蓬萊),屏東縣,33.310,33.300,33.300,33.300,33.300,32.260,31.900,31.900,31.900,31.900,33.940,36.550,36.200
90,白米零售,稉種(蓬萊),台東縣,33.400,33.300,33.360,33.500,33.620,33.490,33.000,32.600,32.600,32.600,33.180,34.620,34.930
90,白米零售,稉種(蓬萊),花蓮縣,32.860,32.500,32.500,33.000,32.870,32.300,32.200,32.200,32.200,32.200,32.820,34.690,34.800
90,白米零售,稉種(蓬萊),澎湖縣,33.380,33.300,33.300,33.300,33.300,32.910,32.500,32.500,32.500,32.500,32.970,35.640,35.800
90,白米零售,稉種(蓬萊),基隆市,33.590,33.300,33.300,33.300,33.300,33.300,33.300,33.300,33.300,33.300,33.410,35.000,35.000
90,白米零售,稉種(蓬萊),新竹市,31.840,32.500,32.500,32.500,32.690,30.030,30.000,30.000,30.000,30.000,31.880,35.000,35.000
90,白米零售,稉種(蓬萊),台中市,32.770,33.040,32.900,32.900,32.900,32.760,31.500,31.500,31.500,31.500,33.530,34.950,34.300
90,白米零售,稉種(蓬萊),嘉義市,32.350,33.300,32.900,31.900,31.900,31.320,30.580,31.740,31.880,30.530,32.680,34.760,34.650
90,白米零售,稉種(蓬萊),台南市,32.490,32.000,32.000,32.000,32.000,32.000,32.000,32.000,32.000,32.000,32.940,34.480,34.500
90,白米零售,稉種(蓬萊),台北市,34.230,34.100,34.100,34.100,34.070,33.340,33.340,33.340,33.340,33.340,34.360,36.670,36.670
90,白米零售,稉種(蓬萊),高雄市,32.690,32.500,32.500,32.660,33.000,32.290,32.000,32.000,31.210,31.880,32.630,34.800,34.800
91,白米零售,稉種(蓬萊),新北市,36.030,37.580,38.330,38.330,39.530,39.190,36.360,35.830,35.830,33.500,32.870,32.500,32.500
91,白米零售,稉種(蓬萊),宜蘭縣,34.740,36.830,38.240,38.270,38.850,38.860,35.940,33.360,32.950,32.300,31.100,30.180,30.000
91,白米零售,稉種(蓬萊),桃園市,32.570,35.160,36.450,36.900,38.300,36.140,31.730,30.460,30.460,29.800,28.480,28.480,28.480
91,白米零售,稉種(蓬萊),新竹縣,32.000,35.000,35.660,36.840,38.330,36.680,31.050,29.940,30.190,28.620,27.400,27.220,27.120
91,白米零售,稉種(蓬萊),苗栗縣,32.710,35.600,36.700,37.060,38.580,37.650,32.190,30.380,30.000,29.330,28.330,28.330,28.330
91,白米零售,稉種(蓬萊),台中縣,33.640,36.290,37.100,37.100,38.600,36.960,33.790,32.900,32.080,31.120,30.000,29.110,28.600
91,白米零售,稉種(蓬萊),彰化縣,34.040,36.200,38.440,38.600,39.250,38.570,33.600,32.900,31.980,31.400,30.050,28.930,28.600
91,白米零售,稉種(蓬萊),南投縣,33.670,35.840,37.100,37.250,39.250,37.930,33.720,32.860,31.610,31.190,30.000,29.170,28.140
91,白米零售,稉種(蓬萊),雲林縣,33.170,35.210,36.200,36.680,37.700,37.230,32.980,31.880,31.880,30.620,29.600,29.000,29.000
91,白米零售,稉種(蓬萊),嘉義縣,33.140,35.400,36.290,36.700,38.590,35.210,32.400,31.970,31.590,30.370,30.100,29.500,29.500
91,白米零售,稉種(蓬萊),台南縣,33.520,35.030,36.200,36.680,38.230,36.620,33.800,33.800,31.870,30.750,30.130,29.570,29.500
91,白米零售,稉種(蓬萊),高雄縣,33.540,35.050,37.490,37.700,38.070,36.860,33.300,33.210,31.880,31.200,29.730,28.990,29.000
91,白米零售,稉種(蓬萊),屏東縣,34.560,37.220,38.950,39.100,39.800,38.800,34.700,34.430,33.300,31.300,29.140,29.000,29.000
91,白米零售,稉種(蓬萊),台東縣,36.090,36.100,37.930,39.080,39.300,39.260,36.760,35.640,34.940,34.210,33.600,33.110,33.110
91,白米零售,稉種(蓬萊),花蓮縣,34.970,35.340,36.650,37.080,38.440,38.560,36.800,34.210,33.460,32.840,32.230,32.030,31.980
91,白米零售,稉種(蓬萊),澎湖縣,34.830,36.060,37.900,38.300,38.640,38.970,35.170,34.300,33.090,32.280,31.580,30.830,30.830
91,白米零售,稉種(蓬萊),基隆市,35.430,35.860,38.030,38.330,38.830,39.030,35.000,33.440,33.330,33.330,33.330,33.330,33.330
91,白米零售,稉種(蓬萊),新竹市,32.120,35.000,35.660,36.840,38.330,36.620,30.880,30.000,30.000,28.920,27.800,27.670,27.660
91,白米零售,稉種(蓬萊),台中市,33.640,36.290,37.100,37.100,38.600,36.960,33.790,32.900,32.080,31.120,30.000,29.110,28.600
91,白米零售,稉種(蓬萊),嘉義市,33.140,35.400,36.290,36.700,38.590,35.210,32.400,31.970,31.590,30.370,30.100,29.500,29.500
91,白米零售,稉種(蓬萊),台南市,33.520,35.030,36.200,36.680,38.230,36.620,33.800,33.800,31.870,30.750,30.130,29.570,29.500
91,白米零售,稉種(蓬萊),台北市,36.210,37.580,38.330,38.330,39.530,39.190,36.360,35.830,35.840,33.500,33.330,33.330,33.330
91,白米零售,稉種(蓬萊),高雄市,33.540,35.050,37.490,37.700,38.070,36.860,33.300,33.210,31.880,31.200,29.730,28.990,29.000
92,白米零售,稉種(蓬萊),新北市,30.860,31.260,31.840,32.500,32.500,31.180,30.830,30.210,30.000,30.000,30.000,30.000,30.000
92,白米零售,稉種(蓬萊),宜蘭縣,29.130,29.560,29.820,30.070,29.350,28.740,28.550,29.000,28.330,28.330,28.380,29.440,30.000
92,白米零售,稉種(蓬萊),桃園市,28.620,28.480,28.480,28.480,28.480,28.480,28.480,28.480,28.480,28.480,28.720,29.170,29.170
92,白米零售,稉種(蓬萊),新竹縣,28.100,26.430,27.640,28.330,28.240,28.280,28.330,28.330,28.330,28.330,28.330,28.330,28.330
92,白米零售,稉種(蓬萊),苗栗縣,28.630,28.330,29.280,29.650,28.410,28.330,28.330,28.330,28.330,28.330,28.330,28.720,29.170
92,白米零售,稉種(蓬萊),台中縣,28.730,28.600,29.500,29.490,28.570,28.570,28.570,28.570,28.570,28.570,28.570,28.570,28.570
92,白米零售,稉種(蓬萊),彰化縣,28.890,28.600,29.550,29.950,28.600,28.600,28.600,28.600,28.600,28.600,28.600,28.600,29.820
92,白米零售,稉種(蓬萊),南投縣,28.170,27.100,27.990,28.570,28.570,28.570,28.570,28.570,28.290,27.100,27.570,28.570,28.570
92,白米零售,稉種(蓬萊),雲林縣,29.000,29.000,29.000,29.000,29.000,29.000,29.000,29.000,29.000,29.000,29.000,29.000,29.000
92,白米零售,稉種(蓬萊),嘉義縣,29.160,29.500,29.500,29.500,29.500,29.250,28.900,28.780,29.000,28.980,28.860,29.180,28.980
92,白米零售,稉種(蓬萊),台南縣,29.140,29.500,29.500,29.500,29.500,29.310,28.800,28.600,28.740,29.000,28.540,29.220,29.500
92,白米零售,稉種(蓬萊),高雄縣,28.980,29.000,29.000,29.000,29.000,29.000,29.000,29.000,29.000,29.000,28.080,29.200,29.500
92,白米零售,稉種(蓬萊),屏東縣,29.090,29.000,29.000,29.000,29.000,29.000,29.000,29.000,29.000,28.950,28.080,29.610,30.400
92,白米零售,稉種(蓬萊),台東縣,31.760,32.400,32.410,32.440,32.440,32.170,31.900,31.670,31.670,31.530,30.840,30.840,30.840
92,白米零售,稉種(蓬萊),花蓮縣,30.370,31.260,31.270,31.160,31.000,30.670,29.960,29.960,29.960,29.840,29.530,29.780,30.000
92,白米零售,稉種(蓬萊),澎湖縣,29.910,30.830,30.830,30.830,30.830,30.830,30.330,29.280,29.380,28.900,28.300,28.580,30.000
92,白米零售,稉種(蓬萊),基隆市,31.200,32.420,31.670,31.670,31.670,31.160,30.830,30.830,30.830,30.830,30.830,30.830,30.830
92,白米零售,稉種(蓬萊),新竹市,28.180,27.370,27.870,28.000,28.240,28.330,28.330,28.330,28.330,28.330,28.330,28.330,28.330
92,白米零售,稉種(蓬萊),台中市,28.730,28.600,29.500,29.490,28.570,28.570,28.570,28.570,28.570,28.570,28.570,28.570,28.570
92,白米零售,稉種(蓬萊),嘉義市,29.160,29.500,29.500,29.500,29.500,29.250,28.890,28.790,28.990,28.980,28.860,29.180,28.980
92,白米零售,稉種(蓬萊),台南市,29.140,29.500,29.500,29.500,29.500,29.310,28.800,28.600,28.740,29.000,28.540,29.220,29.500
92,白米零售,稉種(蓬萊),台北市,31.430,32.100,32.170,32.500,32.500,31.680,31.170,30.920,30.830,30.830,30.830,30.830,30.830
92,白米零售,稉種(蓬萊),高雄市,28.990,29.000,29.000,29.000,29.000,29.000,29.000,29.000,29.000,29.000,28.150,29.200,29.500
93,白米零售,稉種(蓬萊),新北市,33.860,30.590,33.020,33.330,34.780,35.000,35.000,34.410,33.330,33.330,33.490,35.000,35.000
93,白米零售,稉種(蓬萊),宜蘭縣,32.820,30.210,33.330,33.330,36.110,33.920,33.330,32.040,30.000,30.000,31.560,35.000,35.000
93,白米零售,稉種(蓬萊),桃園市,31.940,29.840,31.670,31.830,33.890,34.170,33.330,31.610,30.000,30.000,30.320,33.330,33.330
93,白米零售,稉種(蓬萊),新竹縣,31.850,28.330,31.350,32.650,33.570,33.520,33.240,31.430,31.440,30.560,30.000,32.850,33.300
93,白米零售,稉種(蓬萊),苗栗縣,32.140,29.790,32.060,32.500,34.060,33.950,33.110,30.820,30.000,30.000,31.500,34.580,33.300
93,白米零售,稉種(蓬萊),台中縣,32.310,28.750,32.800,32.950,35.000,33.940,32.900,30.650,30.000,30.050,32.030,34.300,34.300
93,白米零售,稉種(蓬萊),彰化縣,32.870,30.090,32.330,33.040,36.030,34.840,33.590,31.420,31.420,31.420,31.750,34.240,34.290
93,白米零售,稉種(蓬萊),南投縣,32.110,29.400,32.320,33.000,34.300,34.030,32.500,30.360,30.000,30.000,31.150,33.960,34.300
93,白米零售,稉種(蓬萊),雲林縣,32.010,29.540,31.800,31.990,34.450,34.800,32.660,29.220,30.430,30.430,32.110,33.330,33.330
93,白米零售,稉種(蓬萊),嘉義縣,32.780,29.590,31.800,32.190,35.360,33.710,33.110,31.960,31.880,31.880,32.680,34.390,34.780
93,白米零售,稉種(蓬萊),台南縣,33.280,29.850,31.800,32.470,34.880,33.730,33.010,33.980,33.330,33.330,33.470,34.780,34.780
93,白米零售,稉種(蓬萊),高雄縣,32.840,30.020,31.850,32.690,35.460,33.560,32.950,31.880,31.880,31.880,32.490,34.680,34.780
93,白米零售,稉種(蓬萊),屏東縣,33.190,31.170,33.200,33.300,35.960,34.360,33.040,31.880,31.880,31.880,32.160,34.680,34.780
93,白米零售,稉種(蓬萊),台東縣,34.750,31.290,33.510,33.740,35.950,35.990,35.500,34.910,34.780,34.390,34.440,36.000,36.530
93,白米零售,稉種(蓬萊),花蓮縣,33.820,30.630,32.810,33.170,35.010,34.550,34.400,33.350,33.300,33.300,33.770,35.480,36.100
93,白米零售,稉種(蓬萊),澎湖縣,32.470,30.000,31.830,32.260,34.030,33.870,32.430,31.430,30.000,30.000,31.650,35.440,36.670
93,白米零售,稉種(蓬萊),基隆市,33.910,31.500,34.480,34.220,34.860,34.410,33.970,32.740,32.310,33.330,33.490,35.770,35.830
93,白米零售,稉種(蓬萊),新竹市,31.700,28.330,31.130,32.350,33.000,33.000,32.930,32.000,31.130,30.400,30.000,32.850,33.300
93,白米零售,稉種(蓬萊),台中市,32.540,28.840,32.850,32.950,35.000,33.940,32.900,31.740,30.860,30.050,32.750,34.300,34.300
93,白米零售,稉種(蓬萊),嘉義市,32.780,29.590,31.800,32.190,35.360,33.710,33.110,31.960,31.880,31.880,32.680,34.390,34.780
93,白米零售,稉種(蓬萊),台南市,33.280,29.850,31.800,32.470,34.880,33.730,33.010,33.980,33.330,33.330,33.470,34.780,34.780
93,白米零售,稉種(蓬萊),台北市,34.800,31.370,33.590,34.170,35.610,35.830,35.830,35.240,34.170,34.170,34.330,36.670,36.670
93,白米零售,稉種(蓬萊),高雄市,32.840,30.020,31.850,32.690,35.460,33.560,32.950,31.880,31.880,31.880,32.490,34.680,34.780
94,白米零售,稉種(蓬萊),新北市,34.530,35.000,35.000,35.000,35.000,35.000,33.720,33.330,33.330,34.000,35.000,35.000,35.000
94,白米零售,稉種(蓬萊),宜蘭縣,33.770,35.000,35.000,35.000,35.000,33.920,33.330,33.330,32.530,32.110,33.330,33.330,33.330
94,白米零售,稉種(蓬萊),桃園市,32.720,33.330,33.330,33.330,33.330,32.630,31.670,31.670,31.670,31.810,33.250,33.330,33.330
94,白米零售,稉種(蓬萊),新竹縣,32.790,33.300,33.300,33.300,33.300,33.220,31.780,31.570,31.700,31.880,32.950,33.430,33.760
94,白米零售,稉種(蓬萊),苗栗縣,32.850,33.300,33.300,33.300,33.870,33.510,31.450,31.670,31.670,32.170,33.330,33.330,33.330
94,白米零售,稉種(蓬萊),台中縣,33.350,34.300,34.300,34.300,34.110,32.900,32.710,31.400,31.400,31.950,34.210,34.300,34.300
94,白米零售,稉種(蓬萊),彰化縣,34.190,34.290,34.690,35.700,35.700,35.700,32.430,31.430,31.430,32.570,34.290,34.960,37.140
94,白米零售,稉種(蓬萊),南投縣,33.440,34.300,34.300,34.300,34.300,34.300,32.100,31.470,31.430,32.180,32.900,34.020,35.710
94,白米零售,稉種(蓬萊),雲林縣,34.110,33.330,33.690,34.780,34.780,34.780,34.060,33.330,33.330,33.330,34.310,34.780,34.780
94,白米零售,稉種(蓬萊),嘉義縣,34.240,34.780,34.780,34.780,34.780,34.550,33.330,33.330,33.330,33.330,34.270,34.780,34.780
94,白米零售,稉種(蓬萊),台南縣,34.560,34.780,34.780,34.780,34.780,34.410,33.330,33.940,34.780,34.780,34.780,34.780,34.780
94,白米零售,稉種(蓬萊),高雄縣,34.230,34.780,34.780,34.780,34.780,33.750,33.330,33.330,33.330,33.570,34.780,34.780,34.780
94,白米零售,稉種(蓬萊),屏東縣,33.700,34.780,34.780,34.780,34.780,33.660,31.880,31.880,31.880,32.070,34.310,34.780,34.780
94,白米零售,稉種(蓬萊),台東縣,36.850,36.530,36.530,36.530,36.530,36.530,36.530,36.530,36.530,36.530,37.700,37.880,37.880
94,白米零售,稉種(蓬萊),花蓮縣,36.430,36.100,36.100,36.100,36.100,36.100,36.100,36.100,36.870,36.900,36.900,36.900,36.900
94,白米零售,稉種(蓬萊),澎湖縣,35.950,36.670,36.670,36.670,36.670,36.430,34.800,33.650,35.000,35.000,36.510,36.670,36.670
94,白米零售,稉種(蓬萊),基隆市,35.180,35.830,35.830,35.830,35.830,35.830,35.000,33.330,33.330,34.170,35.540,35.830,35.830
94,白米零售,稉種(蓬萊),新竹市,32.860,33.300,33.300,33.300,33.300,33.270,31.840,31.670,31.800,31.920,33.350,33.570,33.740
94,白米零售,稉種(蓬萊),台中市,33.940,34.300,34.300,34.300,34.300,33.350,32.710,32.710,32.900,33.270,34.300,35.090,35.700
94,白米零售,稉種(蓬萊),嘉義市,34.240,34.780,34.780,34.780,34.780,34.550,33.330,33.330,33.330,33.330,34.270,34.780,34.780
94,白米零售,稉種(蓬萊),台南市,34.560,34.780,34.780,34.780,34.780,34.410,33.330,33.940,34.780,34.780,34.780,34.780,34.780
94,白米零售,稉種(蓬萊),台北市,36.420,36.670,36.670,36.670,36.670,36.670,36.030,35.830,35.830,35.970,36.670,36.670,36.670
94,白米零售,稉種(蓬萊),高雄市,34.230,34.780,34.780,34.780,34.780,33.750,33.330,33.330,33.330,33.570,34.780,34.780,34.780
95,白米零售,稉種(蓬萊),新北市,35.000,35.000,35.000,35.000,35.000,35.000,35.000,35.000,35.000,35.000,35.000,35.000,35.000
95,白米零售,稉種(蓬萊),宜蘭縣,33.330,33.330,33.330,33.380,33.330,32.690,33.330,33.330,33.330,33.330,33.920,33.330,33.330
95,白米零售,稉種(蓬萊),桃園市,33.130,33.330,33.330,33.330,33.330,33.090,32.500,32.500,32.790,33.330,33.330,33.330,33.330
95,白米零售,稉種(蓬萊),新竹縣,33.110,33.380,33.330,33.330,33.330,32.530,32.090,33.090,32.980,33.330,33.330,33.300,33.330
95,白米零售,稉種(蓬萊),苗栗縣,33.090,33.330,33.330,33.330,33.330,32.470,31.730,33.170,33.030,33.330,33.330,33.330,33.330
95,白米零售,稉種(蓬萊),台中縣,33.400,34.300,34.300,33.800,32.900,32.900,32.900,32.900,33.400,34.300,33.350,32.900,32.900
95,白米零售,稉種(蓬萊),彰化縣,34.260,35.940,35.710,35.710,35.380,34.290,34.290,34.290,34.110,32.860,32.860,32.860,32.830
95,白米零售,稉種(蓬萊),南投縣,33.700,35.710,35.710,35.710,34.240,32.860,32.860,32.860,32.860,32.860,32.860,33.010,32.890
95,白米零售,稉種(蓬萊),雲林縣,33.660,34.780,34.780,34.360,33.330,33.330,33.330,33.330,33.330,33.330,33.330,33.330,33.330
95,白米零售,稉種(蓬萊),嘉義縣,33.680,34.780,34.780,34.590,33.330,33.330,33.330,33.330,33.330,33.330,33.330,33.330,33.330
95,白米零售,稉種(蓬萊),台南縣,33.920,34.780,34.610,33.850,33.000,33.100,33.000,33.000,33.110,34.000,34.580,35.000,35.000
95,白米零售,稉種(蓬萊),高雄縣,33.680,34.780,34.780,34.640,33.330,33.330,33.330,33.330,33.330,33.330,33.330,33.330,33.330
95,白米零售,稉種(蓬萊),屏東縣,33.740,34.780,34.780,34.780,33.910,33.330,33.330,33.330,33.330,33.330,33.330,33.330,33.330
95,白米零售,稉種(蓬萊),台東縣,37.970,37.880,37.880,37.880,37.880,37.880,37.880,37.880,37.880,37.880,37.880,38.110,38.760
95,白米零售,稉種(蓬萊),花蓮縣,38.790,37.710,39.000,39.000,39.000,39.170,39.200,39.010,38.670,38.670,38.670,38.670,38.670
95,白米零售,稉種(蓬萊),澎湖縣,34.470,36.670,36.670,36.670,36.670,33.650,33.330,33.330,33.330,33.330,33.330,33.330,33.330
95,白米零售,稉種(蓬萊),基隆市,35.830,35.830,35.830,35.830,35.830,35.830,35.830,35.830,35.830,35.830,35.830,35.830,35.830
95,白米零售,稉種(蓬萊),新竹市,33.090,33.380,33.330,33.330,33.330,32.470,32.500,33.330,33.140,33.330,33.330,33.030,32.610
95,白米零售,稉種(蓬萊),台中市,33.340,33.850,34.300,33.850,32.900,32.900,32.900,32.900,32.950,34.300,33.440,32.900,32.900
95,白米零售,稉種(蓬萊),嘉義市,33.680,34.780,34.780,34.590,33.370,33.330,33.330,33.330,33.330,33.330,33.330,33.330,33.330
95,白米零售,稉種(蓬萊),台南市,34.030,34.780,34.720,33.980,33.830,33.150,32.850,32.230,32.810,35.000,34.970,35.000,35.000
95,白米零售,稉種(蓬萊),台北市,36.670,36.670,36.670,36.670,36.670,36.670,36.670,36.670,36.670,36.670,36.670,36.670,36.670
95,白米零售,稉種(蓬萊),高雄市,33.680,34.780,34.780,34.640,33.330,33.330,33.330,33.330,33.330,33.330,33.330,33.330,33.330
96,白米零售,稉種(蓬萊),新北市,34.080,35.000,35.000,35.000,33.890,33.330,33.330,33.330,33.360,33.410,32.840,35.080,35.330
96,白米零售,稉種(蓬萊),宜蘭縣,32.740,32.880,33.330,33.330,33.330,32.470,31.670,31.670,31.680,32.100,32.210,34.020,34.180
96,白米零售,稉種(蓬萊),桃園市,32.120,33.330,33.330,33.330,31.840,31.880,32.390,31.290,30.000,30.010,30.800,33.470,33.790
96,白米零售,稉種(蓬萊),新竹縣,31.730,33.330,33.330,33.280,32.000,30.920,30.280,30.000,30.230,30.380,30.510,33.190,33.330
96,白米零售,稉種(蓬萊),苗栗縣,32.380,33.330,33.330,33.330,31.780,31.830,32.440,31.560,30.840,30.900,31.400,33.570,34.290
96,白米零售,稉種(蓬萊),台中縣,32.430,32.900,32.900,32.900,31.480,31.430,31.430,31.430,31.440,31.630,31.780,34.650,35.240
96,白米零售,稉種(蓬萊),彰化縣,32.960,33.600,32.860,32.770,31.810,32.720,32.720,32.490,32.280,31.880,32.070,34.410,35.850
96,白米零售,稉種(蓬萊),南投縣,32.320,31.520,32.600,32.860,32.620,31.750,31.430,31.430,31.420,31.100,31.830,33.820,35.460
96,白米零售,稉種(蓬萊),雲林縣,32.880,33.330,33.330,33.330,33.330,30.620,32.360,32.860,30.460,31.900,31.830,35.460,35.770
96,白米零售,稉種(蓬萊),嘉義縣,32.720,33.330,33.330,33.330,31.780,32.230,31.970,31.770,31.880,31.960,32.550,33.740,34.780
96,白米零售,稉種(蓬萊),台南縣,32.920,34.450,33.290,33.000,31.920,31.140,31.950,32.840,32.470,32.060,32.480,34.380,35.050
96,白米零售,稉種(蓬萊),高雄縣,33.110,33.330,33.330,33.330,33.140,32.910,31.880,31.880,31.890,32.100,32.380,35.630,35.520
96,白米零售,稉種(蓬萊),屏東縣,33.500,33.330,33.330,33.330,33.330,33.330,33.330,32.110,31.890,32.080,32.930,36.540,36.440
96,白米零售,稉種(蓬萊),台東縣,39.540,38.760,38.760,38.760,38.760,38.830,39.850,39.850,39.810,39.430,39.940,40.580,41.130
96,白米零售,稉種(蓬萊),花蓮縣,39.110,38.670,38.670,38.670,38.670,38.900,39.800,39.770,39.000,39.000,39.310,39.750,39.140
96,白米零售,稉種(蓬萊),澎湖縣,33.380,33.330,33.330,33.330,33.330,33.330,33.330,33.330,33.320,32.980,32.920,33.830,34.180
96,白米零售,稉種(蓬萊),基隆市,34.360,35.830,35.830,35.780,33.830,33.170,33.330,33.330,33.300,32.990,32.950,35.580,36.370
96,白米零售,稉種(蓬萊),新竹市,33.110,33.330,33.330,33.330,32.830,31.750,32.560,33.120,32.110,32.330,32.660,34.340,35.640
96,白米零售,稉種(蓬萊),台中市,33.060,32.900,32.900,32.900,30.870,32.900,32.900,32.900,31.760,33.060,33.220,34.840,35.510
96,白米零售,稉種(蓬萊),嘉義市,32.920,33.330,33.330,33.330,32.880,32.060,31.880,31.880,31.870,32.000,32.340,34.840,35.310
96,白米零售,稉種(蓬萊),台南市,33.280,34.450,33.290,33.000,32.370,32.310,32.000,32.000,32.200,33.260,33.960,35.020,35.550
96,白米零售,稉種(蓬萊),台北市,36.760,36.670,36.670,36.670,36.670,36.670,36.670,36.670,36.640,35.630,35.320,38.110,38.700
96,白米零售,稉種(蓬萊),高雄市,33.020,33.330,33.330,33.330,33.140,32.910,31.880,31.880,31.880,32.100,32.290,34.630,35.490
97,白米零售,稉種(蓬萊),新北市,37.710,35.790,36.380,38.020,38.200,38.250,37.680,37.210,37.170,37.170,37.330,38.480,40.790
97,白米零售,稉種(蓬萊),宜蘭縣,35.830,34.610,35.620,36.480,36.770,36.830,36.860,35.320,34.730,34.640,34.930,35.860,37.300
97,白米零售,稉種(蓬萊),桃園市,35.500,35.240,35.660,36.350,36.500,36.500,36.170,34.750,33.840,33.950,34.030,35.000,37.970
97,白米零售,稉種(蓬萊),新竹縣,35.300,34.420,35.670,36.610,36.540,36.320,35.260,33.630,33.770,33.860,33.990,35.530,38.050
97,白米零售,稉種(蓬萊),苗栗縣,35.560,35.070,35.770,36.390,36.730,36.680,35.950,34.220,33.830,33.810,34.270,35.500,38.460
97,白米零售,稉種(蓬萊),台中縣,37.010,36.100,37.430,38.420,38.180,38.140,36.990,36.150,35.710,34.930,35.680,37.140,39.270
97,白米零售,稉種(蓬萊),彰化縣,37.280,36.830,37.700,39.240,39.850,39.680,37.420,35.210,35.160,34.990,35.100,36.450,39.730
97,白米零售,稉種(蓬萊),南投縣,36.660,36.310,36.940,38.180,38.510,38.550,37.090,35.340,35.010,34.880,34.810,35.720,38.610
97,白米零售,稉種(蓬萊),雲林縣,37.050,35.950,36.530,38.760,38.600,38.460,37.540,35.420,35.770,35.880,36.020,36.620,39.080
97,白米零售,稉種(蓬萊),嘉義縣,36.820,36.330,36.710,37.230,38.100,39.090,37.590,35.950,35.260,35.100,34.890,36.030,39.500
97,白米零售,稉種(蓬萊),台南縣,36.380,35.790,36.450,37.360,37.430,37.370,36.910,35.550,34.880,34.860,34.860,35.950,39.120
97,白米零售,稉種(蓬萊),高雄縣,36.930,36.650,37.580,38.830,38.550,37.640,36.260,35.350,35.740,35.590,35.520,36.500,38.970
97,白米零售,稉種(蓬萊),屏東縣,37.140,36.670,37.310,38.900,38.900,38.110,36.390,35.950,35.870,35.140,35.830,37.440,39.130
97,白米零售,稉種(蓬萊),台東縣,45.310,42.380,43.800,44.210,44.950,44.850,44.870,44.910,47.350,47.180,45.960,46.170,47.140
97,白米零售,稉種(蓬萊),花蓮縣,41.990,40.620,41.290,41.480,41.310,41.500,41.080,41.530,42.640,42.850,42.850,43.090,43.670
97,白米零售,稉種(蓬萊),澎湖縣,37.850,35.590,36.660,38.330,38.510,38.590,38.560,38.520,38.350,37.440,36.580,38.220,38.890
97,白米零售,稉種(蓬萊),基隆市,37.360,36.270,37.080,38.500,38.690,38.080,36.780,36.390,36.280,36.250,36.410,37.770,39.860
97,白米零售,稉種(蓬萊),新竹市,37.000,35.990,36.960,39.270,39.550,38.850,36.920,34.760,35.160,35.380,35.770,36.630,38.800
97,白米零售,稉種(蓬萊),台中市,37.800,36.480,37.700,39.030,39.080,39.070,38.640,36.480,36.590,36.550,36.490,37.770,39.680
97,白米零售,稉種(蓬萊),嘉義市,37.180,36.560,37.010,37.410,38.130,38.870,37.550,35.940,36.000,36.220,35.980,36.930,39.550
97,白米零售,稉種(蓬萊),台南市,36.870,36.890,37.480,38.200,38.020,38.290,37.950,36.010,35.200,34.800,34.770,35.640,39.190
97,白米零售,稉種(蓬萊),台北市,40.080,39.200,40.240,41.180,41.510,40.850,39.720,39.050,39.170,39.170,39.390,40.170,41.280
97,白米零售,稉種(蓬萊),高雄市,36.850,36.470,37.220,38.380,38.240,37.450,36.730,36.200,36.020,35.390,35.260,36.110,38.780
98,白米零售,稉種(蓬萊),新北市,39.890,40.840,40.900,41.000,41.000,41.000,40.040,38.590,38.590,39.060,39.170,39.170,39.270
98,白米零售,稉種(蓬萊),宜蘭縣,37.870,38.280,38.660,38.750,38.810,38.810,38.810,37.470,37.270,36.910,36.910,36.910,36.820
98,白米零售,稉種(蓬萊),桃園市,36.480,38.290,38.330,38.330,38.330,38.330,36.940,35.310,34.790,34.790,34.790,34.790,34.790
98,白米零售,稉種(蓬萊),新竹縣,36.200,38.450,38.370,38.380,38.570,38.250,36.380,34.220,34.110,34.740,34.600,34.120,34.250
98,白米零售,稉種(蓬萊),苗栗縣,36.540,38.860,38.960,38.570,38.570,38.340,36.820,35.210,34.310,34.730,34.810,34.670,34.670
98,白米零售,稉種(蓬萊),台中縣,37.630,39.430,39.520,39.280,38.930,38.830,37.490,36.670,36.420,36.660,36.690,36.050,35.620
98,白米零售,稉種(蓬萊),彰化縣,37.440,39.880,39.890,39.540,39.390,39.120,37.210,35.810,35.750,35.940,35.740,35.480,35.470
98,白米零售,稉種(蓬萊),南投縣,37.440,39.700,39.850,39.730,39.720,39.530,37.390,36.100,35.520,35.610,35.670,35.320,35.100
98,白米零售,稉種(蓬萊),雲林縣,38.160,40.020,39.990,39.770,39.880,39.990,37.000,36.540,36.700,36.740,37.120,37.400,36.740
98,白米零售,稉種(蓬萊),嘉義縣,37.320,40.180,39.260,38.630,39.570,39.080,36.080,35.450,35.650,36.830,36.050,34.970,36.050
98,白米零售,稉種(蓬萊),台南縣,37.690,39.860,39.900,39.280,39.370,39.190,37.310,36.220,36.370,36.610,36.260,35.820,36.060
98,白米零售,稉種(蓬萊),高雄縣,37.850,39.840,39.910,39.780,39.720,39.280,37.400,36.570,36.240,36.390,36.330,36.380,36.340
98,白米零售,稉種(蓬萊),屏東縣,38.260,40.040,40.100,39.920,39.840,38.860,37.720,37.400,36.960,36.960,37.060,36.990,37.310
98,白米零售,稉種(蓬萊),台東縣,45.240,47.560,46.680,45.690,44.960,44.920,44.900,44.830,44.890,44.840,44.680,44.470,44.440
98,白米零售,稉種(蓬萊),花蓮縣,43.600,43.960,43.780,43.370,43.120,43.180,43.390,43.550,43.750,43.770,43.780,43.810,43.790
98,白米零售,稉種(蓬萊),澎湖縣,38.250,39.030,38.970,38.550,38.510,38.480,37.900,37.830,37.890,37.890,38.020,37.910,37.980
98,白米零售,稉種(蓬萊),基隆市,39.230,39.970,40.170,40.270,40.430,40.630,39.160,38.370,38.330,38.530,38.470,38.240,38.180
98,白米零售,稉種(蓬萊),新竹市,37.920,39.510,40.130,40.210,39.660,39.470,38.490,36.110,35.900,36.720,36.610,36.320,35.960
98,白米零售,稉種(蓬萊),台中市,38.920,40.350,40.540,40.490,39.990,40.180,38.930,37.980,37.730,37.730,37.720,37.590,37.750
98,白米零售,稉種(蓬萊),嘉義市,37.960,40.350,39.540,38.670,39.400,39.090,37.870,37.760,37.230,36.550,36.630,36.450,35.960
98,白米零售,稉種(蓬萊),台南市,37.670,39.770,39.790,39.160,39.490,39.190,37.250,36.180,36.350,36.600,36.220,35.950,36.120
98,白米零售,稉種(蓬萊),台北市,40.800,41.450,41.480,41.640,41.800,41.850,41.060,39.820,39.810,40.030,40.190,40.190,40.330
98,白米零售,稉種(蓬萊),高雄市,37.960,39.450,39.370,39.620,39.460,38.970,37.890,36.480,36.560,37.130,36.970,36.810,36.840
99,白米零售,稉種(蓬萊),新北市,40.140,40.100,40.500,40.500,40.500,40.500,40.430,40.120,39.990,39.830,39.830,39.680,39.670
99,白米零售,稉種(蓬萊),宜蘭縣,36.460,36.960,37.090,37.260,37.160,36.790,35.600,35.610,36.320,36.440,36.370,35.990,35.950
99,白米零售,稉種(蓬萊),桃園市,35.540,35.190,36.190,36.250,36.250,36.250,36.250,36.250,36.250,36.250,35.130,33.170,33.100
99,白米零售,稉種(蓬萊),新竹縣,34.750,35.220,36.260,36.380,36.080,35.660,35.350,34.460,33.960,33.910,33.680,32.290,33.740
99,白米零售,稉種(蓬萊),苗栗縣,35.160,35.610,36.490,36.470,36.250,36.250,35.930,35.030,34.580,34.500,33.910,33.110,33.750
99,白米零售,稉種(蓬萊),台中縣,36.030,36.510,36.940,36.970,36.470,36.420,36.320,36.040,35.950,35.950,35.620,34.550,34.620
99,白米零售,稉種(蓬萊),彰化縣,35.610,36.530,37.210,37.140,36.650,36.160,36.120,35.260,35.070,34.900,34.460,33.900,33.950
99,白米零售,稉種(蓬萊),南投縣,35.410,35.700,36.520,36.580,36.070,35.950,35.990,35.100,35.000,34.750,34.610,34.150,34.510
99,白米零售,稉種(蓬萊),雲林縣,36.830,38.120,38.170,37.980,36.850,36.560,36.430,36.850,36.990,37.010,35.590,35.760,35.690
99,白米零售,稉種(蓬萊),嘉義縣,35.930,37.900,38.740,37.920,36.350,36.540,36.250,34.780,35.680,34.720,33.920,34.010,34.330
99,白米零售,稉種(蓬萊),台南縣,36.130,37.230,38.060,37.740,36.830,36.350,36.550,35.710,35.600,35.250,34.740,34.540,35.010
99,白米零售,稉種(蓬萊),高雄縣,36.220,37.230,37.940,37.710,37.380,36.840,36.350,35.560,35.290,35.210,35.120,34.870,35.180
99,白米零售,稉種(蓬萊),屏東縣,36.870,37.960,38.770,38.500,37.920,37.710,36.780,36.030,35.960,35.960,35.760,35.490,35.580
99,白米零售,稉種(蓬萊),台東縣,46.170,45.480,45.650,45.790,46.080,46.740,46.880,46.690,46.280,46.280,46.280,45.940,45.960
99,白米零售,稉種(蓬萊),花蓮縣,43.900,43.880,44.010,43.980,43.950,43.960,43.940,43.870,43.680,43.680,43.870,44.010,43.920
99,白米零售,稉種(蓬萊),澎湖縣,39.630,39.760,40.810,40.090,39.620,39.330,39.250,39.060,39.020,39.030,38.840,39.450,41.310
99,白米零售,稉種(蓬萊),基隆市,38.730,38.750,38.960,38.960,38.960,38.960,38.920,38.750,38.740,38.440,38.440,38.440,38.440
99,白米零售,稉種(蓬萊),新竹市,36.470,36.920,38.210,38.030,37.650,37.140,37.190,36.500,35.850,35.630,35.600,34.110,34.760
99,白米零售,稉種(蓬萊),台中市,37.150,38.030,38.360,38.550,37.990,37.770,37.310,36.700,36.630,36.430,36.310,35.660,36.100
99,白米零售,稉種(蓬萊),嘉義市,36.510,37.110,37.500,37.670,37.030,36.860,36.790,36.100,35.760,36.340,35.880,35.470,35.650
99,白米零售,稉種(蓬萊),台南市,36.140,37.190,38.100,37.600,36.800,36.320,36.620,35.610,35.490,35.260,34.750,34.630,35.300
99,白米零售,稉種(蓬萊),台北市,41.610,41.550,41.940,41.950,41.950,41.950,41.830,41.390,41.390,41.390,41.380,41.300,41.300
99,白米零售,稉種(蓬萊),高雄市,36.390,37.330,38.180,37.970,37.400,36.900,36.130,35.540,35.340,35.520,35.500,35.350,35.560
100,白米零售,稉種(蓬萊),新北市,40.120,39.670,39.670,39.670,39.670,40.830,40.460,39.580,40.220,40.300,40.420,40.420,40.560
100,白米零售,稉種(蓬萊),宜蘭縣,37.300,35.890,35.480,35.380,35.490,38.680,38.470,38.050,37.980,38.010,38.040,38.040,38.040
100,白米零售,稉種(蓬萊),桃園市,34.670,33.900,33.450,33.740,34.030,36.360,35.980,34.510,34.570,34.660,34.780,34.890,35.170
100,白米零售,稉種(蓬萊),新竹縣,35.360,33.570,33.330,33.330,33.920,37.230,36.500,35.670,35.880,36.010,36.330,36.250,36.280
100,白米零售,稉種(蓬萊),苗栗縣,35.400,33.590,33.330,33.330,33.930,37.540,36.660,35.450,35.550,35.860,36.520,36.520,36.520
100,白米零售,稉種(蓬萊),彰化縣,36.240,34.420,34.490,34.490,34.800,37.710,37.420,36.590,36.610,36.410,37.140,37.150,37.660
100,白米零售,稉種(蓬萊),南投縣,35.990,34.440,34.430,34.300,34.260,37.200,37.070,36.380,36.270,36.440,36.780,36.680,37.660
100,白米零售,稉種(蓬萊),雲林縣,36.640,35.610,35.850,36.040,36.810,38.930,36.920,35.520,36.060,36.710,37.170,37.220,36.870
100,白米零售,稉種(蓬萊),嘉義縣,36.110,34.660,34.540,34.970,35.010,38.130,35.920,35.670,35.950,36.770,37.280,37.040,37.350
100,白米零售,稉種(蓬萊),屏東縣,36.980,35.580,35.580,35.520,35.350,38.140,37.470,36.860,37.860,37.860,37.860,37.860,37.860
100,白米零售,稉種(蓬萊),台東縣,45.820,45.610,45.840,45.400,45.410,45.610,45.730,45.820,46.050,46.050,46.050,46.120,46.180
100,白米零售,稉種(蓬萊),花蓮縣,44.060,43.260,43.220,43.460,43.630,43.820,43.780,43.810,43.860,44.770,45.050,45.030,45.030
100,白米零售,稉種(蓬萊),澎湖縣,40.140,41.260,41.220,40.800,40.760,41.270,40.590,39.610,39.630,38.910,39.140,39.420,39.120
100,白米零售,稉種(蓬萊),基隆市,37.600,38.440,38.440,38.420,37.710,38.400,37.830,36.490,36.970,37.050,37.090,37.090,37.280
100,白米零售,稉種(蓬萊),新竹市,36.410,34.790,34.790,34.790,34.990,37.580,37.070,36.430,36.880,37.070,37.660,37.340,37.480
100,白米零售,稉種(蓬萊),台中市,37.190,35.550,35.550,35.590,35.620,38.330,38.490,37.470,37.400,37.600,38.060,38.240,38.390
100,白米零售,稉種(蓬萊),嘉義市,36.470,35.790,35.810,35.670,35.850,37.690,36.500,35.940,36.190,36.640,37.200,37.060,37.260
100,白米零售,稉種(蓬萊),台南市,36.590,35.080,34.950,34.950,35.740,38.440,37.280,36.440,36.710,37.070,37.350,37.380,37.720
100,白米零售,稉種(蓬萊),台北市,40.570,41.300,41.300,41.300,41.300,41.780,40.490,38.670,39.950,40.090,40.180,40.180,40.310
100,白米零售,稉種(蓬萊),高雄市,36.310,34.990,34.830,34.900,35.020,37.270,37.100,36.330,36.610,36.940,37.220,37.250,37.300
101,白米零售,稉種(蓬萊),新北市,40.030,40.870,41.000,41.000,41.340,40.980,39.210,39.080,39.080,39.100,39.170,39.480,40.080
101,白米零售,稉種(蓬萊),宜蘭縣,38.830,38.070,38.090,38.090,38.420,38.630,38.630,38.640,39.230,39.550,39.550,39.550,39.550
101,白米零售,稉種(蓬萊),桃園市,36.740,35.520,35.810,35.800,36.840,37.470,37.180,36.890,36.820,37.160,37.140,37.120,37.120
101,白米零售,稉種(蓬萊),新竹縣,37.270,37.010,37.190,37.010,37.440,37.810,37.350,37.480,37.290,37.280,37.200,37.080,37.080
101,白米零售,稉種(蓬萊),苗栗縣,37.570,36.910,37.210,37.210,37.640,37.920,37.840,37.690,37.690,37.690,37.690,37.690,37.690
101,白米零售,稉種(蓬萊),彰化縣,38.200,38.300,38.330,38.330,38.900,39.000,38.170,37.650,37.970,37.950,37.940,37.940,37.940
101,白米零售,稉種(蓬萊),南投縣,38.550,38.520,38.590,38.430,39.150,39.670,38.730,38.210,38.180,38.300,38.260,38.260,38.260
101,白米零售,稉種(蓬萊),雲林縣,38.180,37.290,37.470,37.710,39.270,38.580,37.890,38.530,38.340,38.130,38.520,38.100,38.270
101,白米零售,稉種(蓬萊),嘉義縣,38.380,37.760,37.670,37.700,39.360,39.350,38.140,38.140,38.700,38.640,38.390,38.350,38.400
101,白米零售,稉種(蓬萊),屏東縣,38.120,37.860,37.860,37.860,38.560,38.820,37.920,37.770,37.980,38.190,38.210,38.210,38.210
101,白米零售,稉種(蓬萊),台東縣,46.030,46.330,46.060,45.960,46.030,46.090,46.010,45.900,45.930,45.920,45.920,46.040,46.190
101,白米零售,稉種(蓬萊),花蓮縣,46.210,45.030,45.030,45.280,46.780,46.730,46.240,46.310,46.260,46.470,46.810,46.810,46.720
101,白米零售,稉種(蓬萊),澎湖縣,40.080,39.070,39.070,39.070,40.240,40.740,40.570,40.380,40.540,40.390,40.370,40.370,40.200
101,白米零售,稉種(蓬萊),基隆市,36.600,37.290,37.290,37.290,37.510,36.960,35.470,35.110,35.120,36.150,36.670,36.900,37.400
101,白米零售,稉種(蓬萊),新竹市,38.630,37.770,37.920,37.920,38.690,38.830,38.660,38.570,38.860,39.270,39.120,38.960,39.020
101,白米零售,稉種(蓬萊),台中市,38.970,38.610,38.830,38.950,39.050,39.170,38.930,38.790,39.030,39.280,39.090,39.000,38.950
101,白米零售,稉種(蓬萊),嘉義市,37.930,37.300,37.410,37.420,38.510,38.860,38.560,38.250,38.150,37.870,37.660,37.530,37.610
101,白米零售,稉種(蓬萊),台南市,38.290,37.800,37.800,37.800,38.490,38.820,38.650,38.430,38.300,38.370,38.220,38.330,38.480
101,白米零售,稉種(蓬萊),台北市,40.070,40.700,40.830,40.830,41.050,40.960,39.370,39.260,39.260,39.260,39.260,39.670,40.370
101,白米零售,稉種(蓬萊),高雄市,38.000,37.640,37.640,37.590,38.420,38.770,38.390,37.940,38.180,38.160,37.670,37.790,37.860
102,白米零售,稉種(蓬萊),新北市,39.490,40.080,40.080,39.990,39.750,39.280,39.170,39.170,39.170,39.170,39.210,39.320,39.490
102,白米零售,稉種(蓬萊),宜蘭縣,39.400,39.550,39.550,39.480,39.340,39.220,39.220,39.400,39.360,39.400,39.410,39.410,39.460
102,白米零售,稉種(蓬萊),桃園市,37.090,37.120,37.060,37.050,37.050,37.050,37.050,37.050,37.050,37.050,37.110,37.120,37.360
102,白米零售,稉種(蓬萊),新竹縣,36.720,37.080,36.900,36.880,36.620,35.910,36.050,36.680,36.770,36.770,36.770,36.750,37.410
102,白米零售,稉種(蓬萊),苗栗縣,37.400,37.690,37.690,37.690,37.090,36.910,36.990,37.380,37.380,37.380,37.380,37.400,37.850
102,白米零售,稉種(蓬萊),彰化縣,37.760,38.280,38.470,38.340,37.920,37.470,37.460,37.750,37.550,37.210,37.140,37.330,38.180
102,白米零售,稉種(蓬萊),南投縣,38.080,38.430,38.610,38.350,37.690,37.360,37.440,38.000,37.910,37.910,37.910,38.100,39.290
102,白米零售,稉種(蓬萊),雲林縣,38.260,38.350,38.530,38.470,38.050,37.980,37.890,38.230,38.200,38.200,38.230,38.260,38.730
102,白米零售,稉種(蓬萊),嘉義縣,38.160,38.510,38.510,38.470,37.750,37.550,37.620,38.090,38.170,38.170,38.170,38.190,38.690
102,白米零售,稉種(蓬萊),屏東縣,38.110,38.210,38.190,38.190,37.990,37.820,37.820,37.820,37.820,38.150,38.190,38.190,38.890
102,白米零售,稉種(蓬萊),台東縣,46.190,46.190,46.190,46.190,46.190,46.190,46.190,46.190,46.190,46.190,46.190,46.190,46.190
102,白米零售,稉種(蓬萊),花蓮縣,46.020,46.130,46.030,46.030,45.910,45.970,45.970,45.970,45.970,45.970,45.970,46.020,46.260
102,白米零售,稉種(蓬萊),澎湖縣,40.240,40.180,40.340,40.370,40.370,40.190,40.180,40.360,40.370,40.020,40.000,40.000,40.470
102,白米零售,稉種(蓬萊),基隆市,37.570,37.400,37.400,37.400,37.400,37.400,37.400,37.400,37.400,37.490,37.720,38.080,38.330
102,白米零售,稉種(蓬萊),新竹市,38.650,39.060,39.060,38.740,38.040,37.920,38.130,38.750,38.690,38.540,38.540,38.570,39.780
102,白米零售,稉種(蓬萊),台中市,38.780,38.930,38.890,38.840,38.670,38.610,38.580,38.830,38.880,38.840,38.720,38.590,38.980
102,白米零售,稉種(蓬萊),嘉義市,37.420,37.680,37.610,37.610,37.170,36.980,36.980,37.280,37.330,37.330,37.410,37.440,38.180
102,白米零售,稉種(蓬萊),台南市,38.280,38.630,38.690,38.690,38.180,38.080,38.080,38.080,38.080,38.080,38.080,38.080,38.650
102,白米零售,稉種(蓬萊),台北市,39.930,40.370,40.370,40.300,40.000,39.700,39.630,39.630,39.630,39.630,39.780,39.980,40.170
102,白米零售,稉種(蓬萊),高雄市,37.360,37.680,37.490,37.360,37.180,36.970,36.880,37.040,37.280,37.300,37.380,37.440,38.260
103,白米零售,稉種(蓬萊),新北市,41.140,39.500,40.070,41.330,41.330,41.330,41.260,40.920,41.410,41.500,41.620,41.680,41.750
103,白米零售,稉種(蓬萊),宜蘭縣,41.290,40.250,40.740,41.750,41.780,41.780,41.780,41.300,41.000,41.200,41.280,41.330,41.330
103,白米零售,稉種(蓬萊),桃園市,39.760,37.500,38.530,40.580,40.610,40.610,40.330,39.850,39.850,39.850,39.850,39.850,39.670
103,白米零售,稉種(蓬萊),新竹縣,39.740,38.240,39.700,40.820,40.450,40.410,39.730,39.100,39.410,39.640,39.790,39.790,39.790
103,白米零售,稉種(蓬萊),苗栗縣,39.710,38.080,39.970,40.950,40.820,40.700,40.010,39.280,39.280,39.340,39.310,39.020,39.760
103,白米零售,稉種(蓬萊),彰化縣,39.500,38.400,40.110,41.150,40.730,40.710,40.320,38.810,38.580,38.620,38.570,38.930,39.090
103,白米零售,稉種(蓬萊),南投縣,40.130,39.730,40.710,41.040,40.460,40.460,40.220,39.610,39.910,40.090,39.170,39.990,40.220
103,白米零售,稉種(蓬萊),雲林縣,39.850,38.850,40.010,41.030,40.890,40.850,40.450,39.680,39.150,39.340,39.270,39.310,39.370
103,白米零售,稉種(蓬萊),嘉義縣,40.000,39.500,40.620,40.860,40.860,40.860,40.010,39.110,39.370,39.690,39.690,39.690,39.690
103,白米零售,稉種(蓬萊),屏東縣,40.240,39.340,40.960,41.000,40.880,40.840,40.620,39.750,39.800,39.910,39.910,39.910,39.910
103,白米零售,稉種(蓬萊),台東縣,49.580,46.370,48.610,49.880,49.880,49.880,49.910,49.900,50.030,50.020,50.020,50.050,50.350
103,白米零售,稉種(蓬萊),花蓮縣,47.250,46.660,46.820,47.100,47.200,47.500,47.500,47.360,47.420,47.300,47.350,47.370,47.370
103,白米零售,稉種(蓬萊),澎湖縣,41.280,41.100,41.110,42.280,42.400,42.400,42.060,41.130,40.600,40.550,40.550,40.550,40.610
103,白米零售,稉種(蓬萊),基隆市,40.800,38.330,39.270,41.250,41.250,41.250,41.170,40.840,41.010,41.040,41.240,41.440,41.460
103,白米零售,稉種(蓬萊),新竹市,40.500,40.610,41.610,42.210,41.280,41.250,40.330,38.980,39.710,40.000,40.000,40.000,40.000
103,白米零售,稉種(蓬萊),台中市,41.000,39.360,41.070,42.020,41.810,41.780,41.370,40.560,40.350,40.720,40.690,41.090,41.200
103,白米零售,稉種(蓬萊),嘉義市,39.600,38.890,40.230,40.620,40.620,40.620,40.030,38.840,38.940,39.110,39.110,39.110,39.100
103,白米零售,稉種(蓬萊),台南市,40.030,39.380,41.120,40.750,40.210,40.710,40.680,39.570,39.590,39.590,39.590,39.590,39.590
103,白米零售,稉種(蓬萊),台北市,41.330,40.180,40.560,41.390,41.390,41.390,41.290,41.020,41.480,41.570,41.660,41.930,42.040
103,白米零售,稉種(蓬萊),高雄市,40.260,38.810,40.590,41.280,41.280,41.260,40.620,39.680,39.730,39.890,39.960,39.980,40.000
104,白米零售,稉種(蓬萊),新北市,41.500,41.720,41.750,41.810,41.830,41.860,41.360,41.210,41.250,41.250,41.250,41.250,41.420
104,白米零售,稉種(蓬萊),宜蘭縣,41.470,41.240,41.700,42.000,42.000,41.970,41.890,41.380,41.020,41.070,41.070,41.070,41.180
104,白米零售,稉種(蓬萊),桃園市,39.670,39.670,39.670,39.670,39.670,39.670,39.670,39.710,39.670,39.670,39.670,39.670,39.670
104,白米零售,稉種(蓬萊),新竹縣,39.420,39.770,39.690,39.690,39.690,39.410,39.140,38.790,38.970,39.030,38.960,39.350,40.570
104,白米零售,稉種(蓬萊),苗栗縣,39.250,39.520,39.520,39.520,39.520,39.520,39.420,39.280,38.890,38.850,38.850,38.850,39.280
104,白米零售,稉種(蓬萊),彰化縣,39.140,39.350,39.360,39.460,39.500,39.300,39.270,38.910,38.490,38.490,38.570,38.670,40.310
104,白米零售,稉種(蓬萊),南投縣,39.710,40.030,39.960,40.070,40.080,39.980,39.840,39.510,39.060,39.010,39.080,39.260,40.590
104,白米零售,稉種(蓬萊),雲林縣,38.910,39.260,39.390,39.530,39.610,38.990,38.470,38.230,38.360,38.360,38.360,38.480,39.830
104,白米零售,稉種(蓬萊),嘉義縣,39.720,39.690,39.690,39.690,39.690,39.620,39.630,39.630,39.510,39.390,39.390,39.550,41.210
104,白米零售,稉種(蓬萊),屏東縣,39.950,39.910,39.890,39.860,39.860,39.860,39.860,39.860,39.860,39.860,39.860,39.860,40.880
104,白米零售,稉種(蓬萊),台東縣,50.380,50.350,50.350,50.350,50.350,50.350,50.350,50.350,50.350,50.350,50.400,50.510,50.510
104,白米零售,稉種(蓬萊),花蓮縣,47.280,47.370,47.370,47.370,47.370,46.950,47.220,47.220,47.220,47.220,47.200,47.030,47.840
104,白米零售,稉種(蓬萊),澎湖縣,41.010,40.620,40.620,40.620,40.620,40.970,41.240,41.240,41.240,41.240,41.240,41.240,41.240
104,白米零售,稉種(蓬萊),基隆市,41.380,41.590,41.670,41.670,41.670,41.440,40.940,41.140,41.250,41.250,41.250,41.250,41.480
104,白米零售,稉種(蓬萊),新竹市,39.950,40.000,40.000,40.310,40.420,40.130,39.600,39.400,39.380,39.380,39.620,39.960,41.230
104,白米零售,稉種(蓬萊),台中市,40.980,41.200,41.200,41.200,41.200,41.200,41.110,40.760,40.460,40.460,40.360,40.460,42.090
104,白米零售,稉種(蓬萊),嘉義市,39.710,39.100,39.100,39.100,39.100,39.690,39.850,39.850,39.860,39.910,39.910,40.030,41.030
104,白米零售,稉種(蓬萊),台南市,40.310,39.590,39.610,39.870,39.950,39.950,39.950,40.050,40.040,40.270,40.320,41.270,42.850
104,白米零售,稉種(蓬萊),台北市,42.410,41.880,42.130,42.180,42.220,42.270,42.310,42.540,42.680,42.680,42.680,42.680,42.680
104,白米零售,稉種(蓬萊),高雄市,40.190,40.170,40.110,40.300,40.390,40.230,39.850,39.810,39.870,39.960,39.960,39.960,41.650
105,白米零售,稉種(蓬萊),新北市,42.020,41.570,41.800,42.100,42.240,42.240,42.240,41.910,41.910,41.910,41.910,42.040,42.370
105,白米零售,稉種(蓬萊),宜蘭縣,41.430,41.190,41.190,41.190,41.190,41.190,41.190,41.240,41.550,41.550,41.440,41.770,42.460
105,白米零售,稉種(蓬萊),桃園市,39.760,39.670,39.670,39.670,39.670,39.670,39.670,39.670,39.670,39.670,39.670,39.670,40.730
105,白米零售,稉種(蓬萊),新竹縣,40.750,41.040,41.040,41.040,41.040,40.970,40.660,40.310,40.110,40.100,40.100,40.780,41.830
105,白米零售,稉種(蓬萊),苗栗縣,40.070,40.220,41.260,41.670,41.070,39.550,39.080,39.030,39.110,39.110,39.110,40.050,41.530
105,白米零售,稉種(蓬萊),彰化縣,40.300,40.990,40.620,40.940,40.840,40.780,40.780,40.760,38.720,38.570,38.940,39.950,41.750
105,白米零售,稉種(蓬萊),南投縣,40.890,41.180,41.360,41.550,41.610,41.610,41.610,41.130,39.750,39.520,39.590,40.340,41.440
105,白米零售,稉種(蓬萊),雲林縣,40.430,40.610,40.660,40.660,40.660,40.610,40.430,39.110,39.370,39.370,39.840,41.180,42.620
105,白米零售,稉種(蓬萊),嘉義縣,39.910,41.350,41.350,40.380,40.290,40.030,39.450,38.470,38.470,38.570,38.980,39.990,41.620
105,白米零售,稉種(蓬萊),屏東縣,41.580,41.990,41.990,41.990,41.950,41.760,41.440,41.380,40.580,40.580,40.780,41.640,42.840
105,白米零售,稉種(蓬萊),台東縣,50.540,50.510,50.510,50.510,50.510,50.510,50.510,50.510,50.510,50.510,50.510,50.610,50.790
105,白米零售,稉種(蓬萊),花蓮縣,48.300,48.840,48.550,48.320,48.300,48.200,48.200,48.200,48.200,48.200,48.200,48.200,48.200
105,白米零售,稉種(蓬萊),澎湖縣,41.150,41.240,41.240,41.240,41.240,41.240,41.240,40.960,40.620,40.620,40.620,41.130,42.450
105,白米零售,稉種(蓬萊),基隆市,42.040,41.670,42.170,42.350,42.370,42.330,42.100,41.630,41.580,41.580,41.580,41.770,43.350
105,白米零售,稉種(蓬萊),新竹市,41.900,41.650,41.880,41.880,42.050,42.080,42.070,41.850,41.470,41.460,41.630,41.930,42.900
105,白米零售,稉種(蓬萊),台中市,42.230,42.620,42.620,42.620,42.610,42.630,42.550,41.820,41.130,41.130,41.240,41.930,43.860
105,白米零售,稉種(蓬萊),嘉義市,40.330,41.260,40.940,40.580,40.530,40.530,40.410,39.330,39.130,39.130,39.230,40.660,42.270
105,白米零售,稉種(蓬萊),台南市,42.000,43.000,42.970,42.910,42.690,42.530,42.120,40.210,40.270,40.270,40.660,42.450,43.940
105,白米零售,稉種(蓬萊),台北市,43.060,42.690,42.960,43.120,43.110,43.110,43.080,42.890,42.890,42.890,42.930,43.060,43.960
105,白米零售,稉種(蓬萊),高雄市,41.070,42.120,42.250,42.050,41.760,41.340,40.460,39.890,39.990,39.960,40.080,40.700,42.210
106,白米零售,稉種(蓬萊),新北市,43.040,43.140,43.470,43.460,43.430,43.430,43.390,43.020,42.640,42.530,42.590,42.650,42.750
106,白米零售,稉種(蓬萊),宜蘭縣,43.000,43.000,43.200,43.200,43.200,43.200,43.080,43.080,43.080,42.830,42.690,42.690,42.690
106,白米零售,稉種(蓬萊),桃園市,41.040,41.330,41.330,41.330,41.330,41.330,41.330,41.330,41.330,41.330,41.260,39.660,39.530
106,白米零售,稉種(蓬萊),新竹縣,40.610,41.970,41.870,41.870,41.710,41.400,40.530,39.820,39.690,39.690,39.690,39.480,39.550
106,白米零售,稉種(蓬萊),苗栗縣,40.570,41.700,41.700,41.670,41.440,41.440,40.890,40.390,40.310,39.430,39.430,39.240,39.240
106,白米零售,稉種(蓬萊),彰化縣,40.290,42.050,42.150,42.020,41.760,41.270,40.780,39.780,39.010,38.930,38.930,38.730,38.050
106,白米零售,稉種(蓬萊),南投縣,41.300,42.500,43.010,43.160,43.090,42.960,41.520,40.780,40.100,39.570,39.600,39.600,39.660
106,白米零售,稉種(蓬萊),雲林縣,40.840,42.690,42.670,42.730,42.730,42.730,40.860,39.600,39.280,39.200,39.200,39.200,39.170
106,白米零售,稉種(蓬萊),嘉義縣,40.450,41.750,41.990,42.090,41.950,41.550,40.280,39.600,39.400,39.390,39.280,39.100,39.000
106,白米零售,稉種(蓬萊),屏東縣,42.200,43.410,43.410,43.410,43.410,43.410,41.820,40.990,41.650,41.540,41.120,41.120,41.120
106,白米零售,稉種(蓬萊),台東縣,52.430,51.590,51.590,51.590,51.800,52.230,52.450,52.560,52.920,53.100,53.100,53.100,53.100
106,白米零售,稉種(蓬萊),花蓮縣,50.140,48.370,49.550,50.360,50.380,50.380,50.380,50.380,50.380,50.380,50.380,50.380,50.380
106,白米零售,稉種(蓬萊),澎湖縣,42.450,42.900,43.340,43.240,42.540,42.290,42.290,42.290,42.290,42.290,42.130,41.870,41.870
106,白米零售,稉種(蓬萊),基隆市,43.920,43.660,43.900,44.060,44.080,44.130,44.090,43.370,43.650,43.990,44.130,44.070,43.880
106,白米零售,稉種(蓬萊),新竹市,42.970,44.170,44.170,44.090,43.960,43.960,43.510,42.290,41.980,41.980,41.980,41.860,41.700
106,白米零售,稉種(蓬萊),台中市,43.140,45.040,44.950,44.690,43.920,43.690,43.230,42.670,42.260,42.110,41.890,41.610,41.610
106,白米零售,稉種(蓬萊),嘉義市,41.040,42.440,42.510,42.510,42.140,41.790,41.020,40.460,40.100,39.940,39.850,39.850,39.850
106,白米零售,稉種(蓬萊),台南市,42.390,44.090,44.090,43.950,43.450,43.230,41.830,41.480,41.310,41.300,41.300,41.300,41.300
106,白米零售,稉種(蓬萊),台北市,45.250,44.780,44.940,44.960,44.960,44.960,44.960,45.050,45.370,45.770,45.830,45.770,45.650
106,白米零售,稉種(蓬萊),高雄市,41.330,42.840,43.000,42.740,42.570,42.170,40.990,40.590,40.400,40.250,40.160,40.080,40.160
107,白米零售,稉種(蓬萊),新北市,42.600,42.690,42.690,42.690,42.690,42.690,42.690,42.690,42.690,42.560,42.410,42.410,42.350
107,白米零售,稉種(蓬萊),宜蘭縣,42.200,42.690,42.620,42.560,42.560,42.660,42.570,42.260,41.760,41.670,41.670,41.670,41.670
107,白米零售,稉種(蓬萊),桃園市,38.590,39.450,39.050,39.410,39.410,39.410,39.410,39.410,39.410,37.110,36.990,36.990,37.050
107,白米零售,稉種(蓬萊),新竹縣,39.250,39.580,39.580,39.580,39.580,39.580,39.580,39.260,38.850,38.850,38.850,38.850,38.850
107,白米零售,稉種(蓬萊),苗栗縣,39.240,39.240,39.240,39.240,39.240,39.240,39.240,39.240,39.240,39.240,39.240,39.240,39.240
107,白米零售,稉種(蓬萊),彰化縣,37.110,36.220,36.070,37.270,37.850,37.850,37.830,37.310,37.080,36.960,36.960,36.960,36.940
107,白米零售,稉種(蓬萊),南投縣,38.950,39.710,39.710,39.710,39.710,39.580,39.520,38.970,38.180,38.080,38.080,38.080,38.080
107,白米零售,稉種(蓬萊),雲林縣,39.120,39.200,39.200,39.200,39.200,39.200,39.200,39.190,38.650,39.000,39.150,39.150,39.050
107,白米零售,稉種(蓬萊),嘉義縣,38.740,38.960,38.960,38.960,38.960,38.960,38.840,38.550,38.550,38.550,38.550,38.550,38.520
107,白米零售,稉種(蓬萊),屏東縣,40.800,41.120,41.120,41.120,41.120,41.120,41.120,40.790,40.800,40.660,40.660,39.990,39.970
107,白米零售,稉種(蓬萊),台東縣,54.450,53.180,54.690,54.230,53.940,53.940,53.940,53.940,53.940,54.800,55.240,55.710,55.880
107,白米零售,稉種(蓬萊),花蓮縣,48.040,50.380,50.380,50.270,49.520,49.420,47.460,46.460,46.520,46.520,46.520,46.520,46.520
107,白米零售,稉種(蓬萊),澎湖縣,41.690,41.870,41.870,41.870,41.870,41.870,41.870,41.680,41.500,41.460,41.460,41.460,41.460
107,白米零售,稉種(蓬萊),基隆市,44.460,43.900,44.270,44.500,44.690,44.690,44.750,44.750,44.610,44.580,44.540,44.260,44.030
107,白米零售,稉種(蓬萊),新竹市,41.560,41.560,41.560,41.720,41.880,42.190,42.070,41.430,41.250,41.250,41.250,41.250,41.250
107,白米零售,稉種(蓬萊),台中市,40.750,41.610,41.600,41.490,41.490,41.490,41.370,41.130,40.150,39.670,39.670,39.670,39.630
107,白米零售,稉種(蓬萊),嘉義市,39.330,39.850,39.850,39.820,39.610,39.610,39.560,39.230,38.890,38.890,38.890,38.890,38.830
107,白米零售,稉種(蓬萊),台南市,40.820,41.300,41.300,41.300,41.300,41.300,41.000,40.550,40.370,40.360,40.360,40.360,40.300
107,白米零售,稉種(蓬萊),台北市,45.530,45.650,45.650,45.650,45.650,45.670,45.690,45.740,45.630,45.600,45.230,45.110,45.140
107,白米零售,稉種(蓬萊),高雄市,40.120,40.400,40.390,40.420,40.380,40.320,40.350,39.970,40.030,39.960,39.750,39.720,39.800
108,白米零售,稉種(蓬萊),新北市,42.240,42.200,42.220,42.280,42.310,42.310,42.270,42.160,42.220,42.220,42.220,42.220,42.220
108,白米零售,稉種(蓬萊),宜蘭縣,41.730,41.670,41.670,41.670,41.670,41.670,41.670,41.630,41.820,41.820,41.820,41.810,41.870
108,白米零售,稉種(蓬萊),桃園市,37.740,37.050,37.050,36.510,36.440,36.490,36.740,38.240,39.000,39.080,39.080,38.630,38.620
108,白米零售,稉種(蓬萊),新竹縣,38.910,38.850,38.650,38.640,38.540,38.540,38.540,38.700,39.170,39.380,39.380,39.300,39.170
108,白米零售,稉種(蓬萊),苗栗縣,39.030,39.240,39.240,39.240,39.240,39.100,38.330,38.330,38.330,39.030,39.440,39.440,39.440
108,白米零售,稉種(蓬萊),彰化縣,37.410,36.780,36.780,36.780,36.780,36.780,36.780,37.600,37.990,38.120,38.120,38.150,38.260
108,白米零售,稉種(蓬萊),南投縣,38.400,38.070,38.200,38.200,38.200,38.200,38.200,38.310,38.490,38.750,38.650,38.640,38.860
108,白米零售,稉種(蓬萊),雲林縣,38.610,38.790,38.780,38.770,38.700,38.620,38.620,38.660,38.380,38.460,38.440,38.410,38.700
108,白米零售,稉種(蓬萊),嘉義縣,38.570,38.450,38.450,38.450,38.450,38.280,38.170,38.230,38.740,39.000,39.000,38.810,38.790
108,白米零售,稉種(蓬萊),屏東縣,39.690,39.810,40.340,40.010,39.670,39.570,39.600,39.760,39.520,39.370,39.450,39.740,39.490
108,白米零售,稉種(蓬萊),台東縣,53.040,55.760,52.380,52.380,52.380,53.160,53.160,53.090,53.010,52.810,52.780,52.780,52.780
108,白米零售,稉種(蓬萊),花蓮縣,46.390,46.520,46.520,46.520,46.520,46.520,46.370,46.290,46.290,46.290,46.290,46.290,46.290
108,白米零售,稉種(蓬萊),澎湖縣,41.100,41.460,41.460,41.460,41.460,40.970,40.620,40.620,40.980,41.040,41.040,41.040,41.040
108,白米零售,稉種(蓬萊),基隆市,44.170,44.060,44.060,44.160,44.060,44.060,44.060,44.210,44.270,44.270,44.270,44.270,44.270
108,白米零售,稉種(蓬萊),新竹市,40.770,41.080,41.040,40.620,40.420,40.000,40.000,40.080,40.860,41.350,41.410,41.580,40.780
108,白米零售,稉種(蓬萊),台中市,40.700,40.120,40.420,40.790,40.650,40.650,40.410,40.280,40.460,40.950,41.070,41.270,41.270
108,白米零售,稉種(蓬萊),嘉義市,38.940,38.650,38.650,38.590,38.400,38.160,38.160,38.780,39.590,39.610,39.610,39.610,39.480
108,白米零售,稉種(蓬萊),台南市,40.690,40.270,40.270,40.270,40.270,40.270,40.130,40.480,41.140,41.320,41.320,41.320,41.270
108,白米零售,稉種(蓬萊),台北市,44.450,45.330,45.370,45.210,44.720,44.410,44.350,44.160,43.980,43.980,43.980,43.980,43.980
108,白米零售,稉種(蓬萊),高雄市,39.910,39.800,39.800,39.760,39.660,39.400,38.940,39.310,40.140,40.680,40.560,40.500,40.350
109,白米零售,稉種(蓬萊),新北市,41.950,42.220,42.220,42.220,41.970,41.850,41.850,41.850,41.850,41.850,41.850,41.850,41.770
109,白米零售,稉種(蓬萊),宜蘭縣,41.810,41.920,41.920,41.920,41.920,41.920,41.920,41.920,41.920,41.740,41.540,41.540,41.540
109,白米零售,稉種(蓬萊),桃園市,37.560,39.170,39.170,39.170,38.400,37.690,37.580,37.320,37.040,36.970,35.750,36.240,36.190
109,白米零售,稉種(蓬萊),新竹縣,39.060,39.170,39.170,39.170,39.170,39.170,39.090,38.960,38.960,38.960,38.960,38.960,39.030
109,白米零售,稉種(蓬萊),苗栗縣,38.740,39.170,39.070,39.070,39.070,39.070,38.950,38.710,38.450,38.330,38.330,38.330,38.330
109,白米零售,稉種(蓬萊),彰化縣,37.830,38.210,38.210,38.260,38.300,38.190,37.590,37.730,37.670,37.400,37.400,37.400,37.650
109,白米零售,稉種(蓬萊),南投縣,39.090,38.990,39.120,39.120,39.120,39.120,38.880,39.010,39.120,39.120,39.120,39.120,39.210
109,白米零售,稉種(蓬萊),雲林縣,38.170,39.060,39.040,38.990,39.060,39.060,38.850,37.790,37.070,37.050,37.030,37.070,38.000
109,白米零售,稉種(蓬萊),嘉義縣,38.600,38.790,38.750,38.580,38.580,38.580,38.580,38.580,38.580,38.580,38.580,38.490,38.490
109,白米零售,稉種(蓬萊),屏東縣,38.740,39.290,38.640,38.570,38.850,39.040,39.050,39.170,38.820,38.450,38.290,38.310,38.380
109,白米零售,稉種(蓬萊),台東縣,53.240,52.780,52.630,52.760,52.900,52.930,52.930,53.060,53.310,53.470,53.840,54.110,54.110
109,白米零售,稉種(蓬萊),花蓮縣,46.290,46.290,46.290,46.290,46.290,46.290,46.290,46.290,46.290,46.290,46.290,46.290,46.290
109,白米零售,稉種(蓬萊),澎湖縣,41.040,41.040,41.040,41.040,41.040,41.040,41.040,41.040,41.040,41.040,41.040,41.040,41.040
109,白米零售,稉種(蓬萊),基隆市,44.080,44.270,44.270,44.270,44.170,44.060,43.970,43.960,43.960,43.960,43.960,43.960,44.120
109,白米零售,稉種(蓬萊),新竹市,40.780,40.830,40.830,40.830,40.830,40.830,40.830,40.830,40.830,40.700,40.630,40.640,40.800
109,白米零售,稉種(蓬萊),台中市,40.670,41.270,41.230,41.160,41.390,41.540,41.420,40.530,39.940,39.870,39.870,39.790,40.040
109,白米零售,稉種(蓬萊),嘉義市,38.920,39.130,39.130,39.130,39.130,39.130,38.890,38.890,38.660,38.650,38.650,38.650,38.960
109,白米零售,稉種(蓬萊),台南市,40.800,41.090,41.020,40.820,40.910,40.950,40.620,40.730,40.730,40.730,40.730,40.500,40.770
109,白米零售,稉種(蓬萊),台北市,44.210,43.980,44.400,44.450,44.300,44.320,44.240,44.130,44.130,44.130,44.130,44.130,44.130
109,白米零售,稉種(蓬萊),高雄市,40.090,40.270,40.210,40.130,40.100,40.120,40.100,40.150,40.100,40.030,39.900,39.790,40.120
110,白米零售,稉種(蓬萊),新北市,43.340,41.670,41.670,42.700,43.130,43.320,43.580,43.840,44.050,44.040,44.040,44.040,44.040
110,白米零售,稉種(蓬萊),宜蘭縣,41.860,41.540,41.540,41.540,41.780,41.930,41.930,41.930,41.930,42.000,42.050,42.050,42.050
110,白米零售,稉種(蓬萊),桃園市,39.720,36.440,39.230,39.170,39.170,40.110,41.420,40.470,40.210,40.280,40.170,40.000,40.000
110,白米零售,稉種(蓬萊),新竹縣,39.760,39.270,39.790,39.990,40.120,40.000,40.000,39.970,39.620,39.580,39.580,39.580,39.580
110,白米零售,稉種(蓬萊),苗栗縣,38.950,38.420,39.430,39.340,39.260,39.260,39.440,39.190,38.560,38.520,38.520,38.540,38.890
110,白米零售,稉種(蓬萊),彰化縣,38.600,37.790,38.260,38.860,39.020,38.860,38.840,38.800,38.660,38.620,38.480,38.480,38.480
110,白米零售,稉種(蓬萊),南投縣,40.550,39.240,39.490,40.690,40.720,40.750,40.920,40.850,40.800,40.810,40.770,40.760,40.760
110,白米零售,稉種(蓬萊),雲林縣,39.340,38.670,40.570,40.580,40.580,40.580,40.410,39.920,38.140,38.110,38.110,38.110,38.240
110,白米零售,稉種(蓬萊),嘉義縣,39.470,38.600,39.930,40.150,39.600,39.420,39.420,39.420,39.420,39.420,39.420,39.420,39.420
110,白米零售,稉種(蓬萊),屏東縣,40.080,38.230,39.780,40.780,40.580,40.530,40.370,40.040,40.220,40.120,40.120,40.120,40.120
110,白米零售,稉種(蓬萊),台東縣,55.430,54.110,54.180,54.970,55.620,55.620,55.620,55.710,55.860,55.860,55.860,55.860,55.860
110,白米零售,稉種(蓬萊),花蓮縣,46.290,46.290,46.290,46.290,46.290,46.290,46.290,46.290,46.290,46.290,46.290,46.290,46.290
110,白米零售,稉種(蓬萊),澎湖縣,41.790,41.320,41.450,41.650,42.610,42.610,42.610,42.150,41.420,41.420,41.420,41.420,41.420
110,白米零售,稉種(蓬萊),基隆市,44.380,44.270,44.270,44.340,44.380,44.380,44.380,44.380,44.410,44.460,44.460,44.410,44.380
110,白米零售,稉種(蓬萊),新竹市,41.060,40.980,41.530,41.560,41.560,41.560,41.560,41.400,40.950,40.880,40.380,40.100,40.210
110,白米零售,稉種(蓬萊),台中市,41.680,40.280,41.850,42.070,42.260,42.400,42.460,42.060,41.470,41.170,41.230,41.260,41.610
110,白米零售,稉種(蓬萊),嘉義市,39.800,39.430,40.330,40.500,40.340,40.120,40.310,39.680,39.370,39.370,39.370,39.370,39.370
110,白米零售,稉種(蓬萊),台南市,41.490,40.950,41.380,41.660,41.680,41.680,41.680,41.670,41.460,41.450,41.450,41.360,41.430
110,白米零售,稉種(蓬萊),台北市,44.790,44.130,44.130,44.330,44.410,44.540,44.730,45.130,45.220,45.220,45.220,45.220,45.220
110,白米零售,稉種(蓬萊),高雄市,41.040,40.260,40.780,41.360,41.390,41.180,41.180,41.180,41.100,41.020,41.020,41.020,41.020
111,白米零售,稉種(蓬萊),新北市,44.910,44.470,44.530,44.790,45.000,45.000,45.000,45.000,45.000,45.000,45.000,45.040,45.040
111,白米零售,稉種(蓬萊),宜蘭縣,42.060,42.050,42.050,42.050,42.050,42.050,42.050,42.050,42.050,42.050,42.050,42.110,42.150
111,白米零售,稉種(蓬萊),桃園市,40.140,40.000,40.000,40.000,40.020,40.090,40.090,40.090,40.090,40.150,40.190,40.350,40.560
111,白米零售,稉種(蓬萊),新竹縣,40.000,40.000,40.000,40.000,40.000,40.000,40.000,40.000,40.000,40.000,40.000,40.000,40.000
111,白米零售,稉種(蓬萊),苗栗縣,38.990,38.890,38.890,38.890,38.890,38.890,38.890,39.050,39.070,39.070,39.070,39.070,39.250
111,白米零售,稉種(蓬萊),彰化縣,38.730,38.660,38.660,38.660,38.660,38.700,38.840,38.840,38.830,38.660,38.660,38.660,38.940
111,白米零售,稉種(蓬萊),南投縣,41.290,41.030,41.240,41.240,41.240,41.240,41.360,41.360,41.390,41.370,41.170,41.370,41.470
111,白米零售,稉種(蓬萊),雲林縣,40.350,40.270,40.350,40.490,40.490,40.490,40.490,40.240,40.250,40.290,40.220,40.410,40.250
111,白米零售,稉種(蓬萊),嘉義縣,39.750,39.420,39.420,39.350,39.420,39.470,39.630,39.880,40.040,40.040,40.040,40.040,40.280
111,白米零售,稉種(蓬萊),屏東縣,40.310,40.120,40.120,40.120,40.120,40.120,40.120,40.330,40.370,40.430,40.620,40.690,40.610
111,白米零售,稉種(蓬萊),台東縣,55.940,55.930,55.930,55.930,55.900,55.950,55.950,55.950,55.950,55.950,55.950,55.950,55.950
111,白米零售,稉種(蓬萊),花蓮縣,47.890,46.290,46.290,47.360,47.360,47.360,48.810,49.250,48.570,48.350,48.350,48.350,48.350
111,白米零售,稉種(蓬萊),澎湖縣,41.530,41.420,41.420,41.420,41.420,41.420,41.420,41.420,41.420,41.420,41.420,41.420,42.710
111,白米零售,稉種(蓬萊),基隆市,45.500,44.760,44.760,45.240,45.460,45.720,45.720,45.720,45.720,45.720,45.720,45.720,45.720
111,白米零售,稉種(蓬萊),新竹市,40.850,40.480,40.630,40.630,40.660,40.880,40.940,40.940,40.940,40.950,41.040,41.040,41.090
111,白米零售,稉種(蓬萊),台中市,41.840,41.660,41.490,41.490,41.490,41.680,41.900,42.120,42.000,42.020,42.020,42.080,42.100
111,白米零售,稉種(蓬萊),嘉義市,39.690,39.610,39.610,39.610,39.610,39.610,39.620,39.710,39.710,39.710,39.710,39.780,39.940
111,白米零售,稉種(蓬萊),台南市,41.790,41.450,41.450,41.450,41.550,41.910,41.900,41.900,41.900,41.900,41.900,41.950,42.180
111,白米零售,稉種(蓬萊),台北市,45.410,45.470,45.460,45.460,45.090,45.270,45.260,45.440,45.460,45.480,45.500,45.500,45.500
111,白米零售,稉種(蓬萊),高雄市,41.560,41.020,41.020,41.020,41.020,41.250,41.630,41.810,41.990,42.020,42.020,41.940,41.980
112,白米零售,稉種(蓬萊),新北市,45.380,45.040,45.040,45.070,45.250,45.250,45.350,45.460,45.460,45.510,45.670,45.670,45.740
112,白米零售,稉種(蓬萊),宜蘭縣,42.930,42.130,42.100,42.200,42.240,42.230,42.440,42.920,43.480,43.480,43.480,43.610,44.890
112,白米零售,稉種(蓬萊),桃園市,41.590,40.720,41.090,41.400,41.610,41.720,41.810,41.820,41.810,41.580,41.500,41.660,42.410
112,白米零售,稉種(蓬萊),新竹縣,40.840,40.000,40.000,40.280,40.830,40.830,40.830,40.830,40.830,40.830,40.830,41.110,42.920
112,白米零售,稉種(蓬萊),苗栗縣,40.760,39.630,39.630,39.780,40.550,40.880,40.900,40.900,40.900,40.900,40.900,41.130,42.970
112,白米零售,稉種(蓬萊),彰化縣,39.680,39.460,39.490,39.690,39.870,40.100,40.030,39.770,39.690,39.690,39.790,39.460,39.100
112,白米零售,稉種(蓬萊),南投縣,42.000,41.610,41.540,41.730,41.930,42.130,42.130,42.030,42.010,42.140,42.200,42.200,42.310
112,白米零售,稉種(蓬萊),雲林縣,40.730,40.340,40.350,40.510,41.020,41.080,41.080,40.900,40.470,40.370,40.440,40.680,41.520
112,白米零售,稉種(蓬萊),嘉義縣,40.780,40.570,40.630,40.630,40.810,40.840,40.830,40.450,40.500,40.610,40.610,40.720,42.180
112,白米零售,稉種(蓬萊),屏東縣,40.790,40.610,40.610,40.690,40.700,40.700,40.700,40.700,40.700,40.770,40.850,40.920,41.560
112,白米零售,稉種(蓬萊),台東縣,55.300,55.950,55.950,55.950,55.950,55.220,54.920,54.920,54.920,54.920,54.920,54.920,55.020
112,白米零售,稉種(蓬萊),花蓮縣,48.530,48.350,48.350,48.350,48.350,48.350,48.350,48.350,48.570,48.810,48.810,48.810,48.960
112,白米零售,稉種(蓬萊),澎湖縣,44.130,43.090,43.880,44.050,44.240,44.280,44.280,44.280,44.280,44.280,44.280,44.280,44.280
112,白米零售,稉種(蓬萊),基隆市,45.530,45.720,45.590,45.480,45.480,45.480,45.480,45.480,45.480,45.480,45.480,45.480,45.740
112,白米零售,稉種(蓬萊),新竹市,43.180,42.130,42.880,43.200,42.940,43.380,43.540,43.320,43.150,43.150,43.150,43.150,44.150
112,白米零售,稉種(蓬萊),台中市,43.660,42.160,42.830,43.100,43.240,43.800,44.030,44.000,43.760,43.640,43.770,44.000,45.630
112,白米零售,稉種(蓬萊),嘉義市,40.770,40.000,40.000,40.070,40.100,40.530,41.310,41.190,40.880,40.820,40.820,40.950,42.520
112,白米零售,稉種(蓬萊),台南市,44.020,42.850,43.050,43.110,43.720,44.100,44.080,43.950,44.160,44.410,44.410,44.890,45.560
112,白米零售,稉種(蓬萊),台北市,45.910,45.580,45.650,45.860,45.930,45.930,45.930,45.930,45.930,45.950,46.020,46.020,46.230
112,白米零售,稉種(蓬萊),高雄市,42.220,42.000,42.000,42.050,42.200,42.200,42.250,42.260,42.260,42.260,42.270,42.360,42.480
113,白米零售,稉種(蓬萊),新北市,46.360,46.300,46.440,46.110,46.110,46.110,46.030,45.870,45.960,46.020,46.250,46.890,48.230
113,白米零售,稉種(蓬萊),宜蘭縣,45.030,44.890,44.890,44.750,44.710,44.720,44.810,44.580,44.970,45.110,45.210,45.570,46.200
113,白米零售,稉種(蓬萊),桃園市,42.270,43.150,43.330,43.240,43.230,42.760,42.410,41.630,41.290,41.200,41.200,41.480,42.270
113,白米零售,稉種(蓬萊),新竹縣,43.090,43.330,43.330,43.320,43.230,43.230,43.140,42.710,42.710,42.710,42.710,42.930,43.700
113,白米零售,稉種(蓬萊),苗栗縣,42.970,43.620,43.640,43.600,43.460,43.460,42.650,42.070,42.280,42.350,42.350,42.520,43.580
113,白米零售,稉種(蓬萊),彰化縣,42.150,40.460,41.430,42.100,42.860,43.240,42.430,41.510,41.550,41.530,41.520,42.490,44.680
113,白米零售,稉種(蓬萊),南投縣,44.200,42.780,43.920,44.220,44.280,44.690,44.620,43.820,43.820,43.850,43.850,44.330,46.190
113,白米零售,稉種(蓬萊),雲林縣,42.150,42.730,42.800,42.780,42.780,42.450,41.410,41.390,41.420,41.500,41.500,41.950,43.040
113,白米零售,稉種(蓬萊),嘉義縣,43.730,43.130,43.250,43.390,43.880,43.880,43.880,43.880,43.880,43.880,43.880,43.880,43.980
113,白米零售,稉種(蓬萊),屏東縣,41.290,42.350,42.350,42.350,42.350,40.970,40.700,40.700,40.700,40.700,40.700,40.700,40.900
113,白米零售,稉種(蓬萊),台東縣,56.160,55.990,56.040,56.140,56.140,56.140,56.170,56.220,56.220,56.220,56.220,56.220,56.230
113,白米零售,稉種(蓬萊),花蓮縣,48.940,49.000,49.000,49.000,49.000,48.920,48.850,48.850,48.850,48.850,48.850,48.850,49.260
113,白米零售,稉種(蓬萊),澎湖縣,44.280,44.280,44.280,44.280,44.280,44.280,44.280,44.280,44.280,44.280,44.280,44.280,44.280
113,白米零售,稉種(蓬萊),基隆市,47.030,46.400,46.430,46.430,46.430,46.430,46.430,46.740,47.140,47.370,47.450,47.990,49.080
113,白米零售,稉種(蓬萊),新竹市,44.650,44.580,44.580,44.420,44.290,44.350,44.630,44.690,44.690,44.710,44.710,44.880,45.240
113,白米零售,稉種(蓬萊),台中市,45.560,46.420,46.490,46.490,46.490,46.490,46.490,46.240,44.360,44.130,44.030,44.080,45.000
113,白米零售,稉種(蓬萊),嘉義市,43.790,43.570,43.970,44.170,43.960,43.720,43.720,43.720,43.720,43.720,43.720,43.720,43.720
113,白米零售,稉種(蓬萊),台南市,44.840,45.560,45.560,45.560,45.480,45.280,44.480,44.400,44.330,44.300,44.300,44.300,44.490
113,白米零售,稉種(蓬萊),台北市,47.740,46.670,46.940,46.940,46.940,46.940,46.940,47.250,47.590,47.590,48.020,49.560,51.550
113,白米零售,稉種(蓬萊),高雄市,42.510,42.480,42.480,42.480,42.480,42.480,42.480,42.480,42.480,42.480,42.480,42.480,42.830
114,白米零售,稉種(蓬萊),新北市,48.830,48.800,48.800,48.800,48.800,48.800,48.800,48.780,48.740,48.740,48.740,48.770,49.370
114,白米零售,稉種(蓬萊),宜蘭縣,46.900,46.390,46.440,46.440,46.440,46.440,46.440,46.440,47.150,47.660,47.660,47.660,47.660
114,白米零售,稉種(蓬萊),桃園市,43.220,42.470,42.590,42.740,42.960,43.130,43.320,43.490,43.490,43.490,43.490,43.520,43.960
114,白米零售,稉種(蓬萊),新竹縣,44.500,43.960,44.100,44.450,44.580,44.580,44.580,44.580,44.580,44.580,44.580,44.580,44.820
114,白米零售,稉種(蓬萊),苗栗縣,43.960,43.640,43.640,43.640,43.640,43.740,43.810,44.090,44.180,44.180,44.180,44.180,44.540
114,白米零售,稉種(蓬萊),彰化縣,44.910,45.000,45.000,45.000,45.000,45.000,45.000,44.820,44.820,44.820,44.820,44.820,44.820
114,白米零售,稉種(蓬萊),南投縣,46.690,46.600,46.680,46.680,46.680,46.680,46.680,46.680,46.680,46.680,46.680,46.680,46.830
114,白米零售,稉種(蓬萊),雲林縣,43.350,43.290,43.250,43.250,43.250,43.150,43.040,43.370,43.400,43.400,43.350,43.340,44.150
114,白米零售,稉種(蓬萊),嘉義縣,44.360,44.070,44.070,44.070,44.070,44.070,44.350,44.450,44.450,44.450,44.470,44.690,45.070
114,白米零售,稉種(蓬萊),屏東縣,43.130,40.920,40.920,40.920,40.920,40.920,44.270,44.840,44.610,44.610,44.610,44.610,45.460
114,白米零售,稉種(蓬萊),台東縣,59.250,57.390,58.590,59.180,59.230,59.370,59.460,59.490,59.560,59.670,59.670,59.670,59.700
114,白米零售,稉種(蓬萊),花蓮縣,49.860,49.640,49.730,49.730,49.740,49.930,49.930,49.930,49.930,49.930,49.930,49.930,49.930
114,白米零售,稉種(蓬萊),澎湖縣,44.290,44.280,44.280,44.280,44.280,44.280,44.290,44.300,44.300,44.300,44.300,44.300,44.300
114,白米零售,稉種(蓬萊),基隆市,50.680,49.990,50.420,50.480,50.480,50.480,50.480,50.480,50.910,50.950,50.950,51.040,51.470
114,白米零售,稉種(蓬萊),新竹市,45.660,45.330,45.330,45.330,45.470,45.750,45.750,45.750,45.750,45.750,45.750,45.750,46.240
114,白米零售,稉種(蓬萊),台中市,46.360,46.310,46.360,46.370,46.620,46.620,46.620,46.320,46.190,46.190,46.190,46.190,46.340
114,白米零售,稉種(蓬萊),嘉義市,44.050,43.720,43.720,43.720,43.720,43.720,44.120,44.210,44.210,44.210,44.210,44.300,44.750
114,白米零售,稉種(蓬萊),台南市,44.670,44.900,45.170,45.220,45.290,44.130,43.550,44.280,44.580,44.580,44.580,44.580,45.220
114,白米零售,稉種(蓬萊),台北市,52.520,52.370,52.590,52.300,52.220,52.220,52.220,52.220,52.220,52.060,52.770,53.520,53.520
114,白米零售,稉種(蓬萊),高雄市,44.360,43.710,44.190,44.190,44.190,44.190,44.190,44.640,44.790,44.790,44.790,44.490,44.180
115,白米零售,稉種(蓬萊),新北市,50.560,49.720,49.870,50.350,50.920,51.240,51.160,50.800,50.440,,,,
115,白米零售,稉種(蓬萊),宜蘭縣,48.010,47.660,47.660,47.720,47.910,47.910,48.030,48.500,48.670,,,,
115,白米零售,稉種(蓬萊),桃園市,44.650,44.010,43.960,44.530,45.450,45.730,45.470,44.560,43.520,,,,
115,白米零售,稉種(蓬萊),新竹縣,45.890,45.120,45.120,45.390,46.190,46.190,46.240,46.430,46.430,,,,
115,白米零售,稉種(蓬萊),苗栗縣,46.040,44.710,44.730,46.560,46.830,46.830,46.830,46.740,45.060,,,,
115,白米零售,稉種(蓬萊),彰化縣,45.580,45.180,46.070,46.340,46.340,46.310,45.280,44.660,44.460,,,,
115,白米零售,稉種(蓬萊),南投縣,47.300,47.100,47.270,47.540,47.560,47.560,47.530,46.990,46.860,,,,
115,白米零售,稉種(蓬萊),雲林縣,44.350,44.360,44.340,44.420,44.840,44.890,44.640,43.650,43.650,,,,
115,白米零售,稉種(蓬萊),嘉義縣,46.460,45.670,45.780,46.670,46.710,46.710,46.710,46.710,46.710,,,,
115,白米零售,稉種(蓬萊),屏東縣,45.660,45.660,45.660,45.660,45.660,45.660,45.660,45.660,45.660,,,,
115,白米零售,稉種(蓬萊),台東縣,60.720,59.750,59.770,60.190,60.850,61.200,61.270,61.350,61.350,,,,
115,白米零售,稉種(蓬萊),花蓮縣,49.930,49.930,49.930,49.930,49.930,49.930,49.930,49.930,49.930,,,,
115,白米零售,稉種(蓬萊),澎湖縣,44.300,44.300,44.300,44.300,44.300,44.300,44.300,44.300,44.300,,,,
115,白米零售,稉種(蓬萊),基隆市,53.630,51.670,51.900,52.540,54.590,54.880,54.830,54.640,54.010,,,,
115,白米零售,稉種(蓬萊),新竹市,47.880,46.770,46.770,47.250,48.660,48.750,48.630,48.100,48.100,,,,
115,白米零售,稉種(蓬萊),台中市,47.880,46.780,46.890,47.500,47.580,48.570,48.570,48.570,48.570,,,,
115,白米零售,稉種(蓬萊),嘉義市,46.260,45.170,45.280,46.520,46.620,46.620,46.620,46.620,46.620,,,,
115,白米零售,稉種(蓬萊),台南市,46.360,46.210,46.380,46.380,46.380,46.380,46.380,46.380,46.380,,,,
115,白米零售,稉種(蓬萊),台北市,54.500,54.130,54.440,54.440,54.490,54.660,54.770,54.630,54.430,,,,
115,白米零售,稉種(蓬萊),高雄市,46.790,44.780,45.980,47.160,47.240,47.290,47.290,47.290,47.290,,,,
82,白米零售,硬秈(在來),新北市,33.390,31.700,32.840,33.300,33.980,35.000,34.090,33.300,33.300,33.300,33.300,33.300,33.300
82,白米零售,硬秈(在來),宜蘭縣,33.300,33.300,33.300,33.300,33.300,33.300,33.300,33.300,33.300,33.300,33.300,33.300,33.300
82,白米零售,硬秈(在來),桃園市,33.330,32.500,32.700,33.300,33.300,33.300,33.300,33.300,33.300,33.300,33.300,34.170,34.200
82,白米零售,硬秈(在來),新竹縣,33.300,33.300,33.300,33.300,33.300,33.300,33.300,33.300,33.300,33.300,33.300,33.300,33.300
82,白米零售,硬秈(在來),苗栗縣,35.680,35.700,36.020,36.700,36.700,36.040,35.000,35.000,35.000,35.000,35.540,35.700,35.700
82,白米零售,硬秈(在來),台中縣,32.580,30.780,31.400,32.750,32.900,32.900,32.900,32.900,32.900,32.900,32.900,32.900,32.770
82,白米零售,硬秈(在來),彰化縣,32.650,31.400,31.610,33.220,34.300,34.300,33.650,31.590,31.400,31.400,31.400,33.270,34.300
82,白米零售,硬秈(在來),南投縣,31.720,30.000,31.050,32.560,32.900,32.900,32.040,30.000,30.630,31.400,31.400,32.800,32.900
82,白米零售,硬秈(在來),雲林縣,31.010,30.400,30.400,33.300,33.300,33.300,30.770,29.000,29.000,29.000,30.260,31.450,31.900
82,白米零售,硬秈(在來),嘉義縣,30.850,30.030,30.600,31.900,32.740,33.300,30.380,29.000,29.180,29.700,30.060,31.500,31.800
82,白米零售,硬秈(在來),台南縣,31.080,29.000,30.930,31.000,31.330,32.000,32.000,31.190,31.000,31.000,31.000,31.000,31.550
82,白米零售,硬秈(在來),高雄縣,32.350,30.400,30.670,32.940,33.300,33.300,34.810,32.530,31.900,31.200,31.270,32.970,32.890
82,白米零售,硬秈(在來),屏東縣,31.510,29.700,29.700,30.880,31.900,31.900,31.200,30.400,30.960,31.900,32.940,33.300,33.300
82,白米零售,硬秈(在來),台東縣,34.590,32.600,36.070,36.200,36.200,36.200,36.200,35.080,33.300,33.300,33.300,33.300,33.300
82,白米零售,硬秈(在來),花蓮縣,35.610,34.920,36.290,36.200,36.200,36.200,36.080,32.600,33.990,36.200,36.200,36.200,36.200
82,白米零售,硬秈(在來),澎湖縣,31.760,30.840,30.800,31.640,32.500,32.500,32.130,30.830,31.640,31.700,31.700,32.390,32.500
82,白米零售,硬秈(在來),基隆市,33.300,31.700,31.700,33.250,33.980,35.000,34.150,33.300,33.300,33.300,33.300,33.300,33.300
82,白米零售,硬秈(在來),新竹市,33.300,33.300,33.300,33.300,33.300,33.300,33.300,33.300,33.300,33.300,33.300,33.300,33.300
82,白米零售,硬秈(在來),台中市,32.640,31.400,31.400,32.750,32.900,32.900,32.900,32.900,32.900,32.900,32.900,32.900,32.900
82,白米零售,硬秈(在來),嘉義市,30.850,30.030,30.600,31.900,32.740,33.300,30.380,29.000,29.180,29.700,30.060,31.500,31.800
82,白米零售,硬秈(在來),台南市,32.170,31.000,31.960,32.000,32.330,33.000,33.000,32.160,32.000,32.000,32.000,32.000,32.550
82,白米零售,硬秈(在來),台北市,33.390,31.700,32.840,33.300,33.980,35.000,34.090,33.300,33.300,33.300,33.300,33.300,33.300
82,白米零售,硬秈(在來),高雄市,32.350,30.400,30.670,32.940,33.300,33.300,34.810,32.530,31.900,31.200,31.270,32.970,32.890
83,白米零售,硬秈(在來),新北市,33.300,33.300,33.300,33.300,33.300,33.300,33.300,33.300,33.300,33.300,33.300,33.300,33.300
83,白米零售,硬秈(在來),宜蘭縣,33.300,33.300,33.300,33.300,33.300,33.300,33.300,33.300,33.300,33.300,33.300,33.300,33.300
83,白米零售,硬秈(在來),桃園市,33.670,34.200,34.200,34.200,34.200,34.170,33.300,33.300,33.300,33.300,33.300,33.300,33.300
83,白米零售,硬秈(在來),新竹縣,34.240,33.740,35.000,35.000,35.000,34.770,33.300,33.300,33.300,33.300,33.300,34.320,36.540
83,白米零售,硬秈(在來),苗栗縣,35.910,35.700,35.700,35.700,35.700,35.430,35.000,35.000,35.900,36.700,36.700,36.700,36.700
83,白米零售,硬秈(在來),台中縣,33.330,32.590,32.900,32.900,32.900,32.900,32.900,32.900,32.900,32.900,32.900,35.510,35.700
83,白米零售,硬秈(在來),彰化縣,32.540,34.300,34.300,35.700,35.700,34.300,32.700,30.630,30.000,30.000,30.000,31.400,31.400
83,白米零售,硬秈(在來),南投縣,32.320,32.900,32.900,32.900,32.900,31.840,31.400,31.400,,,,,
83,白米零售,硬秈(在來),雲林縣,30.150,31.900,31.900,31.900,31.300,30.400,30.400,29.000,29.000,29.000,29.000,29.000,29.000
83,白米零售,硬秈(在來),嘉義縣,30.310,31.940,32.000,32.000,32.000,30.220,29.000,29.000,29.000,29.000,29.000,30.120,30.400
83,白米零售,硬秈(在來),台南縣,32.370,32.000,32.000,32.130,33.370,34.000,32.930,32.000,32.000,32.000,32.000,32.000,32.000
83,白米零售,硬秈(在來),高雄縣,33.270,33.160,33.300,33.300,34.500,33.460,31.900,,,,,,
83,白米零售,硬秈(在來),屏東縣,32.910,33.300,33.300,33.300,33.300,32.620,31.900,31.900,32.040,33.300,33.300,33.300,33.300
83,白米零售,硬秈(在來),台東縣,34.460,33.300,35.480,36.200,36.200,36.200,35.840,32.600,32.600,32.600,32.600,33.680,36.200
83,白米零售,硬秈(在來),花蓮縣,35.560,36.200,36.200,36.200,36.200,36.200,35.120,32.600,35.150,35.870,34.800,35.920,36.200
83,白米零售,硬秈(在來),澎湖縣,32.290,32.500,33.230,33.300,32.690,31.880,30.860,30.800,32.230,32.500,32.500,32.500,32.500
83,白米零售,硬秈(在來),基隆市,33.300,33.300,33.300,33.300,33.300,33.300,33.300,33.300,33.300,33.300,33.300,33.300,33.300
83,白米零售,硬秈(在來),新竹市,33.880,33.740,35.000,35.000,35.000,34.770,33.300,33.300,33.300,33.300,33.300,33.300,33.300
83,白米零售,硬秈(在來),台中市,34.190,32.870,32.900,32.900,32.900,32.900,32.900,34.390,35.700,35.700,35.700,35.700,35.700
83,白米零售,硬秈(在來),嘉義市,30.280,31.940,32.000,32.000,31.730,30.220,29.000,29.000,29.000,29.000,29.000,30.120,30.400
83,白米零售,硬秈(在來),台南市,32.680,33.000,33.100,33.130,34.000,34.000,32.930,32.000,32.000,32.000,32.000,32.000,32.000
83,白米零售,硬秈(在來),台北市,33.300,33.300,33.300,33.300,33.300,33.300,33.300,33.300,33.300,33.300,33.300,33.300,33.300
83,白米零售,硬秈(在來),高雄市,33.270,33.160,33.300,33.300,34.500,33.460,31.900,,,,,,
84,白米零售,硬秈(在來),新北市,37.370,33.540,35.640,36.700,36.700,36.700,36.700,36.030,37.350,37.830,39.540,39.730,41.970
84,白米零售,硬秈(在來),宜蘭縣,37.200,33.300,33.300,33.790,35.570,36.590,35.000,35.000,36.700,39.370,41.700,41.700,44.430
84,白米零售,硬秈(在來),桃園市,36.280,33.300,33.300,33.300,34.470,35.000,35.000,35.050,36.700,36.700,38.200,40.680,43.600
84,白米零售,硬秈(在來),新竹縣,37.510,35.700,36.350,36.700,36.700,36.700,36.700,36.700,37.110,38.300,38.300,39.600,41.230
84,白米零售,硬秈(在來),苗栗縣,36.700,36.700,36.700,36.700,36.700,36.700,36.700,36.700,36.700,36.700,,,
84,白米零售,硬秈(在來),台中縣,36.680,35.700,35.700,35.700,36.030,36.870,35.820,35.700,35.700,35.700,35.700,39.860,41.620
84,白米零售,硬秈(在來),彰化縣,36.390,33.310,36.450,37.250,38.650,38.450,37.100,34.930,35.700,35.700,,,
84,白米零售,硬秈(在來),雲林縣,32.460,29.000,31.020,31.900,31.900,31.900,31.900,31.900,31.900,31.900,31.900,32.380,41.950
84,白米零售,硬秈(在來),嘉義縣,33.510,31.650,34.070,34.800,,,,,,,,,
84,白米零售,硬秈(在來),台南縣,33.890,32.170,34.520,35.450,35.730,35.770,33.330,32.940,33.000,33.000,33.000,,
84,白米零售,硬秈(在來),屏東縣,36.330,33.300,34.300,36.200,36.200,36.050,34.700,34.850,37.240,37.600,36.290,36.730,42.520
84,白米零售,硬秈(在來),台東縣,37.110,36.200,36.200,36.200,36.200,36.200,36.200,36.480,37.350,36.200,36.200,38.490,43.350
84,白米零售,硬秈(在來),花蓮縣,37.800,36.200,39.330,37.530,37.500,36.200,36.200,36.200,36.080,36.200,39.680,39.800,42.630
84,白米零售,硬秈(在來),澎湖縣,34.720,33.010,34.190,35.000,35.370,35.800,35.240,33.300,33.300,33.300,33.300,35.000,39.850
84,白米零售,硬秈(在來),基隆市,37.200,33.300,34.850,36.120,36.700,36.700,36.700,36.060,37.320,37.720,39.590,39.650,41.650
84,白米零售,硬秈(在來),新竹市,36.160,33.300,33.300,33.900,35.000,35.000,35.000,35.000,36.020,38.300,38.300,39.600,41.240
84,白米零售,硬秈(在來),台中市,36.810,35.700,35.700,35.700,36.030,36.870,35.820,35.700,35.700,35.700,35.700,39.860,43.250
84,白米零售,硬秈(在來),嘉義市,33.500,31.650,34.050,34.800,,,,,,,,,
84,白米零售,硬秈(在來),台南市,33.980,32.170,34.350,36.000,36.200,35.770,33.330,32.940,33.000,33.000,33.000,,
84,白米零售,硬秈(在來),台北市,37.370,33.540,35.640,36.700,36.700,36.700,36.700,36.030,37.350,37.830,39.540,39.730,41.970
85,白米零售,硬秈(在來),新北市,50.140,49.260,51.700,51.700,51.080,51.060,50.800,50.000,50.000,50.000,49.780,48.300,47.960
85,白米零售,硬秈(在來),宜蘭縣,49.180,50.000,50.000,50.000,50.000,50.000,50.000,50.000,50.000,50.000,49.150,46.700,44.280
85,白米零售,硬秈(在來),桃園市,49.630,49.680,50.000,50.000,49.440,50.000,50.000,50.000,50.000,50.000,49.840,48.300,48.300
85,白米零售,硬秈(在來),新竹縣,49.700,48.820,50.000,50.000,51.050,50.440,50.000,49.250,50.000,50.000,50.000,48.530,48.300
85,白米零售,硬秈(在來),台中縣,49.830,50.000,50.000,50.000,50.000,50.000,50.000,50.000,50.000,50.000,50.000,49.390,48.600
85,白米零售,硬秈(在來),雲林縣,49.890,47.790,50.700,50.670,50.500,50.500,50.500,50.110,50.000,50.000,50.000,50.000,47.870
85,白米零售,硬秈(在來),屏東縣,49.780,49.730,50.700,50.700,50.700,50.700,50.700,50.700,50.700,50.370,47.130,46.400,48.780
85,白米零售,硬秈(在來),台東縣,49.460,48.880,50.000,50.000,50.000,50.000,50.000,50.000,50.000,50.000,50.000,47.580,47.100
85,白米零售,硬秈(在來),花蓮縣,47.230,44.960,47.790,50.240,47.030,47.080,47.100,47.100,47.100,47.100,47.100,47.100,47.100
85,白米零售,硬秈(在來),澎湖縣,49.480,46.370,48.540,50.000,50.000,50.000,50.000,50.000,50.000,50.000,50.000,50.000,48.900
85,白米零售,硬秈(在來),基隆市,50.200,49.000,51.700,51.700,51.700,51.090,50.800,50.030,50.000,50.000,50.000,48.300,48.020
85,白米零售,硬秈(在來),新竹市,49.640,48.870,50.000,50.000,50.000,50.000,50.000,50.000,50.000,50.000,50.000,48.530,48.300
85,白米零售,硬秈(在來),台中市,50.000,50.000,50.000,50.000,50.000,50.000,50.000,50.000,50.000,50.000,50.000,50.000,50.000
85,白米零售,硬秈(在來),台北市,50.190,49.260,51.700,51.700,51.700,51.060,50.800,50.000,50.000,50.000,49.780,48.300,47.960
86,白米零售,硬秈(在來),新北市,43.960,47.500,47.500,47.500,47.500,46.880,41.920,41.700,41.700,41.020,40.930,41.700,41.700
86,白米零售,硬秈(在來),宜蘭縣,41.700,41.700,41.700,41.700,41.700,41.700,41.700,41.700,41.700,41.700,41.700,41.700,41.700
86,白米零售,硬秈(在來),桃園市,42.340,48.300,48.300,48.300,48.300,43.300,41.700,41.260,36.700,36.700,36.700,38.460,40.000
86,白米零售,硬秈(在來),新竹縣,42.840,48.300,48.300,48.300,48.300,45.530,41.700,40.550,39.070,38.300,38.300,39.040,38.410
86,白米零售,硬秈(在來),台中縣,45.400,48.650,50.000,50.000,50.000,45.880,42.900,42.900,42.900,42.900,42.900,42.900,42.900
86,白米零售,硬秈(在來),雲林縣,40.990,47.800,47.800,47.800,47.800,45.550,36.200,36.200,36.200,36.200,36.200,36.400,37.700
86,白米零售,硬秈(在來),屏東縣,39.910,48.960,45.720,43.500,43.500,40.720,37.350,36.200,37.700,36.650,36.200,36.200,36.200
86,白米零售,硬秈(在來),台東縣,42.180,47.100,47.100,47.100,47.100,47.100,42.740,36.200,36.200,36.200,36.200,39.640,43.500
86,白米零售,硬秈(在來),花蓮縣,45.100,47.100,47.100,47.420,47.500,47.370,43.740,43.500,43.500,43.500,43.500,43.500,43.500
86,白米零售,硬秈(在來),澎湖縣,43.660,48.300,48.300,48.300,48.300,47.060,41.870,40.050,40.000,40.000,40.000,40.000,41.700
86,白米零售,硬秈(在來),基隆市,43.990,47.500,47.500,47.500,47.500,47.110,42.370,41.700,41.700,41.190,40.440,41.700,41.700
86,白米零售,硬秈(在來),新竹市,42.660,48.300,48.300,48.300,48.300,45.530,41.700,39.410,39.530,36.800,38.300,39.040,38.410
86,白米零售,硬秈(在來),台中市,45.520,50.000,50.000,50.000,50.000,45.880,42.900,42.900,42.900,42.900,42.900,42.900,42.900
86,白米零售,硬秈(在來),台北市,43.960,47.500,47.500,47.500,47.500,46.880,41.920,41.700,41.700,41.020,40.930,41.700,41.700
87,白米零售,硬秈(在來),新北市,40.810,41.700,41.280,41.600,41.670,41.700,41.700,40.110,40.000,40.000,40.000,40.000,40.000
87,白米零售,硬秈(在來),宜蘭縣,41.700,41.700,41.700,41.700,41.700,41.700,41.700,41.700,41.700,41.700,41.700,41.700,41.700
87,白米零售,硬秈(在來),桃園市,37.420,40.000,37.360,36.700,36.700,36.700,36.700,36.700,36.700,36.700,36.700,38.020,40.000
87,白米零售,硬秈(在來),新竹縣,37.440,38.300,38.300,38.300,38.300,38.300,37.500,36.700,36.700,36.700,36.700,36.700,36.750
87,白米零售,硬秈(在來),台中縣,41.440,42.900,42.900,42.900,42.900,42.900,42.800,40.000,40.000,40.000,40.000,40.000,40.000
87,白米零售,硬秈(在來),雲林縣,35.660,37.700,37.700,37.700,37.700,37.120,35.240,34.210,34.100,34.100,34.100,34.100,34.100
87,白米零售,硬秈(在來),屏東縣,36.200,36.200,36.200,36.200,36.200,36.200,36.200,36.200,36.200,36.200,36.200,36.200,36.200
87,白米零售,硬秈(在來),台東縣,40.310,43.500,40.000,40.000,40.000,40.000,40.000,40.000,40.000,40.000,40.000,40.000,40.260
87,白米零售,硬秈(在來),花蓮縣,41.910,43.500,43.500,43.500,43.500,43.500,42.140,39.800,39.800,39.800,39.800,40.540,43.500
87,白米零售,硬秈(在來),澎湖縣,38.920,41.700,41.700,41.700,41.700,40.710,37.720,36.700,36.700,36.700,36.700,36.700,38.300
87,白米零售,硬秈(在來),基隆市,41.700,41.700,41.700,41.700,41.700,41.700,41.700,41.700,41.700,41.700,41.700,41.700,41.700
87,白米零售,硬秈(在來),新竹市,37.440,38.300,38.300,38.300,38.300,38.300,37.500,36.700,36.700,36.700,36.700,36.700,36.750
87,白米零售,硬秈(在來),台中市,41.440,42.900,42.900,42.900,42.900,42.900,42.800,40.000,40.000,40.000,40.000,40.000,40.000
87,白米零售,硬秈(在來),台北市,40.810,41.700,41.280,41.600,41.670,41.700,41.700,40.110,40.000,40.000,40.000,40.000,40.000
88,白米零售,硬秈(在來),新北市,40.130,40.150,40.800,41.640,41.700,41.700,41.700,39.780,38.300,38.300,38.300,39.230,40.000
88,白米零售,硬秈(在來),宜蘭縣,41.700,41.700,41.700,41.700,41.700,41.700,41.700,41.700,41.700,41.700,41.700,41.700,41.700
88,白米零售,硬秈(在來),桃園市,40.000,40.000,40.000,40.000,40.000,40.000,40.000,40.000,40.000,40.000,40.000,40.000,40.000
88,白米零售,硬秈(在來),新竹縣,41.110,40.600,41.700,40.160,40.000,40.160,41.700,41.700,41.700,41.700,40.930,41.300,41.700
88,白米零售,硬秈(在來),台中縣,42.220,41.820,42.300,42.300,42.300,42.300,42.300,42.300,42.300,42.300,42.300,41.180,42.900
88,白米零售,硬秈(在來),雲林縣,34.670,35.050,35.500,35.500,35.500,35.500,34.380,34.100,34.100,34.100,34.100,34.100,34.100
88,白米零售,硬秈(在來),屏東縣,37.530,36.970,38.090,39.100,39.100,38.690,36.550,37.700,37.120,36.200,36.200,36.900,37.700
88,白米零售,硬秈(在來),台東縣,41.620,42.920,43.500,43.500,43.500,43.500,43.500,40.040,39.800,39.800,39.800,39.800,39.800
88,白米零售,硬秈(在來),花蓮縣,42.310,43.500,43.500,43.500,43.500,43.500,43.500,43.500,40.250,40.380,40.360,40.880,41.300
88,白米零售,硬秈(在來),澎湖縣,41.420,38.570,41.420,41.700,41.700,41.700,41.700,41.700,41.700,41.700,41.700,41.700,41.700
88,白米零售,硬秈(在來),基隆市,41.700,41.700,41.700,41.700,41.700,41.700,41.700,41.700,41.700,41.700,41.700,41.700,41.700
88,白米零售,硬秈(在來),新竹市,38.840,40.600,41.700,40.160,40.000,40.000,37.580,36.700,36.700,36.700,36.700,39.230,40.000
88,白米零售,硬秈(在來),台中市,42.220,41.850,42.300,42.300,42.300,42.300,42.300,42.300,42.300,42.300,42.300,41.180,42.900
88,白米零售,硬秈(在來),台北市,40.130,40.150,40.800,41.640,41.700,41.700,41.700,39.780,38.300,38.300,38.300,39.230,40.000
89,白米零售,硬秈(在來),新北市,39.130,40.000,40.000,38.960,39.490,39.450,39.040,40.000,39.450,38.300,38.300,38.300,38.300
89,白米零售,硬秈(在來),宜蘭縣,41.350,41.700,41.700,41.700,41.700,41.700,41.120,41.100,41.100,41.100,41.100,41.080,41.040
89,白米零售,硬秈(在來),桃園市,40.690,40.610,40.700,40.700,40.700,40.700,40.700,40.700,40.700,40.700,40.700,40.700,40.700
89,白米零售,硬秈(在來),新竹縣,41.020,41.700,41.700,41.700,41.700,41.150,41.630,40.000,40.000,40.000,40.000,41.000,41.690
89,白米零售,硬秈(在來),台中縣,40.870,42.900,42.900,42.900,41.740,40.000,40.000,40.000,40.000,40.000,40.000,40.000,40.000
89,白米零售,硬秈(在來),雲林縣,33.660,34.100,34.100,34.100,34.100,34.100,33.590,33.300,33.300,33.300,33.300,33.300,33.300
89,白米零售,硬秈(在來),屏東縣,36.680,37.700,37.700,37.700,37.450,36.200,36.200,36.200,36.200,36.200,36.200,36.200,36.200
89,白米零售,硬秈(在來),台東縣,39.800,39.800,39.800,39.800,39.800,39.800,39.800,39.800,,,,,
89,白米零售,硬秈(在來),花蓮縣,41.520,42.790,43.500,43.500,43.500,42.280,40.880,40.600,40.600,40.340,40.000,40.000,40.190
89,白米零售,硬秈(在來),澎湖縣,39.530,41.700,41.700,41.700,41.130,40.000,38.360,38.300,38.300,38.300,38.300,38.300,38.300
89,白米零售,硬秈(在來),基隆市,41.190,41.700,41.700,41.700,41.700,41.700,41.700,41.700,41.700,40.620,40.000,40.000,40.000
89,白米零售,硬秈(在來),新竹市,39.350,40.000,40.000,41.650,41.700,41.700,36.520,38.300,38.300,38.300,38.740,38.720,38.310
89,白米零售,硬秈(在來),台中市,40.870,42.900,42.900,42.900,41.740,40.000,40.000,40.000,40.000,40.000,40.000,40.000,40.000
89,白米零售,硬秈(在來),台北市,39.120,40.000,40.000,38.790,39.490,39.450,39.040,40.000,39.450,38.300,38.300,38.300,38.300
90,白米零售,硬秈(在來),新北市,37.770,38.300,38.300,38.300,38.300,37.140,36.670,37.040,37.500,37.500,37.550,38.340,38.340
90,白米零售,硬秈(在來),宜蘭縣,40.810,40.890,40.840,40.670,40.630,40.650,40.700,40.700,40.700,40.700,41.060,41.120,41.110
90,白米零售,硬秈(在來),桃園市,38.670,40.700,40.700,40.700,40.300,37.700,37.700,37.700,37.700,37.700,37.700,37.700,37.700
90,白米零售,硬秈(在來),新竹縣,37.970,41.090,40.800,40.800,37.190,36.670,36.670,36.990,36.720,36.670,36.830,38.330,36.880
90,白米零售,硬秈(在來),台中縣,40.000,40.000,40.000,40.000,40.000,40.000,40.000,40.000,40.000,40.000,40.000,40.000,40.000
90,白米零售,硬秈(在來),雲林縣,33.660,33.300,36.200,34.700,33.300,33.300,33.300,33.300,33.300,33.300,33.300,33.300,33.300
90,白米零售,硬秈(在來),台南縣,34.170,,,,,33.300,33.300,33.300,33.300,33.300,34.710,36.080,36.100
90,白米零售,硬秈(在來),屏東縣,35.420,36.200,36.200,35.160,34.800,34.520,31.900,34.950,36.200,36.200,36.200,36.550,36.200
90,白米零售,硬秈(在來),花蓮縣,38.700,40.000,40.000,40.000,40.000,38.420,38.000,38.000,38.000,38.000,38.000,38.000,38.000
90,白米零售,硬秈(在來),澎湖縣,37.280,38.300,38.300,38.300,38.300,37.220,36.700,36.700,36.700,36.700,36.700,36.700,36.700
90,白米零售,硬秈(在來),基隆市,40.000,40.000,40.000,40.000,40.000,40.000,40.000,40.000,40.000,40.000,40.000,40.000,40.000
90,白米零售,硬秈(在來),新竹市,36.730,38.300,38.300,38.300,35.940,34.730,35.110,36.670,36.670,36.670,36.670,36.670,36.670
90,白米零售,硬秈(在來),台中市,40.000,40.000,40.000,40.000,40.000,40.000,40.000,40.000,40.000,40.000,40.000,40.000,40.000
90,白米零售,硬秈(在來),台南市,34.170,,,,,33.300,33.300,33.300,33.300,33.300,34.710,36.080,36.100
90,白米零售,硬秈(在來),台北市,37.770,38.300,38.300,38.300,38.300,37.140,36.670,37.040,37.500,37.500,37.550,38.340,38.340
91,白米零售,硬秈(在來),新北市,39.740,38.330,39.820,40.000,40.000,40.000,40.000,40.000,40.000,40.000,39.730,39.500,39.500
91,白米零售,硬秈(在來),宜蘭縣,41.060,41.110,41.260,41.250,41.250,41.250,40.880,40.840,40.910,41.230,40.940,40.950,40.890
91,白米零售,硬秈(在來),桃園市,38.940,37.920,40.000,40.000,40.000,40.000,40.000,40.000,40.000,39.330,36.670,36.670,36.670
91,白米零售,硬秈(在來),新竹縣,39.780,37.630,41.190,40.220,40.000,40.100,40.770,41.670,40.350,38.820,38.750,39.610,38.210
91,白米零售,硬秈(在來),台中縣,40.000,40.000,40.000,40.000,40.000,40.000,40.000,40.000,40.000,40.000,40.000,40.000,40.000
91,白米零售,硬秈(在來),雲林縣,36.050,34.140,36.200,36.200,36.200,36.200,36.230,36.230,36.230,36.230,36.230,36.230,36.230
91,白米零售,硬秈(在來),台南縣,37.190,36.500,37.100,37.280,37.890,,,,,,,,
91,白米零售,硬秈(在來),屏東縣,38.660,37.220,37.700,37.700,39.470,39.500,37.700,39.100,39.100,39.100,39.100,39.100,39.100
91,白米零售,硬秈(在來),花蓮縣,39.150,38.000,38.000,38.680,39.500,40.000,40.000,39.500,39.590,39.380,39.120,39.000,39.000
91,白米零售,硬秈(在來),澎湖縣,36.960,36.700,38.070,38.300,38.580,38.970,36.720,36.660,36.660,36.660,36.180,35.000,35.000
91,白米零售,硬秈(在來),基隆市,41.600,40.860,41.670,41.670,41.670,41.670,41.670,41.670,41.670,41.670,41.670,41.670,41.670
91,白米零售,硬秈(在來),新竹市,37.040,37.630,39.760,38.690,40.000,39.110,36.730,36.780,36.820,35.820,34.690,34.220,34.280
91,白米零售,硬秈(在來),台中市,40.000,40.000,40.000,40.000,40.000,40.000,40.000,40.000,40.000,40.000,40.000,40.000,40.000
91,白米零售,硬秈(在來),台南市,37.190,36.500,37.100,37.280,37.890,,,,,,,,
91,白米零售,硬秈(在來),台北市,39.850,38.330,39.820,40.000,40.000,40.000,40.000,40.000,40.030,40.000,40.000,40.000,40.000
92,白米零售,硬秈(在來),新北市,37.220,39.500,39.210,37.500,37.500,37.500,35.940,36.100,36.670,36.670,36.670,36.670,36.660
92,白米零售,硬秈(在來),宜蘭縣,36.710,39.950,39.110,38.920,38.280,37.980,37.600,36.760,36.670,35.000,33.600,33.330,33.330
92,白米零售,硬秈(在來),桃園市,36.670,36.670,36.670,36.670,36.670,36.670,36.670,36.670,36.670,36.670,36.670,36.670,36.670
92,白米零售,硬秈(在來),新竹縣,37.070,37.380,38.430,38.700,38.330,37.140,37.140,36.800,36.190,36.190,36.190,36.190,36.190
92,白米零售,硬秈(在來),台中縣,35.960,35.590,37.060,37.570,35.700,35.700,35.700,35.700,35.700,35.700,35.700,35.700,35.700
92,白米零售,硬秈(在來),雲林縣,33.320,36.210,36.200,36.200,35.550,34.800,34.800,34.800,33.490,29.000,29.000,29.000,30.800
92,白米零售,硬秈(在來),屏東縣,36.940,39.100,39.100,38.150,37.350,36.200,36.200,36.200,36.200,36.200,36.200,36.200,36.200
92,白米零售,硬秈(在來),花蓮縣,37.560,39.000,39.000,38.530,38.000,37.630,37.560,37.400,37.110,36.610,36.610,36.610,36.610
92,白米零售,硬秈(在來),澎湖縣,35.010,36.180,36.660,36.660,36.660,36.660,36.610,34.220,33.320,33.300,33.300,33.300,33.300
92,白米零售,硬秈(在來),基隆市,40.060,40.750,40.000,40.000,40.000,40.000,40.000,40.000,40.000,40.000,40.000,40.000,40.000
92,白米零售,硬秈(在來),新竹市,35.120,35.460,35.930,35.620,35.330,35.330,35.330,35.100,34.670,34.670,34.670,34.670,34.670
92,白米零售,硬秈(在來),台中市,37.080,35.590,37.060,38.080,37.140,37.140,37.140,37.140,37.140,37.140,37.140,37.140,37.140
92,白米零售,硬秈(在來),台北市,37.630,40.000,39.760,38.330,38.330,38.330,36.780,36.670,36.670,36.670,36.670,36.670,36.670
93,白米零售,硬秈(在來),新北市,36.250,36.670,36.670,36.670,36.670,36.670,36.670,36.350,35.000,35.000,35.320,36.670,36.670
93,白米零售,硬秈(在來),宜蘭縣,34.810,33.330,33.330,33.330,33.330,33.330,33.330,33.330,33.330,33.330,34.620,41.500,41.670
93,白米零售,硬秈(在來),桃園市,35.430,36.670,36.670,36.670,36.670,36.670,36.670,34.950,33.330,33.330,33.490,35.000,35.000
93,白米零售,硬秈(在來),新竹縣,36.170,36.190,36.420,36.660,36.660,36.660,36.660,36.660,37.940,36.070,34.240,34.930,35.000
93,白米零售,硬秈(在來),台中縣,36.460,35.700,37.090,37.140,37.140,36.770,35.700,35.700,35.700,35.700,36.580,37.140,37.140
93,白米零售,硬秈(在來),雲林縣,33.400,33.300,32.000,31.990,32.230,31.900,33.140,35.200,33.330,33.330,34.780,34.780,34.780
93,白米零售,硬秈(在來),屏東縣,35.160,36.200,34.900,34.800,34.800,34.800,34.800,34.800,34.800,34.800,34.800,36.130,36.230
93,白米零售,硬秈(在來),花蓮縣,36.410,36.610,36.610,36.610,36.610,36.610,36.610,36.260,36.000,36.000,36.060,36.500,
93,白米零售,硬秈(在來),澎湖縣,33.280,33.300,32.510,,35.300,34.560,34.370,32.230,30.000,30.000,31.650,35.440,36.670
93,白米零售,硬秈(在來),基隆市,40.580,40.000,40.000,40.000,40.000,40.000,40.000,40.000,40.270,41.670,41.670,41.670,41.670
93,白米零售,硬秈(在來),新竹市,35.550,35.180,36.000,36.000,36.000,36.000,36.000,36.000,35.920,35.110,34.470,34.950,35.000
93,白米零售,硬秈(在來),台中市,36.560,37.140,37.140,37.140,37.140,36.770,35.700,35.700,35.700,35.700,36.260,37.140,37.140
93,白米零售,硬秈(在來),台北市,36.530,36.670,36.670,36.670,36.670,36.670,36.670,36.350,35.000,35.000,35.320,38.330,38.330
94,白米零售,硬秈(在來),新北市,37.350,36.670,36.670,36.670,36.670,36.670,36.670,36.670,36.670,36.670,38.170,40.000,40.000
94,白米零售,硬秈(在來),宜蘭縣,41.670,41.670,41.670,41.670,41.670,41.670,41.670,41.670,41.670,41.670,41.670,41.670,41.670
94,白米零售,硬秈(在來),桃園市,35.000,35.000,35.000,35.000,35.000,35.000,35.000,35.000,35.000,35.000,35.000,35.000,35.000
94,白米零售,硬秈(在來),新竹縣,35.000,35.000,35.000,35.000,35.000,35.000,35.000,35.000,35.000,35.000,35.000,35.000,35.000
94,白米零售,硬秈(在來),台中縣,40.200,37.140,37.140,41.320,41.670,41.670,41.670,40.160,40.000,40.000,40.000,40.000,41.620
94,白米零售,硬秈(在來),雲林縣,35.460,34.780,34.780,34.780,34.780,34.780,34.780,34.780,34.780,34.780,37.120,37.680,37.680
94,白米零售,硬秈(在來),屏東縣,34.880,36.230,36.230,36.230,36.230,36.140,33.330,33.330,33.330,33.330,34.590,34.780,34.780
94,白米零售,硬秈(在來),澎湖縣,37.800,36.670,37.090,38.330,38.330,37.850,36.670,36.990,38.330,38.330,38.330,38.330,38.330
94,白米零售,硬秈(在來),基隆市,41.670,41.670,41.670,41.670,41.670,41.670,41.670,41.670,41.670,41.670,41.670,41.670,41.670
94,白米零售,硬秈(在來),新竹市,35.010,35.000,35.000,35.000,35.000,35.000,35.000,35.000,35.000,35.000,35.000,35.020,35.040
94,白米零售,硬秈(在來),台中市,40.920,37.140,37.140,41.670,41.670,41.670,41.670,41.670,41.670,41.670,41.670,41.670,41.670
94,白米零售,硬秈(在來),台北市,38.880,38.330,38.330,38.330,38.330,38.330,38.330,38.330,38.330,38.330,39.920,40.830,40.830
95,白米零售,硬秈(在來),新北市,38.440,39.680,38.330,38.330,38.330,38.330,38.330,38.330,38.330,38.330,38.330,38.330,38.330
95,白米零售,硬秈(在來),宜蘭縣,41.670,41.670,41.670,41.670,41.670,41.670,41.670,41.670,41.670,41.670,41.670,41.670,41.670
95,白米零售,硬秈(在來),桃園市,37.910,35.430,36.670,37.900,38.330,38.330,38.330,38.330,38.330,38.330,38.330,38.330,38.330
95,白米零售,硬秈(在來),新竹縣,38.510,35.860,38.810,40.000,40.000,39.140,38.330,38.330,38.330,38.330,38.330,38.330,38.330
95,白米零售,硬秈(在來),台中縣,40.360,41.670,41.670,41.020,40.000,40.000,40.000,40.000,40.000,40.000,40.000,40.000,40.000
95,白米零售,硬秈(在來),雲林縣,36.770,37.680,37.680,37.680,37.680,36.880,36.230,36.230,36.230,36.230,36.230,36.230,36.230
95,白米零售,硬秈(在來),屏東縣,36.490,34.780,34.780,34.780,34.780,34.970,37.680,37.680,37.680,37.680,37.680,37.680,37.680
95,白米零售,硬秈(在來),澎湖縣,36.680,38.330,38.330,38.330,38.330,36.070,35.830,35.830,35.830,35.830,35.830,35.830,35.830
95,白米零售,硬秈(在來),基隆市,41.670,41.670,41.670,41.670,41.670,41.670,41.670,41.670,41.670,41.670,41.670,41.670,41.670
95,白米零售,硬秈(在來),新竹市,39.400,35.770,38.330,39.570,40.000,40.860,40.840,40.000,40.000,40.000,40.000,39.050,38.330
95,白米零售,硬秈(在來),台中市,41.310,41.670,41.670,41.670,41.670,41.670,41.670,41.670,41.670,41.670,40.650,40.000,40.000
95,白米零售,硬秈(在來),台北市,40.290,40.830,40.830,40.830,40.830,40.210,40.000,40.000,40.000,40.000,40.000,40.000,40.000
96,白米零售,硬秈(在來),新北市,37.390,38.330,38.330,38.330,37.720,36.670,36.670,36.670,38.190,35.310,36.520,37.860,38.060
96,白米零售,硬秈(在來),宜蘭縣,41.620,41.670,41.670,41.670,41.670,41.670,41.670,41.670,41.650,41.310,41.440,41.670,41.670
96,白米零售,硬秈(在來),桃園市,37.220,38.330,38.330,38.330,38.330,38.330,37.780,36.670,36.590,35.640,36.040,36.110,36.110
96,白米零售,硬秈(在來),新竹縣,38.600,38.330,38.330,38.330,38.330,37.960,37.830,38.920,39.920,38.500,37.390,39.530,39.860
96,白米零售,硬秈(在來),苗栗縣,40.270,,,,,,40.000,40.270,41.620,40.000,40.000,40.000,40.000
96,白米零售,硬秈(在來),台中縣,39.320,40.000,40.000,40.000,40.000,39.010,38.600,38.590,38.580,38.860,38.860,39.680,39.710
96,白米零售,硬秈(在來),雲林縣,36.690,36.230,36.230,36.230,36.230,36.230,36.230,36.230,36.250,36.560,37.120,38.060,38.730
96,白米零售,硬秈(在來),嘉義縣,38.760,,,,35.370,36.990,40.580,39.910,39.110,37.640,37.970,40.160,41.090
96,白米零售,硬秈(在來),屏東縣,36.950,37.680,37.680,37.680,36.620,36.230,36.230,36.230,36.240,36.410,36.620,38.040,37.780
96,白米零售,硬秈(在來),澎湖縣,36.840,35.830,35.830,35.830,35.830,35.830,35.830,36.880,36.710,38.090,37.940,38.550,38.950
96,白米零售,硬秈(在來),基隆市,41.670,41.670,41.670,41.670,41.670,41.670,41.670,41.670,41.670,41.670,41.670,41.670,41.670
96,白米零售,硬秈(在來),新竹市,37.880,38.330,38.330,38.330,38.330,37.180,38.100,36.800,37.250,36.410,37.060,38.690,39.740
96,白米零售,硬秈(在來),台中市,39.740,40.000,40.000,40.000,40.000,40.000,40.000,40.000,39.930,38.090,38.160,40.340,40.410
96,白米零售,硬秈(在來),嘉義市,37.500,,,,37.500,,,,,,,,
96,白米零售,硬秈(在來),台北市,39.920,40.000,40.000,40.000,39.610,38.330,41.110,39.190,40.520,39.520,39.550,40.600,40.630
97,白米零售,硬秈(在來),新北市,39.860,38.670,39.320,39.970,40.370,40.340,40.110,39.660,39.570,39.580,39.610,40.050,41.010
97,白米零售,硬秈(在來),宜蘭縣,41.810,41.670,41.670,41.670,41.670,41.670,41.670,41.530,41.660,41.670,41.850,42.090,42.930
97,白米零售,硬秈(在來),桃園市,39.670,36.110,36.880,39.220,40.000,40.000,40.000,40.000,40.630,40.800,40.800,40.800,40.800
97,白米零售,硬秈(在來),新竹縣,40.240,40.050,40.420,40.570,40.570,40.520,40.270,39.800,40.230,39.980,39.870,40.220,40.330
97,白米零售,硬秈(在來),苗栗縣,41.020,40.000,40.000,40.000,40.870,41.250,41.250,41.250,40.870,40.830,41.530,41.860,42.500
97,白米零售,硬秈(在來),台中縣,41.930,40.610,41.920,42.790,41.440,41.430,41.500,42.050,42.140,42.140,42.550,42.500,42.140
97,白米零售,硬秈(在來),雲林縣,39.330,38.890,39.400,39.710,38.400,39.810,39.240,38.500,38.830,38.710,39.100,40.230,41.130
97,白米零售,硬秈(在來),嘉義縣,41.900,42.150,42.990,42.990,42.430,40.930,40.820,41.170,41.890,41.830,41.740,41.900,41.990
97,白米零售,硬秈(在來),屏東縣,39.970,38.780,39.130,40.350,40.460,39.920,39.540,39.540,39.540,39.730,40.390,40.810,41.490
97,白米零售,硬秈(在來),澎湖縣,40.020,40.600,41.660,41.240,41.190,39.480,39.070,39.070,39.040,38.890,38.890,40.410,40.690
97,白米零售,硬秈(在來),基隆市,41.900,41.670,41.890,42.920,42.920,42.740,42.320,41.490,41.250,41.250,40.930,41.390,42.070
97,白米零售,硬秈(在來),新竹市,40.250,40.210,40.250,40.190,40.790,41.060,40.180,39.300,39.740,40.010,40.000,40.130,41.180
97,白米零售,硬秈(在來),台中市,41.530,40.810,41.780,42.860,41.010,40.910,40.630,40.860,41.100,41.260,41.710,41.720,43.710
97,白米零售,硬秈(在來),台北市,41.930,41.320,41.700,42.950,42.790,42.590,42.470,41.630,41.460,41.320,41.250,41.440,42.200
98,白米零售,硬秈(在來),新北市,40.890,41.040,41.040,41.000,41.110,41.110,40.860,40.740,40.740,40.790,40.830,40.830,40.620
98,白米零售,硬秈(在來),宜蘭縣,42.660,43.440,43.220,42.650,42.590,42.590,42.590,42.620,42.590,42.410,42.410,42.410,42.340
98,白米零售,硬秈(在來),桃園市,40.800,40.800,40.800,40.800,40.800,40.800,40.800,40.800,40.800,40.800,40.800,40.800,40.800
98,白米零售,硬秈(在來),新竹縣,40.410,40.320,40.470,40.360,40.420,40.490,40.260,39.930,39.970,40.690,40.720,40.520,40.750
98,白米零售,硬秈(在來),苗栗縣,42.300,42.750,42.620,42.500,42.500,42.500,42.150,42.220,42.080,42.080,42.040,41.970,42.160
98,白米零售,硬秈(在來),台中縣,41.470,42.140,42.140,42.060,41.850,41.850,41.850,41.320,40.850,40.850,40.850,40.850,41.060
98,白米零售,硬秈(在來),雲林縣,40.280,41.320,41.410,41.140,41.110,41.040,40.600,37.590,38.620,39.270,40.560,40.310,40.430
98,白米零售,硬秈(在來),屏東縣,40.400,41.530,41.260,40.730,40.580,39.960,40.120,40.100,40.100,40.100,40.060,40.050,40.210
98,白米零售,硬秈(在來),澎湖縣,40.550,41.160,41.260,40.480,41.350,41.660,40.570,40.170,40.170,40.070,40.000,39.670,40.010
98,白米零售,硬秈(在來),基隆市,41.460,42.080,41.900,41.410,41.670,41.670,41.670,41.000,40.840,41.240,41.250,41.250,41.490
98,白米零售,硬秈(在來),新竹市,41.160,41.250,41.250,41.250,41.250,41.250,41.250,41.250,40.880,41.020,41.110,41.070,41.110
98,白米零售,硬秈(在來),台中市,43.550,43.710,43.710,43.710,43.710,43.710,43.500,43.420,43.420,43.420,43.420,43.420,43.420
98,白米零售,硬秈(在來),台北市,42.200,42.370,42.410,42.600,42.710,42.890,42.590,41.750,41.670,41.780,41.880,41.880,41.910
99,白米零售,硬秈(在來),新北市,41.130,41.200,41.460,41.320,41.250,41.250,41.250,41.250,41.240,40.840,40.840,40.840,40.840
99,白米零售,硬秈(在來),宜蘭縣,43.230,42.340,42.550,43.180,43.180,43.290,43.670,43.670,43.350,43.340,43.340,43.380,43.520
99,白米零售,硬秈(在來),桃園市,40.890,40.800,41.270,41.270,41.270,41.270,41.270,41.270,40.860,40.360,40.360,40.360,40.360
99,白米零售,硬秈(在來),新竹縣,41.340,41.220,41.150,41.250,41.300,41.390,41.390,40.740,41.030,41.690,41.870,41.560,41.430
99,白米零售,硬秈(在來),苗栗縣,42.380,42.380,42.380,42.380,42.380,42.380,42.380,42.380,42.380,42.380,42.380,42.380,42.380
99,白米零售,硬秈(在來),台中縣,41.210,40.660,40.470,40.470,40.900,41.190,41.680,41.710,41.710,41.710,41.710,41.140,41.140
99,白米零售,硬秈(在來),雲林縣,41.370,41.730,41.680,41.240,40.680,40.480,40.910,41.050,42.060,43.080,41.350,41.390,40.800
99,白米零售,硬秈(在來),屏東縣,38.940,40.790,40.840,40.840,40.840,40.860,39.290,37.640,37.550,37.550,37.400,36.840,36.840
99,白米零售,硬秈(在來),澎湖縣,41.650,41.850,43.110,42.370,40.870,40.620,40.840,40.600,41.250,41.310,41.990,42.300,42.660
99,白米零售,硬秈(在來),基隆市,42.340,42.210,42.500,42.500,42.500,42.500,42.500,42.500,42.490,42.090,42.090,42.090,42.090
99,白米零售,硬秈(在來),新竹市,41.110,41.200,41.360,41.310,41.240,41.150,41.150,41.090,41.040,41.040,41.010,40.840,40.840
99,白米零售,硬秈(在來),台中市,42.950,43.190,43.090,43.090,43.090,42.980,42.850,42.850,42.850,42.850,42.850,42.670,43.090
99,白米零售,硬秈(在來),台北市,42.700,42.410,42.880,42.920,42.920,42.920,42.840,42.960,42.950,42.710,42.640,42.100,42.090
100,白米零售,硬秈(在來),新北市,40.970,40.840,40.840,40.840,40.840,41.010,41.040,41.040,41.040,41.040,41.040,41.040,41.050
100,白米零售,硬秈(在來),宜蘭縣,42.600,43.740,43.740,43.430,43.030,43.350,42.380,41.910,41.910,41.910,41.910,41.930,41.950
100,白米零售,硬秈(在來),桃園市,37.110,40.150,39.470,39.020,39.030,37.020,35.620,35.720,35.480,35.720,35.720,36.100,36.240
100,白米零售,硬秈(在來),新竹縣,40.910,41.310,40.950,41.090,41.070,41.090,40.400,39.760,40.010,41.060,41.340,41.390,41.390
100,白米零售,硬秈(在來),苗栗縣,41.590,41.980,41.550,41.550,41.550,41.550,41.550,41.550,41.550,41.550,41.550,41.550,41.550
100,白米零售,硬秈(在來),雲林縣,41.470,40.580,40.580,41.000,41.290,41.330,41.880,40.650,42.280,41.970,41.700,41.860,42.540
100,白米零售,硬秈(在來),屏東縣,37.660,36.840,36.840,36.830,36.880,37.900,38.260,37.660,37.940,38.170,38.200,38.200,38.200
100,白米零售,硬秈(在來),澎湖縣,42.270,42.660,42.660,42.230,42.190,42.860,41.980,41.490,42.220,41.680,42.230,42.740,42.290
100,白米零售,硬秈(在來),基隆市,42.050,42.090,42.090,42.090,42.090,42.090,42.090,42.090,42.090,42.090,42.090,42.090,41.580
100,白米零售,硬秈(在來),新竹市,41.170,40.840,40.840,40.840,40.900,41.030,41.330,41.430,41.060,41.290,41.430,41.430,41.560
100,白米零售,硬秈(在來),台中市,42.370,42.200,42.200,42.200,42.200,42.430,42.460,42.460,42.460,42.460,42.460,42.460,42.460
100,白米零售,硬秈(在來),台北市,42.290,42.090,42.090,42.090,42.090,42.370,42.410,42.410,42.410,42.410,42.410,42.410,42.250
101,白米零售,硬秈(在來),新北市,40.200,41.040,41.040,41.040,41.330,41.160,39.630,39.380,39.380,39.380,39.380,39.610,40.000
101,白米零售,硬秈(在來),宜蘭縣,42.270,41.950,41.950,41.950,41.950,41.950,41.950,41.950,42.470,42.780,42.780,42.780,42.780
101,白米零售,硬秈(在來),桃園市,37.200,36.870,36.900,36.990,37.520,37.620,37.320,37.020,36.670,37.330,37.380,37.380,37.440
101,白米零售,硬秈(在來),新竹縣,41.160,41.200,41.190,41.390,41.670,41.420,41.190,41.230,41.190,41.150,40.860,40.830,40.650
101,白米零售,硬秈(在來),苗栗縣,41.550,41.550,41.550,41.550,41.550,41.550,41.550,41.550,41.550,41.550,41.550,41.550,41.550
101,白米零售,硬秈(在來),彰化縣,39.750,,,,,,,38.620,40.800,39.810,39.760,39.760,39.760
101,白米零售,硬秈(在來),南投縣,42.860,,,,,,,42.850,42.860,42.860,42.860,42.860,42.860
101,白米零售,硬秈(在來),雲林縣,40.120,41.550,41.760,40.930,40.950,41.140,40.890,40.310,41.200,37.760,38.520,38.460,37.960
101,白米零售,硬秈(在來),屏東縣,38.730,38.200,38.200,38.200,38.800,39.040,38.560,38.470,38.620,39.100,39.180,39.180,39.180
101,白米零售,硬秈(在來),花蓮縣,55.000,,,,,,,,,,,,55.000
101,白米零售,硬秈(在來),澎湖縣,41.940,41.960,41.670,41.660,41.660,41.660,42.410,42.240,42.220,42.220,41.960,41.940,41.690
101,白米零售,硬秈(在來),基隆市,40.270,41.460,41.460,41.460,41.460,41.160,39.630,39.380,39.380,39.380,39.380,39.450,39.580
101,白米零售,硬秈(在來),新竹市,41.950,41.890,41.910,41.910,41.910,41.910,41.910,41.920,41.980,41.980,42.000,42.020,42.020
101,白米零售,硬秈(在來),台中市,42.930,42.460,42.460,42.460,42.460,42.460,42.460,42.510,42.780,43.540,43.470,43.840,44.280
101,白米零售,硬秈(在來),台北市,40.720,42.040,42.040,42.040,42.100,41.750,40.120,39.590,39.590,39.590,39.590,39.850,40.310
102,白米零售,硬秈(在來),新北市,40.040,40.000,40.000,40.000,40.000,40.000,40.000,40.000,40.020,40.120,40.120,40.120,40.120
102,白米零售,硬秈(在來),宜蘭縣,42.880,42.780,42.780,42.780,42.780,42.780,42.780,42.880,43.000,43.000,43.000,43.000,43.000
102,白米零售,硬秈(在來),桃園市,37.810,37.860,37.860,37.720,37.620,37.620,37.660,37.860,37.860,37.860,37.860,37.860,38.060
102,白米零售,硬秈(在來),新竹縣,41.170,40.560,40.480,40.700,40.720,40.720,40.720,41.010,41.790,41.790,41.790,41.790,41.970
102,白米零售,硬秈(在來),苗栗縣,41.550,41.550,41.550,41.550,41.550,41.550,41.550,41.550,41.550,41.550,41.550,41.550,41.550
102,白米零售,硬秈(在來),彰化縣,40.560,40.130,40.480,40.380,40.240,40.240,40.240,40.260,40.480,40.700,41.070,41.120,41.430
102,白米零售,硬秈(在來),南投縣,42.560,42.730,42.820,42.860,42.740,42.450,42.450,42.450,42.450,42.450,42.450,42.450,42.450
102,白米零售,硬秈(在來),雲林縣,38.710,38.010,38.420,38.500,38.500,38.500,38.500,38.760,38.930,38.930,38.930,38.940,39.540
102,白米零售,硬秈(在來),屏東縣,39.500,39.180,39.180,39.180,39.180,39.180,39.210,39.250,39.250,39.600,39.640,39.640,41.450
102,白米零售,硬秈(在來),澎湖縣,41.620,41.660,41.660,41.660,41.660,41.660,41.660,41.660,41.660,41.440,41.420,41.420,41.870
102,白米零售,硬秈(在來),基隆市,39.390,39.580,39.580,39.580,39.350,39.330,39.330,39.330,39.330,39.330,39.330,39.330,39.330
102,白米零售,硬秈(在來),新竹市,41.440,42.020,41.880,41.530,41.300,41.250,41.250,41.250,41.250,41.250,41.250,41.250,41.850
102,白米零售,硬秈(在來),台中市,43.880,44.280,43.770,43.690,43.690,43.690,43.600,43.450,43.910,43.980,43.910,44.130,44.430
102,白米零售,硬秈(在來),台南市,45.000,,,,45.000,45.000,45.000,45.000,45.000,45.000,45.000,45.000,45.000
102,白米零售,硬秈(在來),台北市,40.310,40.310,40.310,40.310,40.310,40.310,40.310,40.310,40.310,40.310,40.310,40.310,40.310
103,白米零售,硬秈(在來),新北市,40.360,40.120,40.120,39.910,39.880,39.880,39.880,40.240,40.640,40.720,40.720,40.940,41.300
103,白米零售,硬秈(在來),宜蘭縣,43.010,43.280,43.330,43.330,43.330,43.330,43.330,42.840,42.670,42.670,42.670,42.670,42.670
103,白米零售,硬秈(在來),桃園市,38.100,38.100,38.100,38.100,38.100,38.100,38.100,38.100,38.100,38.100,38.100,38.100,38.100
103,白米零售,硬秈(在來),新竹縣,41.900,41.810,41.790,41.790,41.790,41.790,41.790,41.790,41.900,41.980,42.140,42.140,42.140
103,白米零售,硬秈(在來),苗栗縣,43.040,42.380,42.910,42.910,42.910,42.910,42.910,42.910,43.140,43.330,43.330,43.480,43.330
103,白米零售,硬秈(在來),彰化縣,41.610,41.430,41.440,41.200,41.020,41.020,41.020,41.480,41.860,42.050,42.250,42.250,42.250
103,白米零售,硬秈(在來),南投縣,42.540,42.450,42.370,42.450,42.450,42.450,42.450,42.450,42.450,42.480,42.700,42.860,42.860
103,白米零售,硬秈(在來),雲林縣,40.940,39.960,40.470,41.020,41.040,41.040,40.770,40.320,40.870,41.060,41.510,41.570,41.620
103,白米零售,硬秈(在來),屏東縣,42.790,41.940,42.760,42.900,42.900,42.870,42.870,42.870,42.870,42.870,42.870,42.870,42.870
103,白米零售,硬秈(在來),澎湖縣,43.420,42.350,42.380,43.890,44.050,44.050,44.290,43.330,43.330,43.330,43.330,43.330,43.330
103,白米零售,硬秈(在來),基隆市,39.870,39.330,39.330,39.190,39.170,39.170,39.170,39.470,40.110,40.210,40.210,40.770,42.340
103,白米零售,硬秈(在來),新竹市,41.770,41.710,41.540,41.530,41.530,41.530,41.530,41.530,42.020,42.090,42.090,42.090,42.080
103,白米零售,硬秈(在來),台中市,44.820,44.590,45.050,44.910,44.870,44.870,44.870,44.770,44.400,44.310,44.280,45.380,45.590
103,白米零售,硬秈(在來),台南市,45.000,45.000,45.000,45.000,45.000,,,,,,,,
103,白米零售,硬秈(在來),台北市,41.200,40.310,40.310,40.310,40.310,40.310,40.310,41.250,42.060,42.220,42.220,42.340,42.480
104,白米零售,硬秈(在來),新北市,41.980,41.160,42.180,42.370,42.380,42.190,41.920,41.900,41.880,41.880,41.880,41.880,42.140
104,白米零售,硬秈(在來),宜蘭縣,43.260,42.670,43.080,43.340,43.340,43.340,43.330,43.330,43.330,43.330,43.330,43.330,43.330
104,白米零售,硬秈(在來),桃園市,38.690,38.100,38.100,38.760,38.810,38.810,38.810,38.870,38.810,38.810,38.810,38.810,38.810
104,白米零售,硬秈(在來),新竹縣,41.960,42.140,42.140,42.140,42.140,41.750,41.670,42.000,41.900,41.830,41.830,41.830,42.190
104,白米零售,硬秈(在來),苗栗縣,42.610,44.170,44.170,44.170,44.170,44.170,42.440,41.740,41.220,41.220,41.220,41.220,41.440
104,白米零售,硬秈(在來),彰化縣,42.200,42.250,42.250,42.250,42.250,42.250,42.250,42.250,42.050,42.040,42.040,42.140,42.400
104,白米零售,硬秈(在來),南投縣,42.790,42.860,42.860,42.860,42.860,42.860,42.860,42.860,42.680,42.660,42.660,42.660,42.810
104,白米零售,硬秈(在來),雲林縣,41.920,41.450,41.510,41.710,41.790,41.790,41.790,41.820,42.240,42.240,42.240,42.240,42.240
104,白米零售,硬秈(在來),屏東縣,42.860,42.870,42.770,42.820,42.870,42.870,42.870,42.870,42.870,42.870,42.870,42.870,42.870
104,白米零售,硬秈(在來),澎湖縣,43.860,43.330,43.330,43.330,43.330,43.790,44.170,44.170,44.170,44.170,44.170,44.170,44.170
104,白米零售,硬秈(在來),基隆市,42.330,41.000,41.730,41.880,41.880,42.120,42.710,42.710,42.710,42.710,42.710,42.710,43.110
104,白米零售,硬秈(在來),新竹市,42.030,42.080,42.080,42.080,42.080,42.080,42.080,41.980,41.980,41.980,41.980,41.980,41.980
104,白米零售,硬秈(在來),台中市,45.750,45.460,45.380,45.520,45.590,45.710,45.710,45.710,45.710,45.880,45.970,46.110,46.290
104,白米零售,硬秈(在來),台南市,45.000,,,,,,,,45.000,45.000,45.000,45.000,45.000
104,白米零售,硬秈(在來),台北市,42.810,42.260,42.490,42.640,42.640,42.710,42.780,42.910,43.060,43.060,43.060,43.060,43.060
105,白米零售,硬秈(在來),新北市,42.690,42.370,42.530,42.690,42.750,42.670,42.430,42.420,42.420,42.490,42.770,43.190,43.520
105,白米零售,硬秈(在來),宜蘭縣,43.580,43.330,43.330,43.330,43.330,43.330,43.330,43.330,43.750,43.750,43.750,43.750,44.600
105,白米零售,硬秈(在來),桃園市,38.810,38.810,38.810,38.810,38.810,38.810,38.810,38.810,38.810,38.810,38.810,38.810,38.810
105,白米零售,硬秈(在來),新竹縣,42.350,42.330,42.330,42.330,42.330,42.330,42.330,42.330,42.330,42.330,42.330,42.330,42.570
105,白米零售,硬秈(在來),苗栗縣,43.930,41.890,42.840,46.600,46.600,46.160,43.300,43.300,43.300,43.300,43.300,43.300,43.300
105,白米零售,硬秈(在來),彰化縣,42.390,42.800,42.840,42.700,42.700,42.700,42.700,42.690,41.610,41.610,41.610,41.950,42.730
105,白米零售,硬秈(在來),南投縣,43.030,42.860,42.860,42.860,42.860,42.860,42.860,42.860,42.860,42.860,42.860,43.690,44.050
105,白米零售,硬秈(在來),雲林縣,43.280,42.410,42.700,43.060,43.060,43.060,43.130,43.320,43.550,43.550,43.640,43.800,44.100
105,白米零售,硬秈(在來),屏東縣,42.820,42.870,42.870,42.870,42.870,42.870,42.870,42.870,42.870,42.870,42.250,42.540,43.200
105,白米零售,硬秈(在來),澎湖縣,44.810,45.060,45.170,45.170,45.170,45.170,45.170,44.720,44.170,44.170,44.170,,
105,白米零售,硬秈(在來),基隆市,42.020,42.500,42.710,42.620,42.580,42.420,41.960,41.150,41.240,41.250,41.250,41.500,43.090
105,白米零售,硬秈(在來),新竹市,43.180,42.800,43.130,43.660,43.160,43.130,43.130,43.130,43.130,43.130,43.130,43.130,43.520
105,白米零售,硬秈(在來),台中市,46.370,46.360,46.720,46.680,46.620,46.790,47.270,46.720,45.580,45.580,45.580,45.860,46.640
105,白米零售,硬秈(在來),台南市,45.210,45.000,45.000,45.000,45.000,45.000,45.000,45.000,45.000,45.000,45.000,45.000,47.500
105,白米零售,硬秈(在來),台北市,43.460,43.060,43.280,43.420,43.440,43.300,43.010,42.890,43.190,43.370,43.580,43.850,45.120
106,白米零售,硬秈(在來),新北市,45.610,43.610,44.280,44.430,44.430,44.430,44.460,45.620,46.990,47.220,47.290,47.290,47.290
106,白米零售,硬秈(在來),宜蘭縣,45.440,44.800,45.330,45.330,45.330,45.330,45.330,45.330,45.330,45.630,45.830,45.830,45.830
106,白米零售,硬秈(在來),桃園市,39.530,38.810,38.810,38.810,38.810,38.810,38.810,38.810,38.810,38.810,39.070,42.970,42.990
106,白米零售,硬秈(在來),新竹縣,43.580,43.170,43.330,43.330,43.330,43.330,43.330,43.870,43.670,43.670,43.960,44.000,44.000
106,白米零售,硬秈(在來),苗栗縣,43.300,43.300,43.300,43.300,,,,,,,,,
106,白米零售,硬秈(在來),彰化縣,43.610,43.670,44.080,43.920,43.880,43.880,43.880,43.880,43.850,43.060,43.060,43.060,43.060
106,白米零售,硬秈(在來),南投縣,44.310,44.050,44.470,44.690,44.690,44.690,44.620,44.240,44.060,44.050,44.050,44.050,44.050
106,白米零售,硬秈(在來),雲林縣,43.640,44.100,44.100,44.100,44.100,44.100,43.410,43.190,43.160,43.370,43.370,43.370,43.260
106,白米零售,硬秈(在來),屏東縣,43.800,43.330,43.330,43.330,43.330,43.330,43.330,43.330,43.830,44.210,44.210,44.980,45.110
106,白米零售,硬秈(在來),基隆市,45.560,43.350,43.730,44.030,44.050,44.220,44.460,46.130,47.290,47.290,47.290,47.480,47.450
106,白米零售,硬秈(在來),新竹市,44.890,44.800,45.000,45.000,45.000,45.000,45.180,44.820,44.790,44.790,44.790,44.770,44.760
106,白米零售,硬秈(在來),台中市,47.870,47.490,47.790,47.840,47.920,47.920,47.920,47.920,47.920,47.920,47.920,47.920,47.920
106,白米零售,硬秈(在來),台南市,47.750,47.500,47.500,47.500,47.500,47.500,47.500,47.500,47.500,48.050,48.330,48.330,48.330
106,白米零售,硬秈(在來),台北市,47.880,45.420,45.930,46.120,46.120,46.120,46.120,47.570,49.970,50.370,50.420,50.320,50.020
107,白米零售,硬秈(在來),新北市,47.300,47.290,47.290,47.290,47.290,47.290,47.290,47.290,47.230,47.270,47.310,47.310,47.410
107,白米零售,硬秈(在來),宜蘭縣,45.460,45.830,45.830,45.830,45.830,45.830,45.760,45.560,45.020,45.000,45.000,45.000,45.000
107,白米零售,硬秈(在來),桃園市,42.240,43.070,42.850,42.850,42.850,42.850,42.850,42.850,42.850,41.260,40.970,40.740,40.830
107,白米零售,硬秈(在來),新竹縣,43.660,43.570,43.670,43.670,43.670,43.670,43.670,43.670,43.670,43.670,43.670,43.670,43.670
107,白米零售,硬秈(在來),彰化縣,42.720,42.920,42.860,42.860,42.860,42.860,42.860,42.860,42.730,42.450,42.450,42.450,42.480
107,白米零售,硬秈(在來),南投縣,44.050,44.050,44.050,44.050,44.050,44.050,44.050,44.050,44.050,44.050,44.050,44.050,44.050
107,白米零售,硬秈(在來),雲林縣,42.080,42.140,42.110,42.110,42.110,42.110,42.110,42.080,42.030,42.030,42.030,42.030,42.030
107,白米零售,硬秈(在來),屏東縣,44.780,45.110,45.110,45.110,45.110,45.110,45.110,45.110,45.110,45.110,45.110,44.160,42.120
107,白米零售,硬秈(在來),基隆市,48.020,47.500,48.330,48.330,48.330,48.330,48.330,48.210,47.920,47.920,47.390,47.710,47.990
107,白米零售,硬秈(在來),新竹市,44.990,44.870,45.000,45.000,45.000,45.000,45.000,45.000,45.000,45.000,45.000,45.000,45.000
107,白米零售,硬秈(在來),台中市,47.500,47.920,47.900,47.660,47.660,47.660,47.660,47.660,47.500,47.140,47.140,47.140,46.960
107,白米零售,硬秈(在來),台南市,48.330,48.330,48.330,48.330,48.330,48.330,48.330,48.330,48.330,48.330,48.330,48.330,48.330
107,白米零售,硬秈(在來),台北市,49.430,49.590,49.310,49.310,49.310,49.350,49.390,49.510,49.580,49.730,49.420,49.310,49.310
108,白米零售,硬秈(在來),新北市,46.880,47.410,47.410,47.290,46.940,46.760,46.740,46.610,46.670,46.670,46.670,46.670,46.670
108,白米零售,硬秈(在來),宜蘭縣,45.070,45.000,45.000,45.000,45.000,45.000,45.000,45.320,45.560,45.330,43.890,44.870,45.830
108,白米零售,硬秈(在來),桃園市,39.900,40.830,40.830,40.290,40.210,40.210,39.980,40.080,40.200,40.210,40.210,38.470,37.280
108,白米零售,硬秈(在來),新竹縣,43.670,43.670,43.670,43.670,43.670,43.670,43.670,43.670,43.670,43.670,43.670,43.670,43.670
108,白米零售,硬秈(在來),彰化縣,42.930,42.650,42.650,42.650,42.650,42.650,42.650,43.060,43.270,43.270,43.270,43.270,43.070
108,白米零售,硬秈(在來),南投縣,43.680,43.730,43.570,43.570,43.570,43.570,43.570,43.570,43.570,43.570,43.570,43.570,44.720
108,白米零售,硬秈(在來),雲林縣,41.800,42.030,42.030,42.030,42.030,42.030,42.030,41.950,41.420,41.490,41.490,41.490,41.560
108,白米零售,硬秈(在來),屏東縣,43.610,41.680,42.450,43.230,43.330,44.020,44.040,44.040,43.910,43.830,43.840,43.920,45.040
108,白米零售,硬秈(在來),基隆市,48.060,48.120,48.330,48.330,48.330,48.190,47.920,47.920,47.920,47.920,47.920,47.920,47.920
108,白米零售,硬秈(在來),新竹市,44.920,45.000,45.000,45.000,45.000,45.000,45.000,45.000,45.000,45.000,45.000,44.790,44.290
108,白米零售,硬秈(在來),台中市,46.700,46.230,46.590,46.790,46.490,46.490,46.490,46.740,46.580,47.010,47.010,47.010,47.010
108,白米零售,硬秈(在來),台南市,48.330,48.330,48.330,48.330,48.330,48.330,48.330,48.330,48.330,48.330,48.330,48.330,48.330
108,白米零售,硬秈(在來),台北市,49.850,49.310,49.310,49.430,49.580,49.580,49.650,49.950,50.280,50.280,50.280,50.280,50.280
109,白米零售,硬秈(在來),新北市,46.540,46.670,46.670,46.670,46.570,46.480,46.480,46.480,46.480,46.480,46.480,46.480,46.520
109,白米零售,硬秈(在來),宜蘭縣,45.710,45.830,45.830,45.830,45.830,45.830,45.830,45.830,45.830,45.640,45.420,45.420,45.420
109,白米零售,硬秈(在來),桃園市,40.850,37.260,37.260,37.260,40.580,39.760,40.980,42.640,43.670,43.670,41.850,42.670,42.650
109,白米零售,硬秈(在來),新竹縣,43.670,43.670,43.670,43.670,43.670,43.670,43.670,43.670,43.670,43.670,43.670,43.670,43.670
109,白米零售,硬秈(在來),彰化縣,43.420,43.060,43.060,43.060,43.060,43.060,43.060,43.300,43.880,43.880,43.880,43.880,43.880
109,白米零售,硬秈(在來),南投縣,45.220,44.950,45.240,45.240,45.240,45.240,45.240,45.240,45.240,45.240,45.240,45.240,45.240
109,白米零售,硬秈(在來),雲林縣,41.540,41.730,41.730,41.730,41.730,41.730,41.730,41.430,41.210,41.210,41.210,41.210,41.770
109,白米零售,硬秈(在來),屏東縣,45.390,45.750,45.990,45.970,45.880,45.880,45.880,45.880,45.320,44.780,44.560,44.500,44.330
109,白米零售,硬秈(在來),基隆市,47.920,47.920,47.920,47.920,47.920,47.920,47.920,47.920,47.920,47.920,47.920,47.920,47.920
109,白米零售,硬秈(在來),新竹市,44.300,44.290,44.290,44.290,44.290,44.290,44.290,44.290,44.290,44.290,44.290,44.290,44.360
109,白米零售,硬秈(在來),台中市,47.320,46.710,46.520,47.100,47.740,48.180,48.180,47.350,47.280,47.280,47.280,46.970,47.210
109,白米零售,硬秈(在來),台南市,48.330,48.330,48.330,48.330,48.330,48.330,48.330,48.330,48.330,48.330,48.330,48.330,48.330
109,白米零售,硬秈(在來),台北市,50.290,50.280,50.280,50.280,50.410,50.280,50.280,50.280,50.280,50.280,50.280,50.280,50.280
110,白米零售,硬秈(在來),新北市,46.650,46.560,46.560,46.560,46.560,46.560,46.560,46.880,46.850,46.670,46.670,46.670,46.670
110,白米零售,硬秈(在來),宜蘭縣,45.920,45.420,45.420,45.420,45.420,45.420,45.420,45.420,45.420,46.420,47.080,47.080,47.080
110,白米零售,硬秈(在來),桃園市,42.520,42.460,42.320,42.500,42.500,42.500,42.500,42.390,42.210,42.480,42.780,42.780,42.780
110,白米零售,硬秈(在來),新竹縣,44.300,43.670,44.000,44.330,44.340,44.340,44.340,44.340,44.340,44.340,44.340,44.340,44.920
110,白米零售,硬秈(在來),彰化縣,43.730,43.880,43.880,43.880,43.880,43.900,44.050,44.050,44.050,43.830,43.100,43.100,43.100
110,白米零售,硬秈(在來),南投縣,45.040,45.240,45.270,45.470,45.470,45.470,45.470,45.380,44.530,44.530,44.530,44.530,44.530
110,白米零售,硬秈(在來),雲林縣,43.690,42.690,44.330,44.330,44.330,44.330,44.330,44.070,43.180,43.180,43.180,43.180,43.180
110,白米零售,硬秈(在來),屏東縣,45.020,44.170,44.170,44.520,45.680,45.680,45.570,44.980,44.940,44.940,44.940,45.160,45.480
110,白米零售,硬秈(在來),基隆市,47.480,47.920,47.920,47.920,47.920,47.920,47.500,47.080,47.080,47.080,47.080,47.140,47.220
110,白米零售,硬秈(在來),新竹市,44.750,44.520,44.600,44.760,44.760,44.760,44.760,44.760,44.760,44.760,44.760,44.760,45.000
110,白米零售,硬秈(在來),台中市,48.050,47.570,48.000,48.000,48.120,48.140,48.140,48.140,47.970,47.860,47.860,47.940,48.840
110,白米零售,硬秈(在來),台南市,48.330,48.330,48.330,48.330,48.330,48.330,48.330,48.330,48.330,48.330,48.330,48.330,48.330
110,白米零售,硬秈(在來),台北市,50.280,50.280,50.280,50.280,50.280,50.280,50.280,50.280,50.280,50.280,50.280,50.280,50.280
111,白米零售,硬秈(在來),新北市,49.750,48.450,48.570,48.570,49.790,50.000,50.170,50.240,50.240,50.240,50.240,50.240,50.240
111,白米零售,硬秈(在來),宜蘭縣,47.080,47.080,47.080,47.080,47.080,47.080,47.080,47.080,47.080,47.080,47.080,47.080,47.080
111,白米零售,硬秈(在來),桃園市,43.550,42.780,42.780,42.780,43.140,43.850,43.890,43.890,43.890,43.890,43.890,43.890,43.890
111,白米零售,硬秈(在來),新竹縣,45.960,45.550,46.000,46.000,46.000,46.000,46.000,46.000,46.000,46.000,46.000,46.000,46.000
111,白米零售,硬秈(在來),彰化縣,45.290,44.760,44.760,44.760,44.370,44.270,45.480,45.480,45.520,46.000,46.000,46.000,46.130
111,白米零售,硬秈(在來),南投縣,47.560,45.840,46.900,46.900,46.900,47.440,48.100,48.100,48.100,48.100,48.100,48.100,48.100
111,白米零售,硬秈(在來),雲林縣,45.700,44.900,45.370,46.350,46.350,46.350,46.350,46.000,45.710,45.300,44.970,44.980,45.780
111,白米零售,硬秈(在來),屏東縣,46.110,45.480,45.690,46.260,46.260,46.260,46.260,46.220,46.220,46.220,46.220,46.210,46.070
111,白米零售,硬秈(在來),基隆市,50.920,49.170,49.170,49.170,50.720,51.250,51.540,51.670,51.670,51.670,51.670,51.670,51.670
111,白米零售,硬秈(在來),新竹市,46.360,45.800,46.190,46.430,46.430,46.430,46.430,46.430,46.430,46.430,46.430,46.430,46.500
111,白米零售,硬秈(在來),台中市,49.590,49.790,49.290,49.330,49.520,49.540,49.540,49.620,49.670,49.670,49.670,49.670,49.780
111,白米零售,硬秈(在來),台南市,49.270,48.330,48.330,48.330,48.330,48.330,49.550,50.000,50.000,50.000,50.000,50.000,50.000
111,白米零售,硬秈(在來),台北市,51.300,50.560,50.560,50.560,50.560,51.080,51.580,51.770,51.780,51.780,51.780,51.780,51.780
112,白米零售,硬秈(在來),新北市,50.820,50.240,50.240,50.240,50.240,50.240,50.710,51.190,51.190,51.250,51.430,51.430,51.430
112,白米零售,硬秈(在來),宜蘭縣,47.980,47.080,47.080,47.290,47.710,47.710,47.860,47.920,47.920,47.920,47.920,48.570,50.830
112,白米零售,硬秈(在來),桃園市,44.540,43.890,43.890,44.040,44.330,44.330,44.330,44.550,44.680,45.000,45.080,45.170,45.170
112,白米零售,硬秈(在來),新竹縣,46.010,46.000,45.810,45.480,46.330,45.980,45.830,45.830,45.830,45.830,45.830,45.830,47.580
112,白米零售,硬秈(在來),彰化縣,47.120,46.780,46.780,46.780,46.780,46.780,46.780,47.200,47.500,47.500,47.500,47.500,47.500
112,白米零售,硬秈(在來),南投縣,48.100,48.100,48.100,48.100,48.100,48.100,48.100,48.100,48.100,48.100,48.100,48.100,48.100
112,白米零售,硬秈(在來),雲林縣,46.100,45.600,45.600,45.750,46.150,46.130,46.130,46.130,46.200,46.340,46.340,46.340,46.540
112,白米零售,硬秈(在來),屏東縣,46.040,46.070,46.070,46.030,46.030,46.030,46.030,46.030,46.030,46.030,46.030,46.030,46.030
112,白米零售,硬秈(在來),基隆市,52.910,51.670,51.850,52.780,52.780,52.780,52.780,52.780,52.780,53.070,53.890,53.890,53.890
112,白米零售,硬秈(在來),新竹市,49.340,47.140,47.380,47.980,48.220,49.940,50.120,50.120,50.120,50.120,50.120,50.120,50.700
112,白米零售,硬秈(在來),台中市,50.410,50.000,50.000,50.000,50.000,50.500,50.310,50.260,50.260,50.300,50.460,50.910,51.930
112,白米零售,硬秈(在來),台南市,50.000,50.000,50.000,50.000,50.000,50.000,50.000,50.000,50.000,50.000,50.000,50.000,50.000
112,白米零售,硬秈(在來),台北市,52.270,52.070,52.330,52.270,52.240,52.240,52.240,52.240,52.240,52.270,52.360,52.360,52.360
113,白米零售,硬秈(在來),新北市,52.120,51.750,51.770,51.360,51.670,51.740,51.800,52.000,52.310,52.360,52.660,52.920,53.040
113,白米零售,硬秈(在來),宜蘭縣,51.150,50.830,50.830,50.830,50.830,50.830,50.830,51.330,51.390,51.390,51.390,51.590,51.670
113,白米零售,硬秈(在來),桃園市,46.990,45.760,46.190,46.460,46.460,46.480,47.500,47.500,47.500,47.500,47.500,47.500,47.500
113,白米零售,硬秈(在來),新竹縣,48.000,48.000,48.000,48.000,48.000,48.000,48.000,48.000,48.000,48.000,48.000,48.000,48.000
113,白米零售,硬秈(在來),彰化縣,47.830,47.660,48.220,48.220,48.220,48.220,48.010,47.460,47.150,47.500,47.500,47.620,48.220
113,白米零售,硬秈(在來),南投縣,49.540,48.260,48.810,48.810,48.830,49.100,49.380,50.140,50.200,50.200,50.200,50.200,50.340
113,白米零售,硬秈(在來),雲林縣,46.570,48.420,48.420,47.770,46.490,46.340,45.670,45.630,45.630,45.870,45.880,46.330,46.380
113,白米零售,硬秈(在來),屏東縣,46.030,46.030,46.030,46.030,46.030,46.030,46.030,46.030,46.030,46.030,46.030,46.030,46.030
113,白米零售,硬秈(在來),基隆市,53.690,53.890,53.890,53.890,53.890,53.890,53.890,53.890,53.890,53.890,53.530,52.870,52.920
113,白米零售,硬秈(在來),新竹市,50.830,50.830,50.830,50.830,50.830,50.830,50.830,50.830,50.830,50.830,50.830,50.830,50.830
113,白米零售,硬秈(在來),台中市,52.220,52.970,52.990,52.990,52.990,52.990,52.990,52.540,51.270,51.100,51.100,51.230,51.500
113,白米零售,硬秈(在來),台南市,50.000,50.000,,,,,,,,,,,
113,白米零售,硬秈(在來),台北市,52.590,52.360,52.360,52.360,52.360,52.360,52.360,52.400,52.500,52.500,52.630,53.090,53.830
114,白米零售,硬秈(在來),新北市,53.900,53.510,53.750,53.750,53.750,53.750,53.750,53.750,53.750,53.940,54.030,54.360,54.720
114,白米零售,硬秈(在來),宜蘭縣,51.670,51.670,51.670,51.670,51.670,51.670,51.670,51.670,51.670,51.670,51.670,51.670,51.670
114,白米零售,硬秈(在來),桃園市,47.690,47.500,47.500,47.500,47.500,47.780,47.780,47.780,47.780,47.780,47.780,47.780,47.780
114,白米零售,硬秈(在來),新竹縣,48.010,48.000,48.000,48.000,48.000,48.000,48.000,48.000,48.000,48.000,48.000,48.000,48.140
114,白米零售,硬秈(在來),彰化縣,48.370,48.220,48.320,48.390,48.390,48.390,48.390,48.390,48.390,48.390,48.390,48.390,48.390
114,白米零售,硬秈(在來),南投縣,51.280,50.670,51.430,51.430,51.430,51.430,51.270,51.020,51.020,51.140,51.630,51.630,51.200
114,白米零售,硬秈(在來),雲林縣,46.360,46.380,46.380,46.380,46.380,46.380,46.230,46.100,46.490,46.490,46.400,46.340,46.340
114,白米零售,硬秈(在來),屏東縣,46.270,46.030,46.030,46.030,46.030,46.030,46.310,46.410,46.410,46.410,46.410,46.410,46.760
114,白米零售,硬秈(在來),基隆市,54.330,53.450,53.970,54.170,53.990,53.750,53.750,53.940,54.580,54.880,55.000,55.000,55.520
114,白米零售,硬秈(在來),新竹市,50.830,50.830,50.830,50.830,50.830,50.830,50.830,50.830,50.830,50.830,50.830,50.830,50.830
114,白米零售,硬秈(在來),台中市,53.750,52.860,52.860,52.860,52.880,53.140,53.290,54.140,54.510,54.570,54.570,54.570,54.800
114,白米零售,硬秈(在來),台南市,55.730,,,,60.000,56.610,55.000,55.000,55.000,55.000,55.000,55.000,55.000
114,白米零售,硬秈(在來),台北市,57.480,54.650,55.470,57.090,57.620,57.620,57.620,57.620,57.620,57.560,58.220,58.870,59.850
115,白米零售,硬秈(在來),新北市,54.960,54.740,54.740,54.810,55.350,55.140,55.140,55.140,54.650,,,,
115,白米零售,硬秈(在來),宜蘭縣,51.730,51.670,51.670,51.670,51.670,51.670,51.670,51.820,52.000,,,,
115,白米零售,硬秈(在來),桃園市,47.780,47.780,47.780,47.780,47.780,47.780,47.780,47.780,47.780,,,,
115,白米零售,硬秈(在來),新竹縣,48.910,48.330,48.330,48.330,48.330,48.330,48.750,50.420,50.420,,,,
115,白米零售,硬秈(在來),彰化縣,49.710,48.330,49.360,50.000,50.000,50.000,50.000,50.000,50.000,,,,
115,白米零售,硬秈(在來),南投縣,51.720,50.790,51.550,51.900,51.900,51.900,51.900,51.900,51.900,,,,
115,白米零售,硬秈(在來),雲林縣,45.740,46.340,46.610,46.340,45.370,45.250,45.330,45.330,45.330,,,,
115,白米零售,硬秈(在來),屏東縣,46.900,46.900,46.900,46.900,46.900,46.900,46.900,46.900,46.900,,,,
115,白米零售,硬秈(在來),基隆市,56.240,56.250,56.250,56.630,56.440,56.250,56.250,56.250,55.630,,,,
115,白米零售,硬秈(在來),新竹市,50.650,50.830,50.830,50.830,50.820,50.690,50.620,50.280,50.280,,,,
115,白米零售,硬秈(在來),台中市,55.580,55.290,55.290,55.290,55.350,55.860,55.860,55.860,55.860,,,,
115,白米零售,硬秈(在來),台南市,55.000,55.000,55.000,55.000,55.000,55.000,55.000,55.000,55.000,,,,
115,白米零售,硬秈(在來),台北市,62.150,60.740,61.900,61.940,63.090,63.090,62.780,61.900,61.750,,,,
115,白米零售,硬秈(在來),高雄市,56.400,,57.420,56.600,56.570,56.060,56.060,56.060,56.060,,,,
83,白米零售,軟秈,宜蘭縣,30.000,,,,,,,30.000,30.000,30.000,30.000,30.000,30.000
83,白米零售,軟秈,桃園市,31.700,,,,,,,31.700,31.700,31.700,31.700,31.700,31.700
83,白米零售,軟秈,台中縣,30.550,,,,,,30.000,31.120,30.000,30.000,30.000,31.310,31.400
83,白米零售,軟秈,彰化縣,30.570,,,,,,,30.630,30.000,30.000,30.000,31.400,31.400
83,白米零售,軟秈,南投縣,30.440,,,,,,,30.000,30.000,30.000,30.000,31.210,31.400
83,白米零售,軟秈,台南縣,30.000,,,,,,,30.000,30.000,30.000,30.000,30.000,30.000
83,白米零售,軟秈,高雄縣,31.530,,,,,,,31.900,31.900,31.800,30.400,31.250,31.900
83,白米零售,軟秈,台中市,31.300,,,,,,30.000,32.090,31.400,31.400,31.400,31.400,31.400
83,白米零售,軟秈,台南市,30.000,,,,,,,30.000,30.000,30.000,30.000,30.000,30.000
83,白米零售,軟秈,高雄市,31.530,,,,,,,31.900,31.900,31.800,30.400,31.250,31.900
84,白米零售,軟秈,宜蘭縣,34.750,31.420,32.810,34.890,35.740,36.590,35.000,35.000,35.000,35.000,35.000,35.000,35.550
84,白米零售,軟秈,桃園市,34.680,31.700,31.730,35.430,35.800,35.800,35.400,35.000,35.000,35.000,35.000,35.000,35.330
84,白米零售,軟秈,台中縣,35.530,32.400,34.240,35.700,36.030,37.100,36.730,35.700,35.700,35.700,35.700,35.700,35.700
84,白米零售,軟秈,彰化縣,36.210,33.310,36.450,37.250,38.650,38.450,36.770,34.840,35.700,35.700,35.700,35.700,35.970
84,白米零售,軟秈,南投縣,34.750,32.450,34.120,36.430,36.240,37.610,35.700,33.080,34.030,34.300,34.300,34.300,34.390
84,白米零售,軟秈,嘉義縣,33.450,,,,35.330,35.880,33.240,33.000,33.000,32.130,32.000,33.180,33.300
84,白米零售,軟秈,台南縣,33.450,30.330,33.130,34.000,35.030,35.770,33.330,32.940,33.000,33.000,33.000,33.830,34.000
84,白米零售,軟秈,高雄縣,34.910,32.370,34.280,36.110,36.200,36.110,34.800,34.800,34.800,34.800,34.800,34.800,35.070
84,白米零售,軟秈,台中市,35.550,32.400,34.310,35.700,36.030,37.100,36.730,35.700,35.700,35.700,35.700,35.700,35.840
84,白米零售,軟秈,嘉義市,33.450,,,,35.330,35.880,33.240,33.000,33.000,32.130,32.000,33.180,33.300
84,白米零售,軟秈,台南市,33.440,30.330,33.130,34.000,35.030,35.770,33.330,32.940,33.000,33.000,33.000,33.730,34.000
84,白米零售,軟秈,高雄市,34.910,32.370,34.280,36.110,36.200,36.110,34.800,34.800,34.800,34.800,34.800,34.800,35.070
85,白米零售,軟秈,新北市,34.000,,,,34.000,,,,,,,,
85,白米零售,軟秈,宜蘭縣,36.550,36.700,36.700,38.040,38.300,38.300,38.300,37.630,36.700,35.620,34.560,33.300,34.450
85,白米零售,軟秈,桃園市,36.400,36.700,36.700,37.890,38.300,38.300,38.300,37.730,35.000,35.000,34.840,33.300,34.780
85,白米零售,軟秈,台中縣,36.790,36.690,37.100,37.390,38.600,38.600,38.600,38.120,35.880,35.700,35.250,34.300,35.200
85,白米零售,軟秈,彰化縣,38.070,38.160,38.600,39.500,40.000,40.000,40.000,39.050,37.680,36.770,35.700,35.700,35.700
85,白米零售,軟秈,南投縣,36.520,35.700,35.700,36.920,38.250,38.600,38.600,38.020,37.100,36.030,34.710,34.300,34.300
85,白米零售,軟秈,嘉義縣,34.910,34.700,34.800,35.750,36.200,36.200,36.200,35.610,34.800,34.800,33.300,33.300,33.300
85,白米零售,軟秈,台南縣,35.120,34.710,35.000,35.610,36.000,36.900,37.000,35.900,35.000,35.000,35.000,32.670,32.650
85,白米零售,軟秈,高雄縣,36.300,36.200,36.490,37.700,37.700,37.700,37.700,37.600,35.300,34.800,34.800,34.800,34.800
85,白米零售,軟秈,台中市,36.820,37.100,37.100,37.390,38.600,38.600,38.600,38.120,35.880,35.700,35.250,34.300,35.200
85,白米零售,軟秈,嘉義市,34.910,34.700,34.800,35.750,36.200,36.200,36.200,35.610,34.800,34.800,33.300,33.300,33.300
85,白米零售,軟秈,台南市,35.130,34.710,35.000,35.610,36.000,36.900,37.000,35.900,35.000,35.000,35.000,32.670,32.740
85,白米零售,軟秈,高雄市,36.300,36.200,36.490,37.700,37.700,37.700,37.700,37.600,35.300,34.800,34.800,34.800,34.800
86,白米零售,軟秈,新北市,35.130,,,,38.440,37.190,35.120,33.950,33.300,33.300,33.590,34.570,36.700
86,白米零售,軟秈,宜蘭縣,33.830,35.000,35.000,35.000,35.000,33.740,33.300,33.300,33.040,31.700,32.320,33.580,35.000
86,白米零售,軟秈,桃園市,33.610,35.000,35.000,35.000,35.000,34.070,32.290,31.850,31.700,31.700,32.420,34.320,35.000
86,白米零售,軟秈,台中縣,34.230,35.700,35.700,35.700,35.700,34.890,33.930,32.900,32.900,32.900,32.900,33.230,34.300
86,白米零售,軟秈,彰化縣,34.450,35.700,35.700,35.700,35.700,35.250,34.110,32.900,32.900,32.900,32.900,33.970,35.700
86,白米零售,軟秈,南投縣,32.970,34.300,34.300,34.300,34.300,34.300,33.530,31.400,31.400,31.530,31.430,31.950,32.900
86,白米零售,軟秈,嘉義縣,33.090,34.210,34.780,34.780,34.780,33.470,31.880,31.890,31.900,31.900,31.900,32.230,33.300
86,白米零售,軟秈,台南縣,32.280,33.260,34.000,34.000,34.000,32.900,32.000,32.000,30.000,30.000,30.500,32.170,32.500
86,白米零售,軟秈,高雄縣,33.770,34.800,34.800,34.800,34.800,34.750,33.300,33.590,33.180,32.820,32.800,32.800,32.800
86,白米零售,軟秈,台中市,34.860,35.700,35.700,35.700,35.700,35.430,34.300,34.300,34.300,34.300,34.300,34.300,34.300
86,白米零售,軟秈,嘉義市,33.090,34.210,34.780,34.780,34.780,33.470,31.880,31.890,31.900,31.900,31.900,32.230,33.300
86,白米零售,軟秈,台南市,32.890,33.260,34.000,34.000,34.000,32.900,32.000,32.000,32.000,32.000,32.000,33.050,33.500
86,白米零售,軟秈,台北市,35.540,,,,38.440,37.190,35.120,33.950,35.990,34.320,33.590,34.570,36.700
86,白米零售,軟秈,高雄市,33.770,34.800,34.800,34.800,34.800,34.750,33.300,33.590,33.180,32.820,32.800,32.800,32.800
87,白米零售,軟秈,新北市,36.460,36.700,36.700,36.910,38.270,37.160,35.320,35.300,35.300,35.300,36.070,36.940,37.580
87,白米零售,軟秈,宜蘭縣,34.730,35.000,35.000,35.860,36.670,36.020,34.490,33.300,33.300,33.300,33.790,35.000,35.000
87,白米零售,軟秈,桃園市,34.640,35.000,35.000,35.490,36.700,35.710,34.090,33.300,33.300,33.300,33.790,35.000,35.000
87,白米零售,軟秈,台中縣,34.750,34.300,34.300,34.980,35.700,35.520,34.300,34.300,34.300,34.300,34.300,34.950,35.700
87,白米零售,軟秈,彰化縣,35.730,35.700,36.370,37.100,37.100,36.240,34.950,34.300,34.300,34.300,34.570,36.730,37.100
87,白米零售,軟秈,南投縣,34.240,32.900,33.570,34.350,37.100,36.330,33.690,32.900,32.900,32.900,33.350,35.230,35.700
87,白米零售,軟秈,嘉義縣,33.080,33.300,33.300,33.640,34.800,34.270,32.970,32.000,32.240,31.900,32.350,,
87,白米零售,軟秈,台南縣,32.730,32.500,32.560,33.190,35.000,34.740,32.300,30.710,32.000,32.000,32.000,32.600,33.100
87,白米零售,軟秈,高雄縣,33.410,32.800,32.800,32.940,34.800,34.490,33.300,33.300,33.300,33.300,33.300,33.300,33.300
87,白米零售,軟秈,台中市,34.980,34.300,34.300,34.980,35.700,35.700,35.700,35.520,34.300,34.300,34.300,34.950,35.700
87,白米零售,軟秈,嘉義市,33.080,33.300,33.300,33.640,34.800,34.270,32.970,32.000,32.240,31.900,32.350,,
87,白米零售,軟秈,台南市,33.310,33.500,33.500,33.770,36.000,35.740,33.530,32.000,32.000,32.000,32.000,32.600,33.100
87,白米零售,軟秈,台北市,36.460,36.700,36.700,36.910,38.270,37.160,35.320,35.300,35.300,35.300,36.070,36.940,37.580
87,白米零售,軟秈,高雄市,33.510,32.800,32.800,33.020,35.500,34.840,33.300,33.300,33.300,33.300,33.300,33.300,33.300
88,白米零售,軟秈,新北市,38.950,39.230,40.000,40.670,40.800,40.800,40.080,37.630,37.090,37.050,36.700,38.200,39.200
88,白米零售,軟秈,宜蘭縣,36.180,37.150,38.300,38.300,38.300,38.300,38.300,34.660,33.300,33.300,33.300,34.260,36.700
88,白米零售,軟秈,桃園市,37.360,37.770,38.300,39.840,40.000,40.000,40.000,37.100,35.000,35.000,35.000,35.000,35.320
88,白米零售,軟秈,台中縣,37.430,36.830,37.880,39.760,40.000,40.000,39.320,36.830,35.700,35.700,35.700,35.700,35.750
88,白米零售,軟秈,彰化縣,37.400,38.580,40.000,41.350,40.650,40.000,37.900,35.700,35.700,35.700,33.800,34.110,35.290
88,白米零售,軟秈,南投縣,37.220,37.620,40.000,41.260,41.400,39.440,37.030,35.700,35.700,35.700,35.700,32.840,34.280
88,白米零售,軟秈,台南縣,34.700,34.000,35.000,36.740,37.000,37.000,34.900,34.000,34.000,34.000,33.190,33.000,33.610
88,白米零售,軟秈,高雄縣,38.030,35.070,38.300,38.300,38.300,38.300,38.300,38.300,38.300,38.300,38.300,38.300,38.300
88,白米零售,軟秈,花蓮縣,39.900,,,,,,,,,39.900,,,
88,白米零售,軟秈,台中市,37.610,36.830,37.880,39.760,40.000,40.000,40.000,39.170,35.700,35.700,35.700,34.810,35.790
88,白米零售,軟秈,台南市,34.700,34.000,35.000,36.740,37.000,37.000,34.900,34.000,34.000,34.000,33.190,33.000,33.610
88,白米零售,軟秈,台北市,38.950,39.230,40.000,40.670,40.800,40.800,40.080,37.630,37.090,37.050,36.700,38.200,39.200
88,白米零售,軟秈,高雄市,37.470,35.070,38.300,38.300,38.300,38.130,37.000,37.000,37.000,37.000,37.000,38.260,38.300
89,白米零售,軟秈,新北市,35.490,38.420,38.300,38.300,38.300,36.880,34.340,33.300,33.300,33.300,33.300,33.300,34.780
89,白米零售,軟秈,宜蘭縣,34.410,36.700,36.700,36.700,36.700,35.030,33.670,33.110,33.110,32.810,32.300,32.740,33.300
89,白米零售,軟秈,桃園市,35.040,38.300,38.300,38.300,36.320,35.000,34.430,33.300,33.300,33.300,33.300,33.300,33.300
89,白米零售,軟秈,台中縣,34.030,37.100,37.100,37.100,37.100,35.470,34.110,32.170,31.400,31.400,31.400,31.400,32.610
89,白米零售,軟秈,彰化縣,33.870,37.100,37.100,37.100,35.980,35.250,33.930,31.590,31.400,31.400,31.400,31.400,32.750
89,白米零售,軟秈,南投縣,34.210,36.550,37.100,37.100,37.100,34.390,33.510,32.080,31.400,31.400,31.690,33.880,34.300
89,白米零售,軟秈,台南縣,32.580,35.000,35.000,35.000,34.770,33.130,31.400,31.000,31.000,31.000,31.000,31.000,31.610
89,白米零售,軟秈,高雄縣,34.440,38.300,38.300,38.010,37.300,35.400,33.730,32.400,31.900,31.900,31.900,31.900,32.270
89,白米零售,軟秈,屏東縣,34.530,37.700,37.700,37.700,37.450,35.300,33.900,32.310,31.900,31.900,31.900,33.070,33.540
89,白米零售,軟秈,台中市,34.140,37.100,37.100,37.100,37.100,35.470,34.300,32.450,31.400,31.400,31.400,31.400,33.420
89,白米零售,軟秈,台南市,32.510,34.230,35.000,35.000,34.770,33.130,31.400,31.000,31.000,31.000,31.000,31.000,31.610
89,白米零售,軟秈,台北市,35.490,38.420,38.300,38.300,38.300,36.880,34.340,33.300,33.300,33.300,33.300,33.300,34.780
89,白米零售,軟秈,高雄市,34.440,38.300,38.300,38.010,37.300,35.400,33.730,32.400,31.900,31.900,31.900,31.900,32.270
90,白米零售,軟秈,新北市,35.540,35.000,35.000,35.000,35.000,35.000,35.000,35.000,35.000,35.000,35.240,37.950,38.340
90,白米零售,軟秈,宜蘭縣,33.920,33.660,33.720,33.590,33.560,33.690,32.560,32.560,32.540,32.500,33.890,37.500,37.270
90,白米零售,軟秈,桃園市,34.080,33.300,33.300,33.300,33.300,33.300,33.300,33.300,33.270,32.800,34.150,37.800,37.800
90,白米零售,軟秈,台中縣,34.090,34.160,34.300,34.120,32.900,32.900,32.900,32.900,32.900,32.900,34.930,37.100,37.100
90,白米零售,軟秈,彰化縣,33.780,32.900,32.900,32.900,32.900,32.900,32.900,32.900,32.900,32.900,35.020,37.100,37.100
90,白米零售,軟秈,南投縣,33.930,34.300,34.300,34.300,34.300,33.980,32.900,32.900,31.450,31.400,33.420,36.770,37.100
90,白米零售,軟秈,台南縣,32.680,32.000,32.000,32.000,32.000,32.000,32.000,32.000,32.000,32.000,33.140,35.460,35.500
90,白米零售,軟秈,高雄縣,33.890,32.500,33.460,33.760,34.300,33.590,33.300,33.300,32.620,33.320,34.070,36.200,36.200
90,白米零售,軟秈,屏東縣,34.290,34.800,34.800,34.800,34.800,33.550,31.900,32.890,33.300,33.300,34.600,36.550,36.200
90,白米零售,軟秈,台中市,34.100,34.300,34.300,34.120,32.900,32.900,32.900,32.900,32.900,32.900,34.930,37.100,37.100
90,白米零售,軟秈,台南市,32.680,32.000,32.000,32.000,32.000,32.000,32.000,32.000,32.000,32.000,33.140,35.460,35.500
90,白米零售,軟秈,台北市,35.540,35.000,35.000,35.000,35.000,35.000,35.000,35.000,35.000,35.000,35.240,37.950,38.340
90,白米零售,軟秈,高雄市,33.890,32.500,33.460,33.760,34.300,33.590,33.300,33.300,32.620,33.320,34.070,36.200,36.200
91,白米零售,軟秈,新北市,38.000,38.420,39.910,40.190,41.670,41.050,38.330,38.330,38.170,36.670,35.860,34.050,33.330
91,白米零售,軟秈,宜蘭縣,35.860,37.890,40.100,39.720,40.060,39.580,37.050,35.050,34.220,33.350,31.860,30.780,30.630
91,白米零售,軟秈,桃園市,36.110,37.850,38.300,38.300,38.300,37.770,36.150,34.440,34.440,34.440,34.440,34.440,34.440
91,白米零售,軟秈,台中縣,36.510,38.160,38.600,38.600,40.000,38.980,35.700,35.700,35.160,34.300,34.300,34.300,34.300
91,白米零售,軟秈,彰化縣,35.250,37.630,39.850,40.000,40.650,39.980,35.510,34.300,33.440,32.350,31.400,29.250,28.600
91,白米零售,軟秈,南投縣,34.770,37.250,38.600,38.760,40.650,39.340,34.470,32.860,32.860,32.620,31.430,30.140,28.210
91,白米零售,軟秈,台南縣,34.870,36.160,38.320,38.770,39.350,37.670,35.560,35.100,33.510,31.900,31.050,30.780,30.300
91,白米零售,軟秈,高雄縣,35.310,36.470,38.900,39.100,39.900,38.620,34.800,34.800,34.800,33.440,31.880,30.580,30.400
91,白米零售,軟秈,屏東縣,35.820,37.410,39.430,40.600,40.600,40.220,36.500,36.150,34.700,33.110,31.850,30.210,29.000
91,白米零售,軟秈,台中市,36.510,38.160,38.600,38.600,40.000,38.980,35.700,35.700,35.160,34.300,34.300,34.300,34.300
91,白米零售,軟秈,台南市,34.870,36.160,38.320,38.770,39.350,37.670,35.560,35.100,33.510,31.900,31.050,30.780,30.300
91,白米零售,軟秈,台北市,38.000,38.420,39.910,40.190,41.670,41.050,38.330,38.330,38.180,36.670,35.860,34.050,33.330
91,白米零售,軟秈,高雄市,35.310,36.470,38.900,39.100,39.900,38.620,34.800,34.800,34.800,33.440,31.880,30.580,30.400
92,白米零售,軟秈,新北市,32.790,33.330,33.330,33.330,33.330,33.330,33.330,33.330,33.330,31.840,31.670,31.670,31.660
92,白米零售,軟秈,宜蘭縣,29.660,30.060,30.220,30.930,30.150,29.290,29.170,29.250,30.000,28.780,28.650,29.440,30.000
92,白米零售,軟秈,桃園市,30.690,34.440,33.850,31.110,31.110,30.080,29.720,29.720,29.720,29.390,29.160,30.000,30.000
92,白米零售,軟秈,台中縣,30.670,33.220,32.900,31.870,30.000,30.000,30.000,30.000,30.000,30.000,30.000,30.000,30.000
92,白米零售,軟秈,彰化縣,29.370,28.600,29.550,30.000,30.000,30.000,29.770,28.600,28.600,28.600,28.600,28.930,31.220
92,白米零售,軟秈,南投縣,28.890,27.170,28.220,30.000,30.000,30.000,30.000,30.000,29.440,27.100,27.570,28.570,28.570
92,白米零售,軟秈,台南縣,29.610,30.300,30.300,30.300,30.300,29.990,29.300,29.100,29.100,29.100,28.790,29.220,29.500
92,白米零售,軟秈,高雄縣,30.110,30.400,30.400,30.400,30.400,30.400,30.400,30.400,30.400,30.400,29.000,29.200,29.500
92,白米零售,軟秈,屏東縣,29.170,29.000,29.000,29.000,29.000,29.000,29.000,29.000,29.000,29.000,29.000,29.610,30.400
92,白米零售,軟秈,台中市,30.670,33.220,32.900,31.870,30.000,30.000,30.000,30.000,30.000,30.000,30.000,30.000,30.000
92,白米零售,軟秈,台南市,29.610,30.300,30.300,30.300,30.300,29.990,29.300,29.100,29.100,29.100,28.790,29.220,29.500
92,白米零售,軟秈,台北市,33.060,33.330,33.330,33.330,33.330,33.330,33.330,33.330,33.330,32.580,32.500,32.500,32.500
92,白米零售,軟秈,高雄市,30.110,30.400,30.400,30.400,30.400,30.400,30.400,30.400,30.400,30.400,29.070,29.200,29.500
93,白米零售,軟秈,新北市,34.660,31.670,33.480,34.170,35.220,35.830,35.830,35.400,34.170,34.170,34.330,35.830,35.830
93,白米零售,軟秈,宜蘭縣,34.210,30.320,34.770,35.000,36.610,35.970,33.330,32.690,31.670,32.940,33.980,36.560,36.670
93,白米零售,軟秈,桃園市,34.470,31.130,33.330,33.490,36.250,36.670,35.000,34.140,33.330,33.330,34.080,36.670,36.240
93,白米零售,軟秈,台中縣,34.340,30.180,34.200,34.350,36.840,35.800,35.800,33.740,32.900,32.900,33.980,35.700,35.700
93,白米零售,軟秈,彰化縣,34.500,31.500,33.770,34.440,37.100,36.740,35.420,32.860,32.860,32.860,33.690,35.650,37.050
93,白米零售,軟秈,南投縣,33.480,30.230,33.750,34.430,35.700,35.430,33.930,31.790,31.400,31.400,32.570,35.370,35.700
93,白米零售,軟秈,台南縣,33.530,29.850,31.970,33.180,35.240,34.650,33.670,32.770,33.330,33.330,33.470,35.150,35.760
93,白米零售,軟秈,高雄縣,33.620,30.020,31.850,32.900,35.460,33.560,33.330,33.330,33.330,33.330,33.940,36.130,36.230
93,白米零售,軟秈,屏東縣,34.410,30.500,33.200,33.300,37.150,36.790,35.550,33.840,33.330,33.330,33.610,36.130,36.230
93,白米零售,軟秈,台中市,34.740,30.370,34.250,34.350,36.840,35.800,35.800,34.640,34.300,34.300,34.840,35.700,35.700
93,白米零售,軟秈,台南市,33.530,29.850,31.970,33.180,35.240,34.650,33.670,32.770,33.330,33.330,33.470,35.150,35.760
93,白米零售,軟秈,台北市,35.490,32.500,34.200,35.000,36.060,36.670,36.670,36.240,35.000,35.000,35.160,36.670,36.670
93,白米零售,軟秈,高雄市,33.620,30.020,31.850,32.900,35.460,33.560,33.330,33.330,33.330,33.330,33.940,36.130,36.230
94,白米零售,軟秈,新北市,36.020,35.830,35.830,35.830,35.830,35.830,35.830,35.830,35.830,35.830,36.370,36.670,36.670
94,白米零售,軟秈,宜蘭縣,35.700,36.670,36.670,35.860,35.000,35.000,35.000,35.000,35.000,35.000,35.810,36.670,36.670
94,白米零售,軟秈,桃園市,35.000,35.000,35.000,35.000,35.000,35.000,35.000,35.000,35.000,35.000,35.000,35.000,35.000
94,白米零售,軟秈,台中縣,35.210,35.700,35.700,35.700,35.700,35.700,35.700,33.490,33.670,34.110,35.610,35.700,35.700
94,白米零售,軟秈,彰化縣,36.270,37.140,37.140,37.140,37.140,37.140,36.100,34.290,34.290,35.000,36.630,36.140,37.140
94,白米零售,軟秈,南投縣,35.470,35.700,35.700,35.700,35.700,35.700,34.630,34.320,34.300,34.950,35.700,36.040,37.140
94,白米零售,軟秈,台南縣,36.090,36.030,36.080,36.050,36.000,35.790,35.140,35.830,36.230,36.230,36.320,36.670,36.670
94,白米零售,軟秈,高雄縣,36.230,36.230,36.230,36.230,36.230,36.230,36.230,36.230,36.230,36.230,36.230,36.230,36.230
94,白米零售,軟秈,屏東縣,36.230,36.230,36.230,36.230,36.230,36.230,36.230,36.230,36.230,36.230,36.230,36.230,36.230
94,白米零售,軟秈,台中市,35.220,35.700,35.700,35.700,35.700,35.700,34.390,33.850,34.300,34.630,35.610,35.700,35.700
94,白米零售,軟秈,台南市,36.090,36.030,36.080,36.050,36.000,35.790,35.140,35.830,36.230,36.230,36.320,36.670,36.670
94,白米零售,軟秈,台北市,37.070,36.670,36.670,36.670,36.670,36.670,36.670,36.670,36.670,36.810,38.040,38.330,38.330
94,白米零售,軟秈,高雄市,36.230,36.230,36.230,36.230,36.230,36.230,36.230,36.230,36.230,36.230,36.230,36.230,36.230
95,白米零售,軟秈,新北市,36.670,36.670,36.670,36.670,36.670,36.670,36.670,36.670,36.670,36.670,36.670,36.670,36.670
95,白米零售,軟秈,宜蘭縣,35.440,36.130,36.670,36.630,36.670,35.000,33.330,33.330,33.330,34.440,36.450,36.670,36.670
95,白米零售,軟秈,桃園市,35.000,35.000,35.000,35.000,35.000,35.000,35.000,35.000,35.000,35.000,35.000,35.000,35.000
95,白米零售,軟秈,台中縣,35.700,35.700,35.700,35.700,35.700,35.700,35.700,35.700,35.700,35.700,35.700,35.700,35.700
95,白米零售,軟秈,彰化縣,35.650,37.140,37.140,37.140,36.810,35.710,35.710,35.710,35.530,34.290,34.290,34.290,34.070
95,白米零售,軟秈,南投縣,34.800,37.140,37.140,37.140,34.530,32.860,33.720,34.290,34.290,34.290,34.290,33.960,33.980
95,白米零售,軟秈,台南縣,35.690,36.670,36.670,36.530,35.200,35.200,35.200,35.200,35.200,35.200,35.250,36.000,36.000
95,白米零售,軟秈,高雄縣,36.230,36.230,36.230,36.230,36.230,36.230,36.230,36.230,36.230,36.230,36.230,36.230,36.230
95,白米零售,軟秈,屏東縣,36.230,36.230,36.230,36.230,36.230,36.230,36.230,36.230,36.230,36.230,36.230,36.230,36.230
95,白米零售,軟秈,台中市,35.700,35.700,35.700,35.700,35.700,35.700,35.700,35.700,35.700,35.700,35.700,35.700,35.700
95,白米零售,軟秈,台南市,35.890,36.670,36.670,36.570,35.790,36.000,35.980,35.150,35.250,35.300,35.350,36.000,36.000
95,白米零售,軟秈,台北市,38.340,38.330,38.330,38.330,38.330,38.410,38.330,38.330,38.330,38.330,38.330,38.330,38.330
95,白米零售,軟秈,高雄市,36.230,36.230,36.230,36.230,36.230,36.230,36.230,36.230,36.230,36.230,36.230,36.230,36.230
96,白米零售,軟秈,新北市,35.360,36.670,36.670,36.670,35.170,35.000,34.830,33.330,33.400,33.800,34.720,36.890,37.170
96,白米零售,軟秈,宜蘭縣,34.240,35.940,35.330,35.000,35.000,33.710,33.330,33.330,33.330,33.370,33.450,34.400,34.730
96,白米零售,軟秈,桃園市,33.480,35.000,35.000,35.000,35.000,34.780,33.330,32.580,31.020,31.680,31.820,33.140,33.360
96,白米零售,軟秈,苗栗縣,34.530,,,,,,33.330,33.380,35.000,35.000,35.000,35.000,35.000
96,白米零售,軟秈,台中縣,34.390,35.700,35.700,35.700,32.950,32.860,32.860,32.860,32.910,34.520,34.540,35.840,36.190
96,白米零售,軟秈,彰化縣,33.970,35.020,34.290,33.690,33.580,34.290,34.150,32.950,32.860,32.790,32.940,35.160,35.950
96,白米零售,軟秈,南投縣,33.920,34.290,34.290,34.290,34.290,33.870,32.340,32.310,32.890,33.720,33.730,34.930,36.120
96,白米零售,軟秈,台南縣,33.870,36.000,35.430,35.350,32.600,32.000,32.000,33.470,33.330,33.330,33.350,34.540,35.000
96,白米零售,軟秈,高雄縣,35.020,36.230,36.230,36.230,35.170,34.780,34.780,34.410,33.340,33.650,33.760,35.330,36.280
96,白米零售,軟秈,屏東縣,36.230,36.230,36.230,36.230,36.230,,,,,,,,
96,白米零售,軟秈,台中市,35.520,35.700,35.700,35.700,37.150,36.380,35.710,34.980,34.300,34.590,34.660,35.610,35.710
96,白米零售,軟秈,台南市,35.750,36.000,35.430,35.350,34.000,34.320,34.330,35.330,35.280,35.280,35.810,38.530,39.280
96,白米零售,軟秈,台北市,37.830,38.330,38.330,38.330,38.330,38.330,38.330,37.470,35.090,37.260,36.460,38.660,39.070
96,白米零售,軟秈,高雄市,34.890,36.230,36.230,36.230,35.170,34.780,34.780,34.410,33.320,33.150,33.580,34.820,36.030
97,白米零售,軟秈,新北市,39.170,37.530,38.120,39.290,39.500,39.500,39.400,39.250,39.250,39.250,39.250,39.390,40.300
97,白米零售,軟秈,宜蘭縣,37.580,35.700,36.720,37.610,38.170,38.240,38.450,37.770,37.430,37.130,37.050,37.680,39.010
97,白米零售,軟秈,桃園市,36.670,34.620,35.000,36.190,36.800,36.850,36.850,36.850,36.830,36.850,36.850,37.040,39.260
97,白米零售,軟秈,苗栗縣,39.220,35.000,36.030,38.900,39.850,39.440,40.170,41.670,41.130,40.000,40.000,,
97,白米零售,軟秈,台中縣,37.890,36.590,37.350,38.010,38.140,38.330,38.380,37.650,37.440,36.900,37.320,38.510,40.040
97,白米零售,軟秈,彰化縣,37.980,36.930,37.850,39.180,39.880,39.940,38.500,36.350,36.340,36.320,36.320,37.540,40.570
97,白米零售,軟秈,南投縣,38.080,36.480,37.020,38.650,39.010,38.970,38.790,37.860,37.600,37.630,37.340,37.690,39.940
97,白米零售,軟秈,台南縣,37.700,35.500,36.520,38.000,38.000,38.290,38.180,36.970,37.180,37.500,37.500,38.380,40.410
97,白米零售,軟秈,高雄縣,37.310,36.570,37.130,38.030,38.440,37.840,36.590,36.400,36.750,36.640,36.720,37.310,39.280
97,白米零售,軟秈,台中市,38.580,36.490,37.540,38.570,38.570,38.570,39.410,38.440,38.360,38.450,38.350,39.410,40.740
97,白米零售,軟秈,台南市,38.320,39.930,39.960,39.960,39.960,40.120,39.370,37.460,36.350,35.910,35.880,35.900,39.080
97,白米零售,軟秈,台北市,40.760,39.170,40.000,41.020,41.110,41.110,41.110,40.930,40.740,40.620,40.650,41.020,41.660
97,白米零售,軟秈,高雄市,37.360,36.500,37.140,38.260,38.570,37.930,37.070,37.020,37.060,36.700,36.640,36.640,38.810
98,白米零售,軟秈,新北市,40.840,40.460,40.500,40.550,40.740,40.740,40.960,41.000,41.000,41.090,41.170,41.060,40.860
98,白米零售,軟秈,宜蘭縣,39.830,39.940,40.500,40.600,40.600,40.710,40.710,39.380,39.250,39.050,39.050,39.050,39.170
98,白米零售,軟秈,桃園市,40.190,39.540,39.990,40.280,40.280,40.280,40.280,40.280,40.280,40.280,40.280,40.280,40.280
98,白米零售,軟秈,台中縣,39.630,40.280,40.480,40.570,40.570,40.710,40.690,39.430,38.570,38.570,38.570,38.570,38.510
98,白米零售,軟秈,彰化縣,38.510,40.820,40.830,40.480,40.100,39.960,38.510,36.960,36.900,36.860,36.940,36.810,36.900
98,白米零售,軟秈,南投縣,39.340,40.990,41.170,40.770,40.820,40.660,40.180,38.270,37.960,37.960,37.960,37.780,37.570
98,白米零售,軟秈,台南縣,39.320,40.750,40.510,40.100,40.660,40.750,39.780,38.390,38.080,38.130,38.130,38.130,38.400
98,白米零售,軟秈,高雄縣,39.500,40.140,40.430,41.030,41.110,40.960,39.970,38.910,38.330,38.400,38.270,38.140,38.290
98,白米零售,軟秈,台中市,40.430,41.600,41.870,41.650,41.100,41.230,40.630,40.000,39.400,39.400,39.400,39.430,39.390
98,白米零售,軟秈,台南市,39.230,40.030,40.190,40.190,40.420,40.510,39.780,38.390,38.070,38.380,38.310,38.190,38.350
98,白米零售,軟秈,台北市,41.610,41.820,41.850,42.010,42.040,42.040,41.930,41.370,41.250,41.210,41.300,41.180,41.320
98,白米零售,軟秈,高雄市,39.240,39.700,39.670,39.820,40.600,40.450,40.080,38.340,38.120,38.590,38.380,38.280,38.800
99,白米零售,軟秈,新北市,40.970,41.090,41.340,41.340,41.340,41.340,41.310,41.170,41.160,40.830,40.740,40.010,40.000
99,白米零售,軟秈,宜蘭縣,38.690,39.360,39.430,39.520,39.420,39.240,38.690,38.680,38.350,38.260,38.170,37.630,37.500
99,白米零售,軟秈,桃園市,39.940,40.280,40.280,40.280,40.280,40.280,40.280,40.280,39.860,39.350,39.350,39.350,39.350
99,白米零售,軟秈,台中縣,39.340,39.280,39.640,39.720,39.740,39.640,39.710,39.710,39.710,39.710,39.220,38.130,37.870
99,白米零售,軟秈,彰化縣,37.100,37.940,38.650,38.570,38.250,37.790,37.750,36.910,36.700,36.530,35.940,35.120,35.100
99,白米零售,軟秈,南投縣,37.880,38.350,38.570,38.700,38.770,38.770,38.690,37.760,37.550,37.240,37.140,36.340,36.640
99,白米零售,軟秈,台南縣,38.160,39.380,39.340,38.570,38.380,38.770,38.880,38.070,37.730,37.320,37.160,37.130,37.130
99,白米零售,軟秈,高雄縣,38.440,38.840,39.670,40.160,40.010,39.510,38.890,37.960,37.600,37.560,37.270,36.870,36.980
99,白米零售,軟秈,台中市,39.810,40.340,40.710,40.910,40.400,40.110,39.890,39.510,39.480,39.480,39.300,38.620,38.970
99,白米零售,軟秈,台南市,38.100,39.250,39.240,38.450,38.190,38.770,38.890,37.880,37.670,37.530,37.200,37.060,37.070
99,白米零售,軟秈,台北市,42.170,42.250,42.570,42.590,42.590,42.590,42.490,42.410,42.400,42.040,41.900,41.110,41.110
99,白米零售,軟秈,高雄市,38.410,39.590,39.600,39.580,39.370,39.340,38.800,38.070,37.310,37.320,37.330,37.240,37.360
100,白米零售,軟秈,新北市,40.540,40.000,40.000,40.000,40.000,40.720,40.830,40.830,40.830,40.830,40.830,40.830,40.790
100,白米零售,軟秈,宜蘭縣,37.990,37.360,36.520,36.500,36.340,38.780,38.830,38.640,38.590,38.590,38.590,38.590,38.590
100,白米零售,軟秈,桃園市,36.700,37.610,34.880,34.730,34.840,36.890,37.280,36.910,36.770,37.040,38.000,38.000,37.440
100,白米零售,軟秈,彰化縣,36.920,35.300,35.310,35.310,35.570,38.010,37.850,37.000,37.280,37.190,37.800,37.970,38.460
100,白米零售,軟秈,南投縣,37.610,36.550,36.530,36.530,36.660,38.250,38.290,37.680,37.760,38.010,38.150,37.960,38.960
100,白米零售,軟秈,台中市,38.990,38.570,38.570,38.840,38.920,39.710,39.430,38.860,38.840,38.910,38.980,38.980,39.210
100,白米零售,軟秈,台南市,38.180,37.110,37.260,37.800,37.840,38.970,38.560,37.860,38.050,38.310,38.720,38.720,38.970
100,白米零售,軟秈,台北市,41.350,41.110,41.110,41.110,41.110,41.430,41.480,41.480,41.480,41.480,41.480,41.480,41.480
100,白米零售,軟秈,高雄市,37.910,36.930,37.060,36.790,36.760,37.950,38.460,37.780,38.050,38.530,38.860,38.870,38.900
101,白米零售,軟秈,新北市,40.580,40.750,40.750,40.750,41.100,41.090,39.920,39.450,39.750,39.750,40.710,41.470,41.420
101,白米零售,軟秈,宜蘭縣,40.330,38.680,38.780,38.780,39.010,39.170,39.170,39.320,41.260,42.440,42.440,42.440,42.440
101,白米零售,軟秈,桃園市,38.390,36.850,36.760,36.780,37.630,37.960,37.960,38.010,38.150,39.960,40.210,40.190,40.190
101,白米零售,軟秈,彰化縣,40.130,39.020,39.050,39.050,39.480,39.800,38.740,39.250,41.080,41.540,41.530,41.530,41.430
101,白米零售,軟秈,南投縣,40.410,39.370,39.230,38.980,39.680,40.640,39.780,40.690,41.600,41.280,41.230,41.230,41.230
101,白米零售,軟秈,花蓮縣,58.330,,,,,,,,,,,,58.330
101,白米零售,軟秈,台中市,40.580,39.340,39.400,39.460,39.730,40.000,39.910,40.100,40.740,41.620,42.100,42.270,42.280
101,白米零售,軟秈,台南市,39.000,39.100,39.100,39.100,39.100,39.040,38.810,38.810,38.840,39.110,39.070,38.960,39.000
101,白米零售,軟秈,台北市,41.080,41.480,41.480,41.480,41.610,41.530,40.390,39.900,40.190,40.190,41.010,41.850,41.850
101,白米零售,軟秈,高雄市,39.940,38.910,38.870,38.680,39.240,39.490,39.470,39.540,40.330,40.850,41.150,41.370,41.390
102,白米零售,軟秈,新北市,41.390,41.420,41.420,41.420,41.420,41.420,41.420,41.420,41.410,41.340,41.340,41.340,41.340
102,白米零售,軟秈,宜蘭縣,42.040,42.440,42.440,42.360,42.080,41.800,41.800,41.800,41.810,41.940,41.950,41.950,42.060
102,白米零售,軟秈,桃園市,39.610,40.190,40.190,39.980,39.820,39.820,39.820,39.820,39.820,39.820,38.740,38.480,38.830
102,白米零售,軟秈,彰化縣,40.550,41.290,41.330,41.010,40.500,40.000,40.150,40.650,40.200,40.190,40.180,40.320,40.800
102,白米零售,軟秈,南投縣,41.400,41.490,41.600,41.630,41.440,41.210,41.090,41.330,41.250,41.270,41.270,41.310,41.860
102,白米零售,軟秈,台中市,42.120,42.340,42.340,42.310,41.980,41.880,41.820,42.070,42.260,42.250,42.040,41.960,42.150
102,白米零售,軟秈,台南市,39.370,39.360,39.750,39.750,39.280,39.250,39.250,39.250,39.250,39.250,39.250,39.250,39.510
102,白米零售,軟秈,台北市,41.850,41.850,41.850,41.850,41.850,41.850,41.850,41.850,41.850,41.850,41.850,41.850,41.850
102,白米零售,軟秈,高雄市,41.240,41.350,41.450,41.380,41.300,41.290,40.900,40.790,40.790,40.970,41.090,41.090,42.510
103,白米零售,軟秈,新北市,41.430,41.340,41.340,41.340,41.340,41.340,41.340,41.340,41.470,41.500,41.500,41.580,41.740
103,白米零售,軟秈,宜蘭縣,42.690,42.760,42.780,42.910,42.920,42.920,42.920,42.350,42.180,42.530,42.630,42.690,42.690
103,白米零售,軟秈,桃園市,39.330,39.040,39.090,39.410,39.410,39.410,39.410,39.410,39.410,39.410,39.410,39.410,39.130
103,白米零售,軟秈,彰化縣,40.780,40.880,41.640,42.030,41.790,41.790,41.430,40.220,39.980,39.960,39.820,39.880,39.890
103,白米零售,軟秈,南投縣,42.040,41.680,42.330,43.080,43.080,43.080,42.760,41.700,41.420,41.200,41.350,41.380,41.380
103,白米零售,軟秈,台中市,43.430,42.260,43.500,44.280,44.280,44.280,44.160,43.650,42.980,42.890,42.730,43.020,43.070
103,白米零售,軟秈,台南市,40.380,39.750,40.140,40.250,40.250,41.200,41.110,40.170,40.330,40.330,40.330,40.330,40.330
103,白米零售,軟秈,台北市,41.880,41.850,41.850,41.850,41.850,41.850,41.850,41.670,41.900,41.950,41.950,41.950,42.030
103,白米零售,軟秈,高雄市,42.190,42.570,42.800,42.960,42.880,42.720,42.480,41.690,41.610,41.840,41.660,41.520,41.600
104,白米零售,軟秈,新北市,42.470,41.650,42.080,42.220,42.330,42.430,42.620,42.670,42.670,42.670,42.670,42.670,43.010
104,白米零售,軟秈,宜蘭縣,42.730,42.590,42.800,42.950,42.950,42.930,42.920,42.730,42.580,42.580,42.580,42.580,42.580
104,白米零售,軟秈,桃園市,39.290,39.130,39.130,39.130,39.130,39.130,39.130,39.390,39.190,39.540,39.540,39.540,39.540
104,白米零售,軟秈,彰化縣,40.560,40.460,40.620,40.580,40.640,40.490,40.480,40.360,40.160,40.240,40.480,40.530,41.690
104,白米零售,軟秈,南投縣,41.340,41.360,41.410,41.430,41.430,41.430,41.370,41.230,41.110,41.070,41.070,41.170,41.990
104,白米零售,軟秈,屏東縣,42.000,,42.000,42.000,,,,,,,,,
104,白米零售,軟秈,台中市,43.010,42.960,42.870,42.850,42.860,43.150,43.060,42.900,42.870,42.840,42.800,42.800,44.100
104,白米零售,軟秈,台南市,41.100,40.330,40.330,40.330,40.330,40.330,40.330,40.510,41.580,41.750,41.750,42.090,43.500
104,白米零售,軟秈,台北市,42.260,41.970,42.040,42.090,42.130,42.170,42.290,42.380,42.400,42.400,42.400,42.400,42.400
104,白米零售,軟秈,高雄市,41.850,41.660,41.790,41.920,42.110,41.950,41.750,41.740,41.710,41.650,41.650,41.750,42.540
105,白米零售,軟秈,新北市,43.280,43.330,43.330,43.230,43.200,43.200,43.200,43.200,43.200,43.200,43.200,43.270,43.850
105,白米零售,軟秈,宜蘭縣,42.880,42.580,42.580,42.580,42.580,42.580,42.580,42.580,43.090,43.190,43.070,43.340,43.850
105,白米零售,軟秈,桃園市,39.540,39.540,39.540,39.540,39.540,39.540,39.540,39.540,39.540,39.540,39.540,39.540,39.540
105,白米零售,軟秈,彰化縣,41.760,42.350,42.300,42.000,41.920,41.860,41.860,41.880,40.670,40.720,41.040,41.620,42.940
105,白米零售,軟秈,南投縣,42.620,42.710,42.790,42.820,42.860,42.860,42.860,42.790,42.070,41.970,41.960,42.370,43.330
105,白米零售,軟秈,基隆市,43.000,,,,,,43.000,43.000,43.000,43.000,43.000,43.000,
105,白米零售,軟秈,台中市,44.130,44.350,44.350,44.480,44.580,44.770,45.300,43.610,43.040,43.040,43.180,43.800,45.110
105,白米零售,軟秈,台南市,43.880,43.690,43.830,44.250,44.250,44.250,44.250,42.680,42.330,42.330,43.740,44.330,46.580
105,白米零售,軟秈,台北市,43.090,42.400,42.610,42.850,42.910,42.910,42.910,42.930,43.130,43.190,43.270,43.360,44.620
105,白米零售,軟秈,高雄市,42.750,43.030,43.350,43.360,43.250,43.040,42.540,41.890,41.870,41.960,42.230,42.680,43.750
106,白米零售,軟秈,新北市,44.960,44.050,44.070,44.070,44.070,44.070,44.080,44.860,45.620,46.020,46.020,46.140,46.390
106,白米零售,軟秈,宜蘭縣,45.320,44.330,44.700,44.700,44.700,44.700,44.560,44.550,44.550,46.150,46.970,46.970,46.970
106,白米零售,軟秈,桃園市,39.570,39.540,39.540,39.540,39.540,39.540,39.540,39.540,39.540,39.540,39.540,39.660,39.750
106,白米零售,軟秈,彰化縣,42.850,43.080,43.190,43.040,42.960,42.520,42.180,42.290,42.740,43.040,43.040,43.040,43.060
106,白米零售,軟秈,南投縣,44.000,43.740,44.090,44.290,44.290,44.230,43.510,43.270,43.340,44.290,44.290,44.290,44.410
106,白米零售,軟秈,台中市,45.890,45.980,46.070,46.040,45.700,45.250,44.940,44.880,45.810,46.320,46.420,46.660,46.660
106,白米零售,軟秈,台南市,46.080,46.670,46.670,46.180,45.670,45.490,44.330,44.780,46.530,46.670,46.670,46.670,46.670
106,白米零售,軟秈,台北市,46.410,44.810,44.830,44.830,44.830,44.830,44.840,46.180,47.980,48.240,48.240,48.560,48.800
106,白米零售,軟秈,高雄市,44.540,44.070,44.110,43.990,43.890,43.480,43.020,43.410,45.000,46.480,46.280,45.380,45.360
107,白米零售,軟秈,新北市,47.080,46.750,47.130,47.130,47.130,47.130,47.130,47.100,47.090,47.130,47.040,47.070,47.160
107,白米零售,軟秈,宜蘭縣,46.250,46.970,46.970,46.970,46.970,47.180,47.270,47.270,45.450,45.150,45.050,44.880,44.850
107,白米零售,軟秈,桃園市,39.640,39.750,39.750,39.750,39.750,39.750,39.750,39.750,39.750,39.470,39.470,39.390,39.290
107,白米零售,軟秈,彰化縣,42.110,43.110,43.040,43.040,43.040,43.040,43.000,41.800,41.310,41.070,41.070,41.070,40.690
107,白米零售,軟秈,南投縣,44.010,44.340,44.440,44.450,44.450,44.450,44.430,44.110,43.820,43.710,43.340,43.340,43.200
107,白米零售,軟秈,台中市,46.120,46.660,46.660,46.600,46.550,46.550,46.550,46.440,45.870,45.450,45.450,45.450,45.180
107,白米零售,軟秈,台南市,46.610,46.670,46.670,46.670,46.670,46.670,46.670,46.670,46.670,46.670,46.670,46.670,45.960
107,白米零售,軟秈,台北市,48.860,48.830,48.980,48.980,48.980,48.980,48.980,48.980,48.960,48.850,48.630,48.610,48.610
107,白米零售,軟秈,高雄市,44.090,44.960,44.760,44.770,44.640,44.760,44.760,44.470,43.680,43.470,42.870,42.820,43.080
108,白米零售,軟秈,新北市,45.760,46.820,46.850,46.610,45.930,45.520,45.400,45.150,45.370,45.370,45.370,45.370,45.370
108,白米零售,軟秈,宜蘭縣,43.440,44.850,44.850,44.850,44.850,44.850,44.850,43.210,41.910,41.850,41.830,41.760,41.670
108,白米零售,軟秈,桃園市,39.210,39.290,39.290,39.200,39.020,39.020,38.640,38.770,38.720,38.690,38.690,39.990,41.170
108,白米零售,軟秈,彰化縣,38.330,40.180,40.180,39.880,39.110,39.110,39.110,37.950,37.070,36.870,36.870,36.880,36.790
108,白米零售,軟秈,南投縣,41.190,42.700,42.540,42.400,42.070,41.820,41.750,41.240,40.800,40.000,39.710,39.680,39.530
108,白米零售,軟秈,台中市,43.250,44.100,44.500,44.710,44.350,43.870,43.750,43.100,42.210,42.160,42.110,42.020,42.120
108,白米零售,軟秈,台南市,42.720,45.670,45.670,45.670,45.670,45.670,45.670,44.770,39.880,38.500,38.500,38.500,38.500
108,白米零售,軟秈,台北市,48.020,48.680,48.700,48.760,48.330,48.240,48.200,47.810,47.500,47.500,47.500,47.500,47.500
108,白米零售,軟秈,高雄市,41.450,43.070,43.000,42.910,42.610,42.220,41.100,40.550,40.620,40.790,40.500,40.210,39.870
109,白米零售,軟秈,新北市,45.220,45.370,45.370,45.370,45.410,45.280,45.090,45.090,45.090,45.090,45.090,45.090,45.320
109,白米零售,軟秈,宜蘭縣,43.200,41.670,41.670,41.670,41.670,41.670,41.670,41.670,41.670,44.130,46.950,46.950,46.950
109,白米零售,軟秈,桃園市,41.600,41.190,41.190,41.190,41.310,39.520,40.580,41.980,42.670,42.670,40.980,43.000,42.970
109,白米零售,軟秈,彰化縣,39.230,36.690,36.690,37.390,38.180,38.320,37.850,39.070,41.250,41.380,41.250,41.250,41.490
109,白米零售,軟秈,南投縣,40.930,39.460,39.230,39.210,39.240,39.520,40.150,40.840,41.750,42.420,43.020,43.020,43.250
109,白米零售,軟秈,台中市,44.560,42.410,42.390,42.520,43.350,43.660,43.370,44.660,46.540,46.360,46.440,46.380,46.630
109,白米零售,軟秈,台南市,42.300,38.500,38.500,39.440,40.000,40.000,40.730,43.390,45.000,45.000,45.000,45.250,46.820
109,白米零售,軟秈,台北市,47.380,47.500,47.500,47.500,47.440,47.320,47.320,47.320,47.320,47.320,47.320,47.320,47.320
109,白米零售,軟秈,高雄市,42.260,40.000,40.000,40.010,40.350,41.320,41.740,42.730,43.950,44.470,43.990,43.910,44.610
110,白米零售,軟秈,新北市,46.450,45.630,45.630,45.630,45.630,45.630,45.630,46.680,47.420,47.380,47.380,47.380,47.380
110,白米零售,軟秈,宜蘭縣,46.410,46.950,46.950,46.950,46.950,46.950,46.950,46.950,46.950,45.860,45.140,45.140,45.140
110,白米零售,軟秈,桃園市,42.920,42.700,41.910,41.910,41.910,42.540,43.330,43.520,43.650,43.640,43.470,43.210,43.210
110,白米零售,軟秈,彰化縣,41.930,41.670,42.100,42.490,42.500,42.500,42.450,42.250,41.430,41.430,41.430,41.430,41.430
110,白米零售,軟秈,南投縣,44.030,43.330,43.600,43.830,44.070,44.330,44.600,44.480,43.860,43.850,44.130,44.130,44.130
110,白米零售,軟秈,台中市,47.120,47.420,48.410,48.430,48.510,48.170,48.000,47.580,46.050,45.720,45.720,45.720,45.720
110,白米零售,軟秈,台南市,47.880,47.500,47.500,48.370,48.500,48.500,48.500,48.150,47.500,47.500,47.500,47.500,47.500
110,白米零售,軟秈,台北市,47.870,47.320,47.320,47.320,47.320,47.320,47.380,48.550,48.650,48.330,48.310,48.310,48.310
110,白米零售,軟秈,高雄市,46.300,44.840,45.620,46.530,46.590,46.570,46.570,46.570,46.510,46.440,46.440,46.440,46.440
111,白米零售,軟秈,新北市,47.450,47.190,47.190,47.190,47.290,47.290,47.580,47.620,47.600,47.600,47.600,47.600,47.600
111,白米零售,軟秈,宜蘭縣,45.160,45.140,45.140,45.140,45.140,45.140,45.140,45.140,45.140,45.140,45.140,45.210,45.300
111,白米零售,軟秈,桃園市,43.130,43.210,43.210,43.210,43.230,42.920,42.860,42.860,43.100,43.070,42.920,43.110,43.890
111,白米零售,軟秈,彰化縣,40.960,41.430,41.430,41.430,41.290,41.070,41.230,41.000,40.790,40.480,40.480,40.480,40.410
111,白米零售,軟秈,南投縣,44.040,44.020,44.130,44.130,44.130,44.130,44.130,44.130,44.130,44.080,43.810,43.810,43.810
111,白米零售,軟秈,台中市,45.640,46.060,46.140,46.140,46.140,46.140,46.100,45.780,45.070,45.000,45.000,45.000,45.090
111,白米零售,軟秈,台南市,47.500,47.500,47.500,47.500,47.500,47.500,47.500,47.500,47.500,47.500,47.500,47.500,47.500
111,白米零售,軟秈,台北市,49.310,48.900,48.870,48.870,49.190,48.970,49.480,49.570,49.580,49.580,49.580,49.580,49.580
111,白米零售,軟秈,高雄市,46.530,46.440,46.440,46.440,46.440,46.440,46.540,46.600,46.600,46.600,46.600,46.600,46.600
112,白米零售,軟秈,新北市,48.550,47.800,47.980,48.070,48.640,48.640,48.640,48.640,48.640,48.710,48.880,48.880,49.080
112,白米零售,軟秈,宜蘭縣,45.800,45.380,45.380,45.380,45.380,45.380,45.710,45.820,45.890,45.890,45.890,46.030,47.460
112,白米零售,軟秈,桃園市,43.950,43.890,43.890,43.890,43.890,43.890,44.000,44.000,44.000,44.000,44.000,44.000,44.000
112,白米零售,軟秈,彰化縣,40.540,39.790,39.710,39.990,40.250,40.570,40.570,40.570,40.570,40.760,40.860,41.090,41.720
112,白米零售,軟秈,南投縣,43.960,43.810,43.810,43.500,43.560,43.810,43.810,43.810,43.810,44.230,44.440,44.440,44.440
112,白米零售,軟秈,台中市,46.050,45.290,45.430,45.440,45.750,46.070,46.140,46.140,46.280,46.290,46.370,46.450,46.940
112,白米零售,軟秈,台南市,48.430,47.500,47.500,47.500,47.500,47.500,47.500,47.500,48.630,50.000,50.000,50.000,50.000
112,白米零售,軟秈,台北市,49.840,49.580,49.580,49.960,50.280,50.280,50.280,50.280,50.280,50.060,49.170,49.170,49.170
112,白米零售,軟秈,高雄市,46.600,46.600,46.600,46.600,46.600,46.600,46.600,46.600,46.600,46.600,46.600,46.600,46.600
113,白米零售,軟秈,新北市,49.160,49.500,49.490,48.670,48.670,48.620,48.510,48.210,48.410,48.880,49.170,50.170,51.640
113,白米零售,軟秈,宜蘭縣,47.760,47.500,47.500,47.610,47.640,47.600,47.220,47.100,47.660,48.060,48.060,48.250,48.880
113,白米零售,軟秈,桃園市,44.850,44.260,44.320,43.830,43.830,43.830,43.830,43.710,45.050,46.250,46.250,46.390,46.670
113,白米零售,軟秈,彰化縣,43.230,41.850,42.290,42.770,43.040,42.240,42.300,42.010,42.810,43.820,43.880,44.840,46.900
113,白米零售,軟秈,南投縣,46.360,44.770,45.870,46.400,46.450,46.190,45.680,44.560,46.440,46.850,46.910,47.340,48.910
113,白米零售,軟秈,台中市,48.130,48.570,48.850,48.850,48.850,48.850,48.720,48.090,47.070,47.000,47.000,47.490,48.260
113,白米零售,軟秈,台南市,49.790,50.000,50.000,50.000,50.000,50.000,50.000,50.000,50.000,50.000,50.000,50.000,47.530
113,白米零售,軟秈,台北市,49.850,48.910,48.890,48.890,48.890,48.890,48.890,49.050,49.440,49.440,50.280,52.800,53.790
113,白米零售,軟秈,高雄市,46.600,46.600,46.600,46.600,46.600,46.600,46.600,46.600,46.600,46.600,46.600,46.600,46.600
114,白米零售,軟秈,新北市,55.050,52.270,52.410,52.410,52.460,52.790,53.620,55.230,56.630,57.470,58.060,58.470,58.780
114,白米零售,軟秈,宜蘭縣,49.190,48.960,48.960,48.960,48.960,48.960,48.960,48.960,49.310,49.550,49.550,49.550,49.550
114,白米零售,軟秈,桃園市,52.430,46.670,47.200,48.330,48.330,51.200,52.190,53.530,54.590,56.250,56.520,57.100,57.290
114,白米零售,軟秈,彰化縣,49.790,47.960,48.020,48.060,48.060,48.060,48.060,48.990,51.330,51.330,52.350,52.650,52.650
114,白米零售,軟秈,南投縣,51.790,49.400,49.680,49.680,49.680,49.680,50.130,51.450,53.100,53.480,55.000,55.000,55.200
114,白米零售,軟秈,台中市,52.660,49.000,49.000,49.900,50.050,50.710,51.190,54.390,55.390,55.510,55.510,55.510,55.790
114,白米零售,軟秈,台南市,47.210,46.670,46.670,46.670,46.720,47.340,47.500,47.500,47.500,47.500,47.500,47.500,47.500
114,白米零售,軟秈,台北市,60.560,56.940,57.920,58.670,59.070,59.300,60.000,60.000,60.630,61.950,62.920,63.540,65.830
114,白米零售,軟秈,高雄市,46.730,46.600,46.600,46.600,46.600,46.600,46.600,46.600,46.600,46.600,46.600,46.600,48.160
115,白米零售,軟秈,新北市,58.000,58.790,58.820,59.040,59.030,59.070,57.770,55.820,55.690,,,,
115,白米零售,軟秈,宜蘭縣,49.600,49.550,49.550,49.550,49.550,49.550,49.550,49.670,49.790,,,,
115,白米零售,軟秈,桃園市,54.470,56.990,56.460,56.750,56.940,56.940,55.520,50.820,45.340,,,,
115,白米零售,軟秈,彰化縣,52.890,52.800,54.070,54.490,54.490,54.490,53.400,51.030,48.370,,,,
115,白米零售,軟秈,南投縣,55.250,55.560,56.100,56.050,56.030,56.020,55.800,54.290,52.160,,,,
115,白米零售,軟秈,台中市,57.630,56.480,56.560,57.070,57.170,58.430,58.430,58.430,58.430,,,,
115,白米零售,軟秈,台南市,47.500,47.500,47.500,47.500,47.500,47.500,47.500,47.500,47.500,,,,
115,白米零售,軟秈,台北市,64.600,65.570,64.580,64.580,64.580,64.580,64.490,64.170,64.220,,,,
115,白米零售,軟秈,高雄市,46.180,48.530,46.520,45.730,45.730,45.730,45.730,45.730,45.730,,,,
82,白米零售,圓糯,新北市,40.320,36.700,36.700,36.700,36.700,36.700,39.620,38.300,38.350,41.530,42.820,49.660,50.000
82,白米零售,圓糯,宜蘭縣,40.160,36.700,36.700,36.700,36.700,36.700,39.060,39.070,38.630,40.000,42.190,49.500,50.000
82,白米零售,圓糯,桃園市,38.190,35.000,35.000,35.000,35.000,35.000,37.170,35.000,36.040,37.980,40.680,48.080,48.300
82,白米零售,圓糯,新竹縣,38.830,36.700,36.700,36.700,36.700,36.700,37.840,35.330,36.250,38.300,39.290,47.190,48.300
82,白米零售,圓糯,苗栗縣,39.240,36.700,36.700,36.700,36.700,36.040,35.510,35.950,39.510,40.000,40.370,48.120,48.600
82,白米零售,圓糯,台中縣,39.590,35.700,35.700,35.700,35.700,35.700,40.210,35.980,38.480,40.000,42.240,49.670,50.000
82,白米零售,圓糯,彰化縣,38.820,35.700,35.700,35.700,35.700,35.700,35.700,35.700,37.290,38.600,40.620,49.380,50.000
82,白米零售,圓糯,南投縣,39.800,35.700,35.700,35.700,35.700,35.700,39.930,37.290,38.000,42.100,42.660,49.530,49.640
82,白米零售,圓糯,雲林縣,37.200,33.730,34.800,35.120,34.800,34.800,34.730,36.200,36.200,36.200,41.570,44.700,43.590
82,白米零售,圓糯,嘉義縣,37.030,35.010,34.800,34.800,34.800,34.800,33.650,33.540,35.840,36.200,39.160,46.310,45.460
82,白米零售,圓糯,台南縣,36.020,33.000,33.000,33.000,33.330,34.000,34.000,34.000,34.000,34.000,38.060,45.900,46.000
82,白米零售,圓糯,高雄縣,38.720,36.200,36.200,36.200,36.200,36.200,36.000,36.200,37.070,37.700,39.950,49.060,47.610
82,白米零售,圓糯,屏東縣,37.610,34.800,34.800,34.800,34.800,34.800,34.800,34.980,35.530,36.200,37.950,47.990,49.920
82,白米零售,圓糯,台東縣,37.480,33.300,33.510,34.800,34.800,34.800,37.190,36.200,37.650,37.700,40.190,44.590,45.000
82,白米零售,圓糯,花蓮縣,39.100,36.200,36.460,36.200,36.200,36.200,40.250,36.790,37.670,40.000,40.000,46.150,47.100
82,白米零售,圓糯,澎湖縣,39.620,36.700,36.700,36.700,36.700,36.700,36.700,35.050,38.090,41.300,42.020,48.730,50.000
82,白米零售,圓糯,基隆市,40.320,36.700,36.700,36.700,36.700,36.700,39.680,38.300,38.350,41.530,42.820,49.660,50.000
82,白米零售,圓糯,新竹市,38.500,33.300,36.090,36.700,36.700,36.700,37.840,35.330,36.250,38.300,39.290,47.190,48.300
82,白米零售,圓糯,台中市,40.420,35.700,35.700,35.700,35.700,35.700,40.980,38.880,40.950,42.900,43.170,49.670,50.000
82,白米零售,圓糯,嘉義市,37.030,35.010,34.800,34.800,34.800,34.800,33.650,33.540,35.840,36.200,39.160,46.310,45.460
82,白米零售,圓糯,台南市,37.220,35.000,35.000,35.000,35.000,35.000,35.000,34.550,35.000,35.000,38.230,46.800,47.000
82,白米零售,圓糯,台北市,40.320,36.700,36.700,36.700,36.700,36.700,39.620,38.300,38.350,41.530,42.820,49.660,50.000
82,白米零售,圓糯,高雄市,38.720,36.200,36.200,36.200,36.200,36.200,36.000,36.200,37.070,37.700,39.950,49.060,47.610
83,白米零售,圓糯,新北市,47.100,50.000,51.100,53.300,54.150,53.550,45.620,41.700,41.700,41.700,42.520,44.840,45.000
83,白米零售,圓糯,宜蘭縣,46.960,50.000,50.000,52.240,53.300,53.300,47.900,41.700,41.700,41.700,41.700,45.000,45.000
83,白米零售,圓糯,桃園市,44.730,48.300,48.440,50.000,52.040,48.610,42.130,37.730,40.820,41.700,42.010,43.250,41.700
83,白米零售,圓糯,新竹縣,45.750,48.220,48.300,49.560,51.330,53.520,47.800,41.820,41.700,41.700,41.700,41.700,41.700
83,白米零售,圓糯,苗栗縣,47.050,49.410,50.000,52.660,51.670,53.280,46.820,42.900,44.250,44.300,43.030,43.300,42.950
83,白米零售,圓糯,台中縣,46.950,50.000,50.000,50.000,51.290,54.160,47.680,42.900,42.900,42.900,42.900,42.990,45.700
83,白米零售,圓糯,彰化縣,48.440,50.000,50.000,53.620,53.790,53.340,49.430,44.800,45.700,45.700,43.440,45.700,45.700
83,白米零售,圓糯,南投縣,48.120,49.100,50.000,52.220,54.860,54.560,49.290,42.900,42.900,42.900,42.900,49.050,46.800
83,白米零售,圓糯,雲林縣,45.650,49.200,49.200,51.620,55.320,52.940,39.910,40.070,43.400,42.470,37.980,42.150,43.500
83,白米零售,圓糯,嘉義縣,43.530,46.400,49.510,50.700,52.540,51.340,43.090,36.200,38.160,38.450,37.840,39.100,38.980
83,白米零售,圓糯,台南縣,45.050,46.000,46.420,49.030,51.100,52.480,42.730,40.000,41.940,42.170,43.000,43.070,42.710
83,白米零售,圓糯,高雄縣,46.600,48.490,50.520,54.450,52.730,50.730,44.890,43.500,43.500,42.730,40.600,43.500,43.500
83,白米零售,圓糯,屏東縣,46.190,48.570,50.350,50.700,52.090,52.260,43.770,42.630,43.500,43.500,40.470,42.910,43.500
83,白米零售,圓糯,台東縣,45.820,45.000,45.000,46.100,51.900,53.370,48.020,43.400,43.400,43.400,43.400,43.400,43.400
83,白米零售,圓糯,花蓮縣,47.240,47.100,47.100,48.840,50.700,50.700,49.380,43.500,46.050,47.100,43.850,45.900,46.640
83,白米零售,圓糯,澎湖縣,49.160,50.000,50.000,55.280,57.790,57.360,51.280,44.980,44.730,45.000,43.630,44.890,45.000
83,白米零售,圓糯,基隆市,47.060,50.000,51.100,53.300,54.150,53.390,45.510,41.700,41.700,41.700,42.110,45.000,45.000
83,白米零售,圓糯,新竹市,45.750,48.220,48.300,49.560,51.330,53.520,47.800,41.820,41.700,41.700,41.700,41.700,41.700
83,白米零售,圓糯,台中市,48.700,50.000,50.000,55.500,57.100,57.010,49.300,42.900,42.900,42.900,42.900,46.820,47.100
83,白米零售,圓糯,嘉義市,43.540,46.400,49.510,50.700,52.540,51.510,43.090,36.200,38.160,38.450,37.840,39.100,38.980
83,白米零售,圓糯,台南市,45.250,47.000,47.420,49.350,51.100,52.480,42.730,40.000,41.940,42.170,43.000,43.070,42.710
83,白米零售,圓糯,台北市,47.100,50.000,51.100,53.300,54.150,53.550,45.620,41.700,41.700,41.700,42.520,44.840,45.000
83,白米零售,圓糯,高雄市,46.610,48.490,50.640,54.450,52.730,50.730,44.890,43.500,43.500,42.730,40.600,43.500,43.500
84,白米零售,圓糯,新北市,43.100,44.790,44.440,44.950,46.090,46.430,40.340,40.650,42.550,41.860,41.700,41.700,41.700
84,白米零售,圓糯,宜蘭縣,43.080,45.000,45.000,44.040,45.020,46.050,41.700,41.700,41.700,41.700,41.700,41.700,41.700
84,白米零售,圓糯,桃園市,40.970,41.700,41.700,41.700,44.790,45.350,38.810,37.940,39.670,40.000,40.000,40.000,40.000
84,白米零售,圓糯,新竹縣,40.910,41.700,41.700,41.700,44.870,45.080,38.700,37.780,39.350,40.000,40.000,40.000,40.000
84,白米零售,圓糯,苗栗縣,41.290,42.900,42.900,42.900,45.090,45.420,38.750,38.300,39.950,40.000,39.510,39.720,40.000
84,白米零售,圓糯,台中縣,41.790,43.370,42.900,42.900,46.630,45.950,41.200,37.910,39.730,40.000,40.000,40.000,40.940
84,白米零售,圓糯,彰化縣,43.160,45.700,45.700,45.700,48.140,46.970,41.740,38.220,40.000,40.000,40.000,42.900,42.900
84,白米零售,圓糯,南投縣,42.010,43.740,42.900,42.900,47.020,47.590,40.390,37.290,40.750,40.000,40.000,40.000,41.590
84,白米零售,圓糯,雲林縣,39.080,43.500,41.410,40.500,43.230,43.010,37.100,36.200,36.200,36.200,36.200,37.700,37.700
84,白米零售,圓糯,嘉義縣,38.850,39.100,39.100,39.100,45.630,43.990,36.610,36.050,37.600,37.600,36.100,37.590,37.700
84,白米零售,圓糯,台南縣,40.620,42.330,44.000,44.000,46.600,45.060,37.200,36.000,37.160,38.000,38.000,39.130,40.000
84,白米零售,圓糯,高雄縣,39.570,43.500,43.500,43.500,45.240,45.280,36.600,36.200,36.200,36.200,36.200,36.200,36.200
84,白米零售,圓糯,屏東縣,39.730,43.500,43.500,43.500,46.370,45.840,36.390,36.200,36.200,36.710,36.200,36.200,36.200
84,白米零售,圓糯,台東縣,42.510,43.400,43.400,43.400,45.820,44.810,41.330,40.320,42.500,42.340,41.700,41.130,40.000
84,白米零售,圓糯,花蓮縣,43.780,43.500,45.380,44.200,44.940,43.500,43.380,43.400,43.400,43.400,43.400,43.400,43.400
84,白米零售,圓糯,澎湖縣,42.720,45.000,45.000,45.000,46.060,48.650,42.180,40.600,39.560,40.000,40.000,40.000,40.550
84,白米零售,圓糯,基隆市,43.170,45.000,45.000,45.000,46.140,46.420,40.460,40.570,42.500,41.890,41.700,41.700,41.700
84,白米零售,圓糯,新竹市,40.910,41.700,41.700,41.700,44.870,45.080,38.700,37.780,39.350,40.000,40.000,40.000,40.000
84,白米零售,圓糯,台中市,41.920,43.600,42.900,42.900,46.630,45.950,41.200,37.910,39.730,40.000,40.000,40.000,42.250
84,白米零售,圓糯,嘉義市,38.850,39.100,39.100,39.100,45.630,43.990,36.610,36.050,37.600,37.600,36.100,37.590,37.700
84,白米零售,圓糯,台南市,40.620,42.330,44.000,44.000,46.600,45.060,37.200,36.000,37.160,38.000,38.000,39.130,40.000
84,白米零售,圓糯,台北市,43.100,44.790,44.440,44.950,46.090,46.430,40.340,40.650,42.550,41.860,41.700,41.700,41.700
84,白米零售,圓糯,高雄市,39.570,43.500,43.500,43.500,45.240,45.280,36.600,36.200,36.200,36.200,36.200,36.200,36.200
85,白米零售,圓糯,新北市,43.170,42.420,41.930,41.700,41.480,41.700,41.700,40.110,43.170,45.450,45.180,46.530,46.700
85,白米零售,圓糯,宜蘭縣,42.890,41.700,41.700,41.700,41.700,41.700,41.470,38.300,42.960,45.000,45.000,46.700,46.700
85,白米零售,圓糯,桃園市,42.010,41.270,41.700,41.700,41.190,39.450,38.300,38.300,43.040,45.000,43.350,44.600,46.260
85,白米零售,圓糯,新竹縣,41.170,41.320,40.320,40.000,39.130,39.950,37.650,38.160,41.550,44.940,43.300,43.300,44.450
85,白米零售,圓糯,苗栗縣,41.610,40.000,40.000,40.000,40.000,40.000,39.660,40.000,42.860,44.600,43.300,43.300,45.600
85,白米零售,圓糯,台中縣,42.120,42.900,42.900,42.900,42.130,40.000,40.000,39.550,41.500,42.900,42.900,42.900,44.800
85,白米零售,圓糯,彰化縣,42.830,42.900,42.900,42.900,42.900,42.620,38.600,38.600,43.780,45.050,42.900,45.140,45.700
85,白米零售,圓糯,南投縣,43.490,42.900,42.900,42.900,40.680,40.000,40.000,38.880,45.390,47.780,47.100,46.870,46.420
85,白米零售,圓糯,雲林縣,39.770,38.470,38.430,37.700,37.700,37.700,37.700,36.540,40.910,43.500,41.160,43.210,44.220
85,白米零售,圓糯,嘉義縣,39.490,37.700,37.700,37.700,37.700,37.700,37.700,37.700,41.050,42.000,42.000,42.000,42.950
85,白米零售,圓糯,台南縣,40.460,40.000,40.000,40.000,38.470,38.000,38.000,38.000,39.610,43.000,43.000,43.000,44.480
85,白米零售,圓糯,高雄縣,39.090,36.200,36.200,36.200,36.200,36.700,36.200,36.200,41.120,43.500,43.500,43.500,43.500
85,白米零售,圓糯,屏東縣,38.590,36.200,36.200,36.200,36.250,37.280,36.200,36.200,39.640,42.750,40.690,41.910,43.500
85,白米零售,圓糯,台東縣,40.060,40.000,40.000,40.000,37.210,36.200,36.200,37.940,41.950,43.500,40.680,42.920,44.080
85,白米零售,圓糯,花蓮縣,40.700,36.720,36.000,38.460,40.940,39.820,39.800,39.800,40.280,43.500,43.500,43.500,46.050
85,白米零售,圓糯,澎湖縣,41.880,41.700,41.700,41.700,41.700,41.700,41.360,38.300,40.590,43.300,43.300,43.300,43.960
85,白米零售,圓糯,基隆市,43.170,42.400,41.970,41.700,41.700,41.700,41.700,40.190,42.910,45.400,45.210,46.470,46.700
85,白米零售,圓糯,新竹市,41.730,41.540,40.320,41.150,41.160,40.970,39.500,38.570,41.550,44.940,43.300,43.300,44.450
85,白米零售,圓糯,台中市,42.690,42.900,42.900,42.900,42.900,41.120,40.000,40.000,43.320,45.610,42.900,42.900,44.800
85,白米零售,圓糯,嘉義市,39.490,37.700,37.700,37.700,37.700,37.700,37.700,37.700,41.050,42.000,42.000,42.000,42.950
85,白米零售,圓糯,台南市,40.460,40.000,40.000,40.000,38.470,38.000,38.000,38.000,39.610,43.000,43.000,43.000,44.480
85,白米零售,圓糯,台北市,43.190,42.420,41.930,41.700,41.700,41.700,41.700,40.110,43.170,45.450,45.180,46.530,46.700
85,白米零售,圓糯,高雄市,39.090,36.200,36.200,36.200,36.200,36.700,36.200,36.200,41.120,43.500,43.500,43.500,43.500
86,白米零售,圓糯,新北市,46.010,49.040,50.000,51.210,51.700,51.040,43.460,41.870,43.300,41.700,41.700,42.950,44.200
86,白米零售,圓糯,宜蘭縣,46.100,49.150,50.000,52.550,52.310,49.350,42.030,41.700,41.700,41.700,41.700,44.290,46.700
86,白米零售,圓糯,桃園市,45.190,48.930,50.000,50.000,50.000,49.410,43.960,41.650,41.480,41.700,41.700,41.700,41.700
86,白米零售,圓糯,新竹縣,44.810,46.710,48.300,49.840,50.000,48.980,44.400,41.020,41.700,41.700,41.700,41.700,41.700
86,白米零售,圓糯,苗栗縣,45.600,48.240,50.000,50.000,50.000,49.180,43.240,41.750,43.170,42.900,42.870,42.900,42.900
86,白米零售,圓糯,台中縣,45.590,45.840,50.000,50.000,50.000,50.000,43.850,42.900,42.900,42.900,42.900,42.900,42.900
86,白米零售,圓糯,彰化縣,45.180,45.700,46.110,50.000,50.000,49.440,43.460,42.900,42.900,42.900,42.900,42.900,42.900
86,白米零售,圓糯,南投縣,46.240,47.100,47.100,53.600,54.300,52.090,42.800,40.000,42.900,42.900,42.900,43.930,45.240
86,白米零售,圓糯,雲林縣,43.610,46.160,46.400,48.900,49.060,46.970,38.390,37.950,43.500,40.790,38.390,43.250,43.500
86,白米零售,圓糯,嘉義縣,42.440,45.070,46.380,46.380,48.020,46.890,39.710,39.130,39.100,39.100,38.830,40.100,40.600
86,白米零售,圓糯,台南縣,43.330,45.000,45.000,47.810,48.000,45.740,40.000,40.000,40.000,40.000,40.000,43.500,44.870
86,白米零售,圓糯,高雄縣,43.450,45.180,46.400,47.120,47.950,47.610,40.880,39.600,40.500,40.500,40.500,41.700,43.500
86,白米零售,圓糯,屏東縣,43.750,44.220,48.160,49.250,47.330,44.620,42.470,40.900,41.500,40.600,40.600,42.130,43.210
86,白米零售,圓糯,台東縣,45.070,46.420,47.100,50.150,50.470,48.110,40.170,40.900,43.500,43.500,43.500,43.500,43.500
86,白米零售,圓糯,花蓮縣,46.650,48.960,50.700,50.700,50.700,50.700,43.980,43.500,43.500,43.500,43.500,43.500,46.520
86,白米零售,圓糯,澎湖縣,44.180,45.220,46.700,47.990,48.300,48.300,43.560,40.050,41.650,41.700,41.700,41.700,43.300
86,白米零售,圓糯,基隆市,46.740,48.940,50.000,51.100,51.700,51.260,44.180,41.250,46.430,44.010,41.700,43.680,46.650
86,白米零售,圓糯,新竹市,44.820,46.710,48.300,49.840,50.000,48.980,44.400,41.050,41.700,41.700,41.700,41.700,41.700
86,白米零售,圓糯,台中市,45.590,45.840,50.000,50.000,50.000,50.000,43.850,42.900,42.900,42.900,42.900,42.900,42.900
86,白米零售,圓糯,嘉義市,42.440,45.070,46.380,46.380,48.020,46.890,39.710,39.130,39.100,39.100,38.830,40.100,40.600
86,白米零售,圓糯,台南市,43.330,45.000,45.000,47.810,48.000,45.740,40.000,40.000,40.000,40.000,40.000,43.500,44.870
86,白米零售,圓糯,台北市,46.380,49.040,50.000,51.210,51.700,51.040,43.460,41.870,46.320,43.080,41.700,42.950,44.200
86,白米零售,圓糯,高雄市,43.450,45.180,46.400,47.120,47.950,47.610,40.880,39.600,40.500,40.500,40.500,41.700,43.500
87,白米零售,圓糯,新北市,40.730,43.080,41.700,41.700,42.580,40.770,39.850,39.230,39.200,39.200,39.330,40.400,41.700
87,白米零售,圓糯,宜蘭縣,42.170,45.520,43.550,41.700,41.700,41.700,41.700,41.700,41.700,41.700,41.700,41.700,41.700
87,白米零售,圓糯,桃園市,38.850,41.700,41.700,41.700,41.700,40.290,36.700,36.700,36.700,36.700,36.700,37.340,38.300
87,白米零售,圓糯,新竹縣,38.390,41.700,41.700,41.700,41.700,41.700,38.410,35.050,35.000,35.000,35.220,36.700,36.750
87,白米零售,圓糯,苗栗縣,39.580,42.900,43.080,43.300,43.300,40.070,34.890,33.900,37.730,37.070,36.700,40.290,41.700
87,白米零售,圓糯,台中縣,39.490,42.900,42.900,42.900,42.900,42.250,40.000,39.450,35.700,35.700,35.700,36.350,37.100
87,白米零售,圓糯,彰化縣,40.370,42.900,42.900,42.900,42.900,41.120,37.710,35.700,38.340,40.000,40.000,40.000,40.000
87,白米零售,圓糯,南投縣,38.610,44.280,43.670,42.900,42.900,39.720,35.700,35.700,35.700,35.700,35.700,35.700,35.700
87,白米零售,圓糯,雲林縣,37.280,43.050,41.760,38.490,38.380,36.460,33.110,33.700,35.680,36.200,36.200,36.600,37.700
87,白米零售,圓糯,嘉義縣,36.640,40.600,40.600,40.600,37.700,36.670,33.880,33.280,34.170,34.800,34.980,36.200,36.200
87,白米零售,圓糯,台南縣,40.620,43.000,43.000,42.900,42.500,40.730,35.000,35.000,37.260,40.000,40.000,43.000,45.000
87,白米零售,圓糯,高雄縣,37.510,42.350,41.500,41.500,41.500,38.110,34.050,33.300,34.780,35.000,35.000,35.910,37.100
87,白米零售,圓糯,屏東縣,37.530,40.650,40.600,40.600,40.600,39.090,34.230,33.300,34.610,35.770,36.200,36.950,37.700
87,白米零售,圓糯,台東縣,39.580,43.500,43.500,43.500,43.500,42.940,36.330,36.200,36.200,36.200,36.200,37.200,39.660
87,白米零售,圓糯,花蓮縣,43.020,47.100,47.100,47.100,47.100,44.750,39.800,39.800,39.800,39.800,39.800,40.540,43.500
87,白米零售,圓糯,澎湖縣,38.710,43.300,43.300,42.580,41.700,41.320,37.100,35.000,35.000,35.000,35.220,36.700,38.300
87,白米零售,圓糯,基隆市,43.500,46.700,46.700,46.700,46.700,43.310,41.700,41.700,41.700,41.700,41.700,41.700,41.700
87,白米零售,圓糯,新竹市,38.390,41.700,41.700,41.700,41.700,41.700,38.410,35.050,35.000,35.000,35.220,36.700,36.750
87,白米零售,圓糯,台中市,39.490,42.900,42.900,42.900,42.900,42.250,40.000,39.450,35.700,35.700,35.700,36.350,37.100
87,白米零售,圓糯,嘉義市,36.640,40.600,40.600,40.600,37.700,36.670,33.880,33.280,34.170,34.800,34.980,36.200,36.200
87,白米零售,圓糯,台南市,40.620,43.000,43.000,42.900,42.500,40.730,35.000,35.000,37.260,40.000,40.000,43.000,45.000
87,白米零售,圓糯,台北市,40.730,43.080,41.700,41.700,42.580,40.770,39.850,39.230,39.200,39.200,39.330,40.400,41.700
87,白米零售,圓糯,高雄市,37.510,42.350,41.500,41.500,41.500,38.110,34.050,33.300,34.780,35.000,35.000,35.910,37.100
88,白米零售,圓糯,新北市,42.140,41.700,41.700,41.700,41.700,41.700,41.700,41.700,41.700,41.700,41.700,43.650,45.000
88,白米零售,圓糯,宜蘭縣,42.040,41.700,41.700,41.700,41.700,41.700,41.700,41.700,41.700,41.700,41.700,42.470,45.000
88,白米零售,圓糯,桃園市,38.980,38.300,38.300,38.300,38.300,38.300,38.300,38.300,38.300,38.300,38.300,41.400,43.300
88,白米零售,圓糯,新竹縣,39.380,39.450,40.000,40.000,38.980,38.300,38.360,38.300,38.300,38.300,38.300,40.910,43.300
88,白米零售,圓糯,苗栗縣,41.460,41.700,42.410,40.820,40.000,38.900,38.300,39.230,42.660,43.300,42.270,43.160,44.770
88,白米零售,圓糯,台中縣,39.570,39.440,40.000,40.000,40.000,40.000,40.000,39.440,37.100,37.100,37.100,41.740,42.900
88,白米零售,圓糯,彰化縣,41.140,42.430,42.900,42.900,41.350,37.660,37.100,37.660,41.310,42.900,41.400,42.220,43.890
88,白米零售,圓糯,南投縣,39.530,35.700,35.700,41.270,42.900,40.940,39.530,38.600,38.600,38.600,38.600,41.050,42.850
88,白米零售,圓糯,雲林縣,37.210,37.700,37.700,37.600,36.200,36.200,36.200,36.200,36.970,36.550,36.440,38.550,40.200
88,白米零售,圓糯,嘉義縣,37.210,36.440,37.700,37.650,36.200,36.200,36.200,36.200,36.200,36.350,37.700,38.860,40.830
88,白米零售,圓糯,台南縣,42.690,45.000,45.000,45.000,44.970,43.940,40.600,40.320,42.000,41.730,40.000,40.470,43.230
88,白米零售,圓糯,高雄縣,37.780,37.490,39.100,39.100,39.100,38.050,36.200,36.200,36.200,36.200,36.200,38.790,40.690
88,白米零售,圓糯,屏東縣,38.250,37.930,39.100,39.100,38.210,37.590,36.780,36.200,36.200,36.200,39.100,40.480,42.100
88,白米零售,圓糯,台東縣,40.660,41.350,43.500,43.500,43.500,43.500,41.030,37.590,36.200,36.200,36.660,41.400,43.500
88,白米零售,圓糯,花蓮縣,42.160,43.500,43.500,43.500,43.500,43.500,43.140,39.900,39.900,40.380,40.360,41.250,43.500
88,白米零售,圓糯,澎湖縣,40.730,38.570,41.420,41.700,41.700,41.700,40.910,40.000,40.000,40.000,40.000,40.340,42.470
88,白米零售,圓糯,基隆市,42.580,41.700,41.700,41.700,41.700,41.700,41.700,41.700,41.700,41.700,41.700,43.910,50.000
88,白米零售,圓糯,新竹市,38.520,39.450,40.000,40.000,38.980,38.300,36.390,36.250,36.700,36.700,36.700,39.510,43.300
88,白米零售,圓糯,台中市,40.420,39.440,40.000,40.000,40.000,40.000,40.000,40.000,40.000,40.000,40.000,42.710,42.900
88,白米零售,圓糯,嘉義市,37.210,36.440,37.700,37.650,36.200,36.200,36.200,36.200,36.200,36.350,37.700,38.860,40.830
88,白米零售,圓糯,台南市,42.690,45.000,45.000,45.000,44.970,43.940,40.600,41.610,42.000,41.730,40.000,40.470,42.000
88,白米零售,圓糯,台北市,42.140,41.700,41.700,41.700,41.700,41.700,41.700,41.700,41.700,41.700,41.700,43.650,45.000
88,白米零售,圓糯,高雄市,37.770,37.490,39.100,39.100,39.100,38.050,36.200,36.200,36.200,36.200,36.200,38.790,40.650
89,白米零售,圓糯,新北市,53.000,51.350,56.400,58.300,66.170,72.490,53.600,49.130,46.700,46.020,45.000,44.210,46.570
89,白米零售,圓糯,宜蘭縣,53.800,50.480,54.880,58.330,69.710,77.020,56.200,47.390,46.470,46.440,46.110,45.950,46.590
89,白米零售,圓糯,桃園市,51.350,49.040,52.760,55.000,65.500,72.420,55.920,45.970,45.000,45.000,45.000,42.580,42.060
89,白米零售,圓糯,新竹縣,50.350,47.950,52.120,55.110,64.900,72.200,49.220,45.000,45.000,43.980,43.300,42.700,42.720
89,白米零售,圓糯,苗栗縣,50.550,48.390,51.770,55.000,62.460,72.900,53.940,46.570,45.000,42.770,42.680,41.810,43.260
89,白米零售,圓糯,台中縣,51.550,47.940,54.830,57.100,66.790,72.520,54.040,46.530,45.700,44.110,42.900,42.900,43.260
89,白米零售,圓糯,彰化縣,52.580,49.430,53.580,60.000,67.230,72.240,56.880,50.000,46.530,43.830,42.900,42.900,45.430
89,白米零售,圓糯,南投縣,50.530,48.620,53.180,57.100,61.420,66.240,53.560,47.640,45.610,42.900,43.030,42.900,44.160
89,白米零售,圓糯,雲林縣,49.150,47.910,53.420,53.620,62.060,70.560,47.240,43.470,43.470,43.470,40.760,40.570,43.190
89,白米零售,圓糯,嘉義縣,48.260,44.100,48.900,51.000,61.510,70.020,48.040,43.470,43.470,43.470,42.070,40.570,42.540
89,白米零售,圓糯,台南縣,49.010,44.840,47.930,48.060,57.130,63.710,54.700,50.450,45.900,43.000,43.770,43.800,44.810
89,白米零售,圓糯,高雄縣,48.760,43.210,48.100,52.560,57.490,65.350,49.880,50.000,44.970,43.500,43.500,43.500,43.060
89,白米零售,圓糯,屏東縣,49.990,46.360,52.310,55.100,62.040,67.640,50.240,50.700,44.890,42.240,43.220,42.440,42.660
89,白米零售,圓糯,台東縣,50.000,44.350,49.090,51.890,59.170,68.460,55.300,45.630,45.700,45.660,45.270,44.480,44.980
89,白米零售,圓糯,花蓮縣,50.610,46.040,50.000,51.980,63.340,70.580,51.810,47.100,46.290,45.230,45.000,45.000,45.000
89,白米零售,圓糯,澎湖縣,50.380,44.450,50.000,53.300,61.090,68.790,55.870,48.710,45.000,44.090,43.300,44.940,45.000
89,白米零售,圓糯,基隆市,53.020,50.000,53.590,58.000,63.500,71.130,55.490,50.000,50.000,46.830,45.000,45.000,47.740
89,白米零售,圓糯,新竹市,50.440,47.950,52.130,57.060,64.790,72.200,48.440,45.000,45.000,43.980,43.300,42.700,42.720
89,白米零售,圓糯,台中市,51.690,47.940,54.830,57.100,66.790,72.520,54.040,46.530,45.700,44.110,42.900,42.900,44.950
89,白米零售,圓糯,嘉義市,48.340,44.100,48.900,51.000,61.510,70.020,48.040,43.470,43.470,43.470,42.070,40.570,43.440
89,白米零售,圓糯,台南市,49.000,44.840,47.930,48.060,57.130,63.710,54.700,50.350,45.900,43.000,43.770,43.800,44.810
89,白米零售,圓糯,台北市,52.990,51.350,56.400,58.300,66.170,72.490,53.600,49.130,46.700,46.020,45.000,44.150,46.570
89,白米零售,圓糯,高雄市,48.760,43.210,48.100,52.560,57.490,65.350,49.880,50.000,44.970,43.500,43.500,43.500,43.060
90,白米零售,圓糯,新北市,42.200,45.380,45.000,43.750,41.670,41.670,41.450,40.000,38.610,38.340,40.810,45.000,44.670
90,白米零售,圓糯,宜蘭縣,43.200,46.900,46.260,44.890,42.790,42.460,41.590,40.600,40.560,40.490,41.580,45.710,44.620
90,白米零售,圓糯,桃園市,39.580,40.380,39.200,39.200,38.570,37.660,37.230,38.300,38.300,38.300,39.990,43.900,43.900
90,白米零售,圓糯,新竹縣,39.610,42.220,41.700,41.370,38.000,37.580,37.560,38.330,36.720,37.060,39.510,43.330,41.880
90,白米零售,圓糯,苗栗縣,40.650,41.480,40.690,40.520,40.500,39.880,38.720,38.790,39.780,38.300,40.920,45.000,43.270
90,白米零售,圓糯,台中縣,41.970,42.900,42.900,42.900,42.900,40.840,40.000,40.000,40.000,40.000,42.330,45.930,42.900
90,白米零售,圓糯,彰化縣,41.500,43.710,42.900,41.400,40.480,40.750,39.710,39.160,39.720,37.100,40.840,46.910,45.340
90,白米零售,圓糯,南投縣,39.640,43.220,42.900,41.310,39.300,38.550,35.700,35.700,35.700,35.700,38.060,45.050,44.440
90,白米零售,圓糯,雲林縣,38.730,41.510,43.500,39.280,36.230,35.390,35.700,36.200,36.200,36.200,38.090,43.400,43.030
90,白米零售,圓糯,嘉義縣,38.100,38.010,38.920,39.130,36.710,36.440,36.160,36.700,36.230,36.470,38.660,42.030,41.780
90,白米零售,圓糯,台南縣,39.020,42.290,42.000,41.740,38.020,36.850,37.000,36.940,36.410,35.750,38.250,41.470,41.500
90,白米零售,圓糯,高雄縣,38.460,40.970,41.950,41.810,37.700,35.900,36.200,36.200,35.420,35.640,37.290,41.180,41.300
90,白米零售,圓糯,屏東縣,38.620,40.600,42.880,38.080,36.600,36.590,36.200,36.200,36.200,36.200,37.430,43.250,43.260
90,白米零售,圓糯,台東縣,42.100,44.900,44.230,43.790,43.200,41.490,40.220,40.000,40.000,40.000,40.710,43.210,43.500
90,白米零售,圓糯,花蓮縣,42.010,45.000,45.000,45.000,42.770,40.320,40.000,40.000,40.000,39.770,39.520,43.230,43.500
90,白米零售,圓糯,澎湖縣,42.490,45.000,45.000,44.780,41.970,41.700,41.420,40.000,40.000,40.000,40.330,44.660,45.000
90,白米零售,圓糯,基隆市,46.310,50.000,50.000,50.000,50.000,47.310,41.670,41.670,41.670,41.670,41.670,50.000,50.000
90,白米零售,圓糯,新竹市,39.480,42.220,41.700,41.370,39.200,38.070,36.670,36.990,36.720,37.060,39.430,42.500,41.780
90,白米零售,圓糯,台中市,42.020,42.900,42.900,42.900,42.900,41.220,40.000,40.000,40.000,40.000,42.610,45.930,42.900
90,白米零售,圓糯,嘉義市,38.110,38.070,38.920,39.130,36.710,36.440,36.160,36.700,36.230,36.470,38.660,42.030,41.770
90,白米零售,圓糯,台南市,39.020,42.290,42.000,41.740,38.020,36.850,37.000,36.940,36.410,35.750,38.250,41.470,41.500
90,白米零售,圓糯,台北市,42.200,45.380,45.000,43.750,41.670,41.670,41.450,40.000,38.610,38.340,40.810,45.000,44.670
90,白米零售,圓糯,高雄市,38.460,40.970,41.950,41.810,37.700,35.900,36.200,36.200,35.420,35.640,37.290,41.180,41.300
91,白米零售,圓糯,新北市,40.140,44.050,43.090,41.830,41.670,41.670,40.940,40.000,39.410,38.330,37.530,36.670,36.510
91,白米零售,圓糯,宜蘭縣,40.310,42.910,43.090,42.140,41.560,41.480,40.990,41.040,40.720,39.420,37.930,36.620,35.860
91,白米零售,圓糯,桃園市,37.840,41.960,41.660,40.210,40.200,38.540,35.930,35.930,35.930,35.930,35.930,35.930,35.930
91,白米零售,圓糯,新竹縣,37.870,41.670,41.670,41.520,40.000,39.170,37.140,37.260,37.040,35.840,34.660,34.440,34.050
91,白米零售,圓糯,苗栗縣,38.250,42.780,43.300,40.700,41.640,39.340,38.300,36.700,36.700,36.250,35.800,34.130,33.300
91,白米零售,圓糯,台中縣,38.180,42.900,42.180,40.000,40.000,39.160,37.100,37.100,36.870,35.700,35.700,35.700,35.700
91,白米零售,圓糯,彰化縣,38.360,42.900,42.900,40.470,41.350,41.780,36.660,35.700,35.700,35.700,35.700,35.700,35.700
91,白米零售,圓糯,南投縣,37.140,40.750,40.000,40.000,40.000,39.720,35.790,35.800,35.740,35.700,35.700,34.090,32.440
91,白米零售,圓糯,雲林縣,36.990,40.600,40.600,40.600,40.600,39.190,36.230,36.210,36.200,33.710,33.330,33.330,33.330
91,白米零售,圓糯,嘉義縣,34.720,40.850,39.740,37.890,37.540,34.830,34.020,34.130,34.370,31.000,29.470,30.920,31.880
91,白米零售,圓糯,台南縣,37.040,41.500,41.500,39.100,39.370,37.680,36.870,37.090,35.630,34.710,33.900,33.900,33.180
91,白米零售,圓糯,高雄縣,36.260,41.350,40.730,39.440,39.900,38.300,34.800,34.800,35.300,34.110,32.630,31.880,31.900
91,白米零售,圓糯,屏東縣,36.490,41.370,40.750,40.600,40.600,39.790,35.000,34.700,34.700,34.090,32.530,31.900,31.900
91,白米零售,圓糯,台東縣,40.730,43.500,43.500,42.690,42.220,41.880,40.270,39.850,39.850,39.390,38.790,38.400,38.400
91,白米零售,圓糯,花蓮縣,39.220,43.500,43.500,41.940,41.000,40.550,39.600,37.890,37.170,36.960,36.470,36.100,36.000
91,白米零售,圓糯,澎湖縣,38.180,43.680,43.300,42.060,41.700,39.890,36.770,36.660,36.660,36.270,34.520,33.330,33.330
91,白米零售,圓糯,基隆市,42.490,50.000,43.160,41.670,41.670,41.670,41.670,41.670,41.670,41.670,41.670,41.670,41.670
91,白米零售,圓糯,新竹市,37.390,41.670,41.670,41.690,41.700,39.460,35.650,35.250,35.730,35.670,34.220,32.990,32.940
91,白米零售,圓糯,台中市,38.600,42.900,42.900,41.030,41.260,41.220,37.100,37.100,36.870,35.700,35.700,35.700,35.700
91,白米零售,圓糯,嘉義市,34.720,40.850,39.740,37.890,37.540,34.830,34.020,34.130,34.370,31.000,29.470,30.920,31.880
91,白米零售,圓糯,台南市,37.040,41.500,41.500,39.100,39.370,37.680,36.870,37.090,35.630,34.710,33.900,33.900,33.180
91,白米零售,圓糯,台北市,40.140,44.050,43.090,41.830,41.670,41.670,40.940,40.000,39.420,38.330,37.530,36.670,36.510
91,白米零售,圓糯,高雄市,36.260,41.350,40.730,39.440,39.900,38.300,34.800,34.800,35.300,34.110,32.630,31.880,31.900
92,白米零售,圓糯,新北市,34.790,35.830,35.830,35.830,36.280,35.490,33.390,33.330,33.330,33.720,33.760,35.000,35.630
92,白米零售,圓糯,宜蘭縣,34.040,34.620,34.380,34.690,33.930,33.760,32.340,33.230,33.330,33.330,33.330,34.780,36.780
92,白米零售,圓糯,桃園市,33.070,35.610,33.480,33.480,33.480,32.580,32.270,32.270,32.270,32.270,32.410,33.330,33.330
92,白米零售,圓糯,新竹縣,32.170,33.810,33.660,32.270,31.010,31.900,31.900,31.650,31.190,31.190,31.190,32.250,34.050
92,白米零售,圓糯,苗栗縣,32.940,33.300,33.300,33.300,33.300,33.300,32.660,31.700,31.700,31.700,31.700,33.600,35.670
92,白米零售,圓糯,台中縣,32.370,33.530,32.900,32.380,31.430,31.430,31.430,31.430,31.430,31.430,31.430,33.860,35.710
92,白米零售,圓糯,彰化縣,33.920,35.700,35.700,35.700,35.700,32.990,32.650,31.400,31.400,31.400,31.680,35.560,37.100
92,白米零售,圓糯,南投縣,32.410,31.430,32.320,32.900,32.900,32.900,32.900,32.900,32.340,30.000,29.770,32.900,35.700
92,白米零售,圓糯,雲林縣,33.080,33.330,35.180,36.200,35.540,33.540,32.130,31.900,31.900,31.130,30.030,32.740,33.300
92,白米零售,圓糯,嘉義縣,32.010,31.880,31.880,31.880,31.880,31.880,31.880,31.790,31.880,31.880,31.440,32.480,33.330
92,白米零售,圓糯,台南縣,32.080,31.920,32.290,32.900,32.900,32.550,31.900,31.500,31.500,31.400,30.410,32.570,33.090
92,白米零售,圓糯,高雄縣,32.420,31.900,32.750,33.300,33.300,32.490,31.900,31.900,31.900,31.900,31.900,32.500,33.330
92,白米零售,圓糯,屏東縣,32.580,31.900,32.800,33.300,32.650,31.900,31.900,31.900,31.900,31.900,31.900,32.810,36.150
92,白米零售,圓糯,台東縣,35.630,37.340,37.030,36.710,36.630,36.040,35.440,34.420,34.420,34.420,34.420,34.840,35.800
92,白米零售,圓糯,花蓮縣,34.330,36.000,36.000,35.320,35.000,33.970,33.780,33.780,33.570,33.190,33.190,33.330,34.770
92,白米零售,圓糯,澎湖縣,34.180,34.520,35.000,35.000,35.000,35.000,33.780,33.670,33.140,33.300,33.300,33.470,35.000
92,白米零售,圓糯,基隆市,35.450,38.930,36.670,36.670,36.670,36.670,33.550,33.330,33.330,33.330,33.920,35.670,36.670
92,白米零售,圓糯,新竹市,32.540,33.330,33.150,32.330,32.090,32.000,32.000,32.000,32.000,32.000,32.000,32.930,34.670
92,白米零售,圓糯,台中市,34.080,33.530,32.900,32.900,33.180,34.280,34.280,34.280,34.280,34.280,34.280,35.090,35.710
92,白米零售,圓糯,嘉義市,32.010,31.880,31.880,31.880,31.880,31.880,31.880,31.790,31.880,31.880,31.440,32.480,33.330
92,白米零售,圓糯,台南市,32.080,31.920,32.290,32.900,32.900,32.550,31.900,31.500,31.500,31.400,30.410,32.570,33.090
92,白米零售,圓糯,台北市,34.940,35.830,35.830,35.830,36.280,35.490,33.390,33.330,33.330,34.110,34.080,35.280,36.480
92,白米零售,圓糯,高雄市,32.420,31.900,32.750,33.300,33.300,32.490,31.900,31.900,31.900,31.900,31.900,32.500,33.330
93,白米零售,圓糯,新北市,42.440,35.830,35.830,35.880,45.830,48.330,47.110,42.230,41.670,41.670,42.070,46.170,46.670
93,白米零售,圓糯,宜蘭縣,43.730,36.670,36.670,37.960,48.610,50.000,47.950,41.670,41.670,41.670,42.910,49.780,49.140
93,白米零售,圓糯,桃園市,41.040,33.330,33.330,33.980,46.220,47.960,44.170,41.670,41.670,41.670,41.830,43.330,43.330
93,白米零售,圓糯,新竹縣,41.680,34.050,34.850,35.760,45.350,49.140,46.850,43.660,41.760,40.840,40.970,43.870,43.000
93,白米零售,圓糯,苗栗縣,41.330,35.830,35.830,35.990,47.560,48.280,42.410,40.270,40.000,40.000,41.840,44.660,43.300
93,白米零售,圓糯,台中縣,41.010,35.710,35.710,35.710,47.520,48.890,44.300,39.180,37.140,37.140,39.450,45.700,45.700
93,白米零售,圓糯,彰化縣,41.020,37.100,37.100,37.100,46.590,47.100,45.220,37.280,37.320,37.150,38.940,45.610,45.700
93,白米零售,圓糯,南投縣,40.220,35.700,35.700,35.700,44.800,49.450,44.350,37.000,37.000,37.000,39.390,42.860,43.680
93,白米零售,圓糯,雲林縣,39.450,33.300,36.100,35.250,45.080,48.370,41.690,36.230,36.230,36.230,38.430,43.050,43.480
93,白米零售,圓糯,嘉義縣,39.000,33.330,33.880,34.820,46.230,44.860,39.830,36.400,36.980,36.280,38.210,43.700,43.480
93,白米零售,圓糯,台南縣,39.260,33.040,33.530,34.520,45.140,44.600,39.570,37.090,37.570,39.270,39.850,43.470,43.470
93,白米零售,圓糯,高雄縣,38.880,33.330,33.330,35.390,45.510,44.080,39.420,36.420,36.230,36.620,39.270,43.470,43.470
93,白米零售,圓糯,屏東縣,39.290,36.200,36.200,36.200,46.850,44.690,38.940,36.230,36.230,36.230,36.930,43.290,43.480
93,白米零售,圓糯,台東縣,42.130,35.810,36.160,36.230,45.550,47.580,43.470,43.470,42.370,41.920,42.300,45.070,45.590
93,白米零售,圓糯,花蓮縣,40.820,35.000,35.310,35.550,45.580,46.440,41.280,40.000,40.000,40.000,40.840,44.850,45.000
93,白米零售,圓糯,澎湖縣,40.250,36.040,34.040,34.360,43.770,46.820,43.130,38.550,37.530,38.300,39.400,44.390,46.670
93,白米零售,圓糯,基隆市,43.490,36.670,40.120,41.670,47.780,48.600,46.610,41.670,41.670,41.670,42.070,46.670,46.670
93,白米零售,圓糯,新竹市,41.750,34.670,35.790,37.000,45.070,48.280,46.450,43.330,41.730,40.830,41.010,43.870,43.000
93,白米零售,圓糯,台中市,41.750,35.710,35.800,35.790,47.520,48.890,44.300,41.030,40.000,40.000,40.560,45.700,45.700
93,白米零售,圓糯,嘉義市,39.000,33.330,33.880,34.820,46.230,44.860,39.830,36.400,36.980,36.280,38.210,43.700,43.480
93,白米零售,圓糯,台南市,39.260,33.040,33.530,34.520,45.140,44.600,39.570,37.090,37.570,39.270,39.850,43.470,43.470
93,白米零售,圓糯,台北市,42.760,36.670,36.670,36.720,46.050,48.330,47.580,42.420,41.670,41.670,42.070,46.610,46.670
93,白米零售,圓糯,高雄市,38.880,33.330,33.330,35.390,45.510,44.080,39.420,36.420,36.230,36.620,39.270,43.470,43.470
94,白米零售,圓糯,新北市,45.730,46.670,46.670,46.670,46.670,46.670,45.390,45.000,45.000,45.000,45.000,45.000,45.000
94,白米零售,圓糯,宜蘭縣,45.540,46.670,46.670,46.670,48.110,50.000,46.670,44.570,41.670,41.670,41.990,45.170,46.670
94,白米零售,圓糯,桃園市,42.660,43.330,43.330,43.330,44.330,45.210,44.440,38.710,40.000,40.000,42.630,43.330,43.330
94,白米零售,圓糯,新竹縣,42.800,43.000,43.000,43.000,44.800,45.000,43.600,39.770,41.080,40.800,42.280,43.290,43.990
94,白米零售,圓糯,苗栗縣,43.090,43.300,43.660,45.000,46.700,45.440,41.970,39.030,40.000,40.500,42.630,43.890,45.000
94,白米零售,圓糯,台中縣,42.240,45.700,45.700,43.080,42.900,42.900,39.420,39.630,40.000,40.000,41.780,42.900,42.900
94,白米零售,圓糯,彰化縣,44.050,45.700,45.700,44.240,47.000,47.140,43.860,42.860,42.860,41.720,41.850,42.860,42.860
94,白米零售,圓糯,南投縣,43.460,45.700,45.700,45.880,45.850,45.710,43.530,39.250,38.570,39.330,41.850,44.480,45.710
94,白米零售,圓糯,雲林縣,41.860,43.480,43.480,42.360,43.480,43.480,40.390,37.680,39.410,39.130,42.450,43.480,43.480
94,白米零售,圓糯,嘉義縣,42.330,43.480,43.480,43.480,43.480,43.620,40.400,40.110,40.580,40.580,41.790,43.480,43.480
94,白米零售,圓糯,台南縣,42.600,43.470,43.470,43.470,43.470,44.530,41.550,40.580,40.580,40.870,42.230,43.480,43.480
94,白米零售,圓糯,高雄縣,41.970,43.470,43.470,42.820,43.480,42.400,39.130,39.130,39.880,40.760,42.190,43.480,43.480
94,白米零售,圓糯,屏東縣,42.010,43.480,43.480,43.480,43.480,42.540,39.130,39.130,40.580,40.580,41.280,43.430,43.480
94,白米零售,圓糯,台東縣,45.490,45.590,45.590,45.590,46.090,46.010,45.280,45.280,45.280,45.280,45.280,45.280,45.280
94,白米零售,圓糯,花蓮縣,45.000,45.000,45.000,45.000,45.000,45.000,45.000,45.000,45.000,45.000,45.000,45.000,45.000
94,白米零售,圓糯,澎湖縣,42.750,46.670,46.670,45.060,42.390,44.300,39.940,37.640,41.670,41.670,41.670,42.440,42.900
94,白米零售,圓糯,基隆市,44.710,46.670,46.670,46.670,46.670,46.670,44.280,41.670,41.670,41.670,43.820,45.000,45.000
94,白米零售,圓糯,新竹市,42.820,43.000,43.000,43.000,44.800,44.840,43.570,39.840,41.090,40.900,42.380,43.360,44.010
94,白米零售,圓糯,台中市,42.650,45.700,45.700,45.700,45.700,45.070,37.490,38.720,40.000,40.000,41.960,42.900,42.900
94,白米零售,圓糯,嘉義市,42.330,43.480,43.480,43.480,43.480,43.620,40.400,40.110,40.580,40.580,41.790,43.480,43.480
94,白米零售,圓糯,台南市,42.600,43.470,43.470,43.470,43.470,44.530,41.550,40.580,40.580,40.870,42.230,43.480,43.480
94,白米零售,圓糯,台北市,46.750,46.670,46.670,46.670,46.670,46.670,46.670,46.670,46.670,46.670,46.670,46.670,47.580
94,白米零售,圓糯,高雄市,41.970,43.470,43.470,42.820,43.480,42.400,39.130,39.130,39.880,40.760,42.190,43.480,43.480
95,白米零售,圓糯,新北市,43.210,45.000,45.000,45.000,44.670,42.690,42.500,42.500,42.500,42.500,42.500,42.030,41.670
95,白米零售,圓糯,宜蘭縣,42.610,46.670,46.670,44.900,41.670,41.670,41.670,41.670,41.670,41.670,41.670,40.970,40.380
95,白米零售,圓糯,桃園市,41.620,43.330,43.330,43.330,42.000,41.620,40.830,40.830,40.830,40.830,40.830,40.830,40.830
95,白米零售,圓糯,新竹縣,41.020,43.570,42.910,43.120,40.000,40.000,40.000,40.000,40.640,40.830,40.830,40.330,40.000
95,白米零售,圓糯,苗栗縣,41.320,45.000,44.450,43.300,41.930,40.800,40.000,40.110,40.200,40.000,40.000,40.000,40.000
95,白米零售,圓糯,台中縣,41.240,42.900,42.900,42.900,42.900,42.900,40.390,40.000,40.000,40.000,40.000,40.000,40.000
95,白米零售,圓糯,彰化縣,43.390,42.860,45.200,45.710,45.050,42.860,42.860,42.860,42.860,42.860,42.680,42.860,42.040
95,白米零售,圓糯,南投縣,42.270,45.710,45.710,45.710,42.760,42.580,42.860,42.210,40.000,40.000,40.000,40.270,39.390
95,白米零售,圓糯,雲林縣,39.910,43.480,43.480,43.480,43.480,41.230,37.680,37.680,37.680,37.680,37.680,37.680,37.680
95,白米零售,圓糯,嘉義縣,41.050,43.480,43.480,43.100,42.500,41.510,39.710,39.130,39.930,40.580,40.290,39.810,39.130
95,白米零售,圓糯,台南縣,41.370,43.480,43.480,41.610,39.030,42.060,41.960,41.600,40.550,38.330,40.360,42.000,42.000
95,白米零售,圓糯,高雄縣,41.310,43.480,43.480,43.010,42.030,42.030,40.580,40.580,40.580,40.580,40.580,39.710,39.130
95,白米零售,圓糯,屏東縣,41.590,43.480,43.480,43.480,42.610,41.940,40.580,40.580,40.580,40.580,40.580,40.580,40.580
95,白米零售,圓糯,台東縣,44.700,45.280,45.280,45.280,45.280,44.610,44.380,44.380,44.380,44.380,44.380,44.380,44.380
95,白米零售,圓糯,花蓮縣,44.790,45.040,45.100,45.100,45.100,44.690,44.630,44.630,44.630,44.630,44.630,44.630,44.630
95,白米零售,圓糯,澎湖縣,42.140,45.000,45.000,44.410,43.330,42.120,40.830,40.830,40.830,40.830,40.830,40.830,40.830
95,白米零售,圓糯,基隆市,43.200,45.000,45.000,45.000,44.670,42.690,42.500,42.500,42.500,42.500,42.500,41.840,41.670
95,白米零售,圓糯,新竹市,41.520,44.100,44.100,43.940,41.660,41.660,40.000,40.000,40.640,40.830,40.830,40.530,40.000
95,白米零售,圓糯,台中市,41.240,42.900,42.900,42.900,42.900,42.900,40.390,40.000,40.000,40.000,40.000,40.000,40.000
95,白米零售,圓糯,嘉義市,41.060,43.480,43.480,43.100,42.520,41.510,39.710,39.130,39.930,40.580,40.290,39.810,39.130
95,白米零售,圓糯,台南市,41.520,43.480,43.480,41.640,40.290,42.660,42.430,41.670,39.880,38.330,40.410,42.000,42.000
95,白米零售,圓糯,台北市,44.850,48.330,48.330,48.170,46.340,43.710,43.330,43.330,43.330,43.330,43.330,43.330,43.330
95,白米零售,圓糯,高雄市,41.310,43.480,43.480,43.010,42.030,42.030,40.580,40.580,40.580,40.580,40.580,39.710,39.130
96,白米零售,圓糯,新北市,40.440,41.670,41.670,41.670,40.560,40.000,40.170,40.970,39.480,38.720,39.050,40.530,40.830
96,白米零售,圓糯,宜蘭縣,39.140,39.830,39.830,39.830,39.040,38.050,38.330,38.330,38.340,38.410,38.500,40.530,40.640
96,白米零售,圓糯,桃園市,39.150,40.830,40.830,40.830,40.030,39.950,38.330,38.330,36.780,36.630,37.100,40.030,40.130
96,白米零售,圓糯,新竹縣,38.480,40.000,40.000,39.890,38.940,37.210,36.670,36.670,36.890,37.490,37.460,40.190,40.390
96,白米零售,圓糯,苗栗縣,38.570,40.000,40.000,40.000,40.000,40.000,38.220,35.970,35.050,36.640,37.060,39.860,40.030
96,白米零售,圓糯,台中縣,39.160,40.000,40.000,40.000,40.000,40.000,40.000,37.320,37.150,37.380,37.580,40.000,40.480
96,白米零售,圓糯,彰化縣,38.360,39.540,40.000,38.800,37.140,36.910,37.140,37.140,37.080,37.640,37.390,40.550,40.950
96,白米零售,圓糯,南投縣,37.910,39.230,40.000,38.990,36.190,35.710,35.710,35.710,35.770,37.720,38.080,40.760,41.070
96,白米零售,圓糯,雲林縣,37.560,37.680,37.680,37.680,37.680,37.350,36.230,36.230,36.250,36.720,37.290,39.750,40.130
96,白米零售,圓糯,嘉義縣,38.330,39.130,39.130,39.130,36.130,38.400,40.280,36.730,38.490,35.890,36.730,40.130,39.790
96,白米零售,圓糯,台南縣,38.900,42.000,40.050,38.940,37.500,37.880,37.800,37.800,37.750,37.520,37.730,40.640,41.210
96,白米零售,圓糯,高雄縣,38.030,39.130,39.130,39.130,38.070,37.680,37.680,36.280,36.250,36.710,36.830,39.280,40.210
96,白米零售,圓糯,屏東縣,37.510,40.580,39.860,39.130,35.220,35.580,36.230,36.230,36.230,36.230,36.210,39.390,39.210
96,白米零售,圓糯,台東縣,43.770,44.380,44.380,44.380,44.380,44.320,43.470,43.470,43.480,43.440,43.200,43.190,43.190
96,白米零售,圓糯,花蓮縣,44.150,44.630,44.630,44.630,44.630,44.300,44.170,44.080,43.750,43.750,43.750,43.750,43.750
96,白米零售,圓糯,澎湖縣,39.280,40.830,40.830,40.830,40.830,40.830,41.550,36.980,36.660,36.660,36.740,39.080,39.530
96,白米零售,圓糯,基隆市,41.570,41.670,41.670,41.670,41.670,41.670,41.670,41.670,41.620,40.430,40.220,42.490,42.340
96,白米零售,圓糯,新竹市,38.270,40.000,40.000,40.000,40.000,37.370,36.670,36.700,36.610,36.230,37.020,39.250,39.340
96,白米零售,圓糯,台中市,40.040,40.000,40.000,40.000,40.870,40.000,40.000,40.000,39.950,38.370,38.250,41.430,41.630
96,白米零售,圓糯,嘉義市,37.430,39.130,39.130,39.130,37.700,37.550,33.330,34.770,35.310,36.920,37.370,39.400,39.450
96,白米零售,圓糯,台南市,38.660,42.000,40.050,38.940,37.770,37.710,38.720,36.020,35.830,35.830,36.880,41.010,43.200
96,白米零售,圓糯,台北市,42.330,43.330,43.330,43.330,42.940,41.670,41.670,41.670,41.660,41.050,41.110,42.880,43.330
96,白米零售,圓糯,高雄市,37.950,39.130,39.130,39.130,38.070,37.680,37.680,36.280,36.230,36.560,36.730,38.990,39.820
97,白米零售,圓糯,新北市,42.060,41.270,41.810,42.130,42.790,43.140,41.740,41.260,41.330,41.330,41.600,42.430,43.900
97,白米零售,圓糯,宜蘭縣,42.620,40.730,41.210,41.900,43.270,43.830,43.640,42.990,42.850,42.470,42.440,42.610,43.490
97,白米零售,圓糯,桃園市,40.520,40.000,40.320,41.170,41.220,41.320,40.770,39.660,39.590,39.620,39.620,40.260,42.690
97,白米零售,圓糯,新竹縣,41.320,40.330,40.690,41.200,42.670,42.870,41.500,40.200,40.240,40.730,40.790,41.190,43.390
97,白米零售,圓糯,苗栗縣,41.250,39.940,40.480,41.500,42.210,42.380,40.820,40.150,40.260,40.170,40.490,42.060,44.550
97,白米零售,圓糯,台中縣,41.950,40.880,41.760,42.830,42.860,42.810,42.330,40.900,40.240,40.640,40.800,41.670,45.650
97,白米零售,圓糯,彰化縣,41.560,41.310,41.590,42.530,44.400,45.000,41.840,39.860,39.330,39.140,39.420,40.270,44.050
97,白米零售,圓糯,南投縣,41.930,41.070,41.120,43.080,44.030,44.080,42.300,40.870,40.730,40.610,40.360,40.500,44.430
97,白米零售,圓糯,雲林縣,41.300,40.340,40.510,41.710,42.020,41.690,40.710,40.590,40.890,40.680,41.340,41.510,43.650
97,白米零售,圓糯,嘉義縣,41.480,40.460,41.480,42.080,42.010,41.690,40.900,40.330,39.280,41.910,41.910,42.120,43.550
97,白米零售,圓糯,台南縣,41.900,41.520,41.660,42.310,41.710,41.940,41.450,39.990,41.390,42.170,42.170,42.110,44.360
97,白米零售,圓糯,高雄縣,41.080,40.890,41.260,42.260,42.190,41.960,40.830,39.640,39.350,39.340,40.140,41.390,43.720
97,白米零售,圓糯,屏東縣,41.110,40.230,40.580,42.500,42.950,42.360,39.810,39.340,39.900,40.060,40.390,41.140,44.070
97,白米零售,圓糯,台東縣,45.890,44.230,44.700,44.700,44.760,46.300,45.730,45.350,45.420,45.660,46.000,46.070,51.710
97,白米零售,圓糯,花蓮縣,44.360,43.660,43.530,43.740,43.930,45.220,44.300,42.910,44.300,44.520,44.240,44.980,46.950
97,白米零售,圓糯,澎湖縣,42.090,40.700,41.660,41.930,41.960,43.440,43.910,42.620,42.280,41.710,41.360,41.970,41.500
97,白米零售,圓糯,基隆市,42.780,42.190,42.410,42.630,42.880,44.020,43.460,42.530,42.090,42.090,42.090,43.020,43.930
97,白米零售,圓糯,新竹市,41.640,39.140,39.800,42.000,43.120,43.130,41.260,40.550,41.780,41.510,42.090,42.210,43.120
97,白米零售,圓糯,台中市,43.690,42.230,42.860,43.730,44.550,44.380,43.030,42.600,41.750,43.710,44.050,42.960,48.430
97,白米零售,圓糯,嘉義市,41.180,40.560,41.700,42.350,42.160,41.630,40.930,40.330,40.010,40.110,40.240,40.730,43.400
97,白米零售,圓糯,台南市,42.500,43.770,43.730,44.030,43.500,43.740,43.330,40.930,40.640,40.810,40.810,40.890,43.790
97,白米零售,圓糯,台北市,43.580,43.390,43.500,44.050,44.420,44.500,44.250,43.620,42.860,42.650,42.620,43.160,43.910
97,白米零售,圓糯,高雄市,40.620,40.040,40.250,41.550,42.030,41.900,40.830,39.830,38.950,38.570,39.470,40.980,43.080
98,白米零售,圓糯,新北市,44.880,44.290,44.400,44.500,44.500,44.580,44.500,44.400,44.370,45.170,45.840,45.840,46.160
98,白米零售,圓糯,宜蘭縣,44.070,44.370,44.540,44.650,44.620,44.620,44.620,43.150,43.140,43.720,43.720,43.730,44.010
98,白米零售,圓糯,桃園市,43.340,43.000,43.000,43.000,43.000,43.000,43.000,42.960,42.950,43.480,44.170,44.170,44.380
98,白米零售,圓糯,新竹縣,43.760,44.640,44.730,43.960,42.530,42.450,42.600,42.870,42.780,44.330,44.770,44.330,45.150
98,白米零售,圓糯,苗栗縣,43.760,44.760,44.570,43.670,42.550,42.770,42.220,42.130,42.410,45.130,45.140,44.660,45.120
98,白米零售,圓糯,台中縣,44.050,46.140,45.610,45.380,45.120,45.020,42.960,42.030,41.780,43.000,43.290,43.490,44.790
98,白米零售,圓糯,彰化縣,43.730,45.100,44.860,44.380,44.090,42.620,43.430,43.140,42.860,43.130,43.430,43.430,44.270
98,白米零售,圓糯,南投縣,44.160,45.910,45.670,45.080,44.560,44.010,43.420,43.220,43.270,43.370,43.570,43.570,44.210
98,白米零售,圓糯,雲林縣,42.460,43.990,43.720,42.070,41.990,41.860,41.670,40.660,40.940,42.530,43.200,42.670,44.270
98,白米零售,圓糯,嘉義縣,43.270,44.750,43.560,42.880,42.880,41.870,41.650,41.450,41.530,44.270,44.990,44.240,45.190
98,白米零售,圓糯,台南縣,43.230,45.250,44.860,43.140,42.940,42.290,41.600,41.500,41.530,43.560,43.750,43.750,44.590
98,白米零售,圓糯,高雄縣,43.010,45.040,44.920,44.520,42.880,42.280,42.000,40.810,41.260,42.900,43.450,42.920,43.170
98,白米零售,圓糯,屏東縣,43.200,44.330,44.430,44.000,43.630,42.420,41.940,41.870,41.870,41.870,44.160,43.960,43.940
98,白米零售,圓糯,台東縣,48.480,51.220,49.540,49.110,48.740,47.950,46.550,46.650,47.300,48.190,48.620,48.860,49.010
98,白米零售,圓糯,花蓮縣,46.180,46.690,46.730,46.720,46.570,46.210,44.390,44.880,45.200,46.510,46.680,46.780,46.810
98,白米零售,圓糯,澎湖縣,42.590,42.080,42.510,43.530,43.930,43.900,42.240,41.660,41.660,41.950,42.210,42.300,43.150
98,白米零售,圓糯,基隆市,44.670,44.210,44.390,44.560,44.570,44.370,43.790,43.750,43.800,45.200,45.770,45.630,46.000
98,白米零售,圓糯,新竹市,43.710,44.030,44.490,44.180,43.040,42.450,42.350,42.500,42.500,43.990,44.910,44.980,45.040
98,白米零售,圓糯,台中市,47.540,49.290,49.290,49.230,49.010,48.160,46.900,46.820,45.710,46.110,46.420,46.700,46.810
98,白米零售,圓糯,嘉義市,42.060,44.250,43.210,43.190,42.560,41.840,40.350,40.210,40.730,41.200,41.660,42.470,43.060
98,白米零售,圓糯,台南市,43.160,44.610,44.500,43.140,42.930,42.400,41.760,41.670,41.670,43.480,43.670,43.670,44.380
98,白米零售,圓糯,台北市,44.990,44.390,44.510,44.570,44.570,44.620,44.590,44.630,44.650,45.370,45.930,45.930,46.120
98,白米零售,圓糯,高雄市,43.180,44.240,44.280,43.560,42.490,42.030,41.990,41.480,41.680,43.400,44.040,44.140,44.870
99,白米零售,圓糯,新北市,48.650,47.900,48.330,48.330,48.330,48.510,48.900,48.650,48.940,49.000,48.970,48.650,49.320
99,白米零售,圓糯,宜蘭縣,47.590,45.050,45.900,47.440,47.440,47.410,47.950,47.950,48.440,48.460,48.360,47.780,48.940
99,白米零售,圓糯,桃園市,46.560,46.400,47.120,47.120,47.120,47.120,47.120,47.120,46.420,45.760,45.760,45.840,45.850
99,白米零售,圓糯,新竹縣,46.400,46.790,47.840,47.240,46.530,46.110,46.470,46.460,46.540,46.620,46.370,44.140,45.680
99,白米零售,圓糯,苗栗縣,46.360,46.860,47.350,47.340,46.730,46.570,46.500,46.500,46.500,46.500,46.080,44.190,45.200
99,白米零售,圓糯,台中縣,47.430,46.720,48.160,48.320,48.510,48.700,48.530,47.380,47.380,47.380,47.380,44.580,46.110
99,白米零售,圓糯,彰化縣,47.770,47.330,48.000,48.000,47.440,46.750,47.710,47.710,47.760,48.000,48.000,48.000,48.500
99,白米零售,圓糯,南投縣,47.640,48.000,48.920,48.920,48.570,48.500,48.060,46.930,46.600,46.610,46.610,46.470,47.450
99,白米零售,圓糯,雲林縣,45.400,46.410,46.240,45.250,44.700,44.490,43.750,45.130,45.470,46.380,45.100,44.840,47.010
99,白米零售,圓糯,嘉義縣,45.860,47.310,47.610,46.270,46.770,47.070,46.520,46.300,45.290,44.890,43.890,43.360,45.080
99,白米零售,圓糯,台南縣,45.850,46.280,47.130,46.150,46.000,46.320,46.420,45.690,45.810,45.620,44.800,43.970,45.950
99,白米零售,圓糯,高雄縣,45.810,45.280,46.940,47.090,46.930,46.400,45.210,44.850,45.310,45.490,45.580,44.280,46.400
99,白米零售,圓糯,屏東縣,45.700,45.820,46.650,46.650,46.650,46.670,44.990,45.040,45.660,45.660,44.970,43.830,45.820
99,白米零售,圓糯,台東縣,50.720,50.020,50.200,50.310,50.810,51.730,50.260,50.560,51.460,51.180,51.270,50.590,50.250
99,白米零售,圓糯,花蓮縣,48.490,48.150,49.120,49.170,49.170,48.680,48.350,48.180,48.070,47.890,48.220,48.410,48.420
99,白米零售,圓糯,澎湖縣,46.160,44.730,45.870,45.850,44.840,44.580,45.030,44.380,46.170,46.280,46.570,48.090,51.540
99,白米零售,圓糯,基隆市,48.820,47.990,48.140,48.120,48.120,48.940,49.570,49.380,49.380,49.380,49.280,48.420,49.160
99,白米零售,圓糯,新竹市,47.080,47.100,48.370,48.150,47.710,47.410,47.020,46.790,46.690,46.460,46.390,45.840,47.010
99,白米零售,圓糯,台中市,48.900,48.730,50.000,50.000,49.490,49.390,48.840,48.160,48.710,48.770,48.630,47.280,48.820
99,白米零售,圓糯,嘉義市,46.160,44.810,45.510,45.710,45.640,45.540,45.960,45.270,46.660,47.330,47.030,47.020,47.490
99,白米零售,圓糯,台南市,45.900,46.300,47.150,46.270,46.090,46.220,46.430,45.490,45.700,45.640,45.050,44.320,46.160
99,白米零售,圓糯,台北市,49.440,48.110,49.070,49.070,49.070,49.340,49.940,49.810,49.810,49.810,49.760,49.330,50.180
99,白米零售,圓糯,高雄市,45.690,46.190,46.340,46.320,46.010,46.130,45.170,44.750,45.200,45.460,45.340,45.230,46.180
100,白米零售,圓糯,新北市,49.240,49.330,49.330,49.330,49.330,49.570,49.400,49.170,49.170,49.170,49.170,49.170,48.780
100,白米零售,圓糯,宜蘭縣,47.500,48.640,47.360,47.170,46.970,49.850,49.850,49.090,48.020,46.150,45.970,45.720,45.190
100,白米零售,圓糯,桃園市,42.620,44.450,43.500,43.500,43.560,45.170,44.550,41.390,41.050,41.140,41.170,41.030,40.970
100,白米零售,圓糯,新竹縣,44.390,45.520,45.080,45.240,45.610,47.410,45.920,44.480,42.900,42.630,42.620,42.620,42.620
100,白米零售,圓糯,苗栗縣,44.080,45.140,44.910,44.730,45.080,47.650,45.510,43.460,42.600,42.480,42.480,42.480,42.480
100,白米零售,圓糯,彰化縣,46.280,48.110,48.000,48.000,48.490,51.100,50.810,45.680,43.020,42.860,43.140,43.340,42.860
100,白米零售,圓糯,南投縣,46.900,47.190,47.140,47.090,47.000,49.790,48.660,47.550,46.750,45.510,45.510,45.470,45.100
100,白米零售,圓糯,雲林縣,45.360,46.130,46.220,46.150,46.160,50.890,47.200,44.140,43.850,44.280,43.570,43.480,42.230
100,白米零售,圓糯,嘉義縣,43.190,45.550,44.990,44.810,44.880,47.020,43.500,41.630,40.220,41.340,41.420,41.420,41.550
100,白米零售,圓糯,屏東縣,44.760,46.230,46.250,46.210,45.890,46.980,46.230,43.830,43.650,43.390,43.290,42.580,42.580
100,白米零售,圓糯,台東縣,51.360,50.970,52.900,52.430,52.380,54.250,51.530,50.310,50.310,50.310,50.310,50.310,50.310
100,白米零售,圓糯,花蓮縣,48.720,48.200,48.570,48.040,48.050,49.800,49.350,49.270,49.120,48.820,48.730,48.460,48.210
100,白米零售,圓糯,澎湖縣,50.270,51.310,51.150,50.840,50.770,51.300,50.130,49.690,50.000,49.730,49.720,49.720,48.910
100,白米零售,圓糯,基隆市,48.950,49.160,49.160,49.160,49.160,49.300,49.230,48.960,48.960,48.960,48.960,48.760,47.620
100,白米零售,圓糯,新竹市,45.110,46.420,46.040,46.280,46.520,47.710,46.340,45.780,43.570,43.210,43.130,43.130,43.130
100,白米零售,圓糯,台中市,48.230,48.240,48.240,48.420,48.790,51.480,51.060,48.770,47.400,47.020,46.810,46.280,46.260
100,白米零售,圓糯,嘉義市,44.980,47.020,47.130,46.510,46.310,46.910,46.460,44.360,43.350,42.720,42.960,43.060,42.970
100,白米零售,圓糯,台南市,44.670,46.160,46.000,46.000,46.040,47.420,46.030,43.600,43.330,42.860,42.860,42.860,42.860
100,白米零售,圓糯,台北市,49.860,50.190,50.190,50.190,50.190,50.190,50.100,49.810,49.810,49.810,49.810,49.350,48.700
100,白米零售,圓糯,高雄市,44.230,45.640,45.270,45.580,45.470,46.580,46.010,43.410,42.870,42.800,42.560,42.140,42.400
101,白米零售,圓糯,新北市,47.020,48.500,48.500,48.500,48.660,48.180,47.240,45.830,45.830,45.830,45.830,45.740,45.580
101,白米零售,圓糯,宜蘭縣,45.380,45.140,45.140,45.140,45.140,45.140,45.140,45.100,45.570,45.760,45.760,45.760,45.760
101,白米零售,圓糯,桃園市,41.690,41.310,41.500,41.350,41.550,41.670,41.530,41.540,41.840,41.950,42.000,42.000,42.000
101,白米零售,圓糯,新竹縣,43.210,42.700,42.710,42.710,43.050,43.330,43.050,42.940,43.560,43.560,43.680,43.690,43.570
101,白米零售,圓糯,苗栗縣,42.550,42.480,42.480,42.480,42.670,42.790,42.650,42.550,42.550,42.550,42.460,42.440,42.440
101,白米零售,圓糯,彰化縣,42.600,42.860,42.860,42.860,42.860,42.800,42.380,42.310,42.420,42.450,42.450,42.450,42.450
101,白米零售,圓糯,南投縣,43.440,45.100,44.740,43.300,43.660,44.100,42.940,43.070,42.890,42.860,42.860,42.860,42.860
101,白米零售,圓糯,雲林縣,42.310,42.900,43.180,42.650,42.430,41.780,40.590,41.590,42.150,42.500,42.920,42.360,42.660
101,白米零售,圓糯,嘉義縣,42.510,41.830,41.830,41.780,42.470,42.500,42.230,42.320,43.010,43.050,43.050,43.050,43.050
101,白米零售,圓糯,屏東縣,42.520,42.580,42.580,42.580,42.580,42.580,42.340,42.250,42.130,42.540,42.680,42.670,42.720
101,白米零售,圓糯,台東縣,50.310,50.310,50.310,50.310,50.620,50.360,50.000,50.230,50.310,50.310,50.310,50.310,50.310
101,白米零售,圓糯,花蓮縣,48.520,47.900,47.900,47.810,49.210,49.860,47.670,46.590,48.140,49.320,49.320,49.320,49.160
101,白米零售,圓糯,澎湖縣,47.120,47.740,47.770,47.770,47.770,47.770,48.570,46.170,46.360,46.390,46.390,46.390,46.390
101,白米零售,圓糯,基隆市,45.300,46.980,46.980,46.980,47.070,46.780,45.470,44.090,44.040,43.860,43.860,43.780,43.650
101,白米零售,圓糯,新竹市,43.090,42.740,42.710,42.710,43.100,43.330,42.970,42.580,43.500,43.440,43.340,43.330,43.330
101,白米零售,圓糯,台中市,46.130,46.260,46.260,46.260,46.660,47.030,46.270,45.920,46.070,46.260,45.240,45.610,45.660
101,白米零售,圓糯,嘉義市,43.560,42.850,42.850,42.850,43.750,44.080,44.030,43.710,44.010,44.010,43.600,43.590,43.440
101,白米零售,圓糯,台南市,43.100,42.860,42.860,42.860,42.860,42.860,42.790,42.610,42.560,43.130,43.640,43.940,44.250
101,白米零售,圓糯,台北市,47.130,48.240,48.240,48.240,48.240,47.890,47.220,46.300,46.290,46.290,46.290,46.220,46.110
101,白米零售,圓糯,高雄市,42.360,42.250,41.990,41.670,42.010,42.270,41.750,41.860,42.640,42.840,42.950,43.050,43.080
102,白米零售,圓糯,新北市,45.730,45.580,45.580,45.580,45.580,45.580,45.580,45.580,45.570,45.500,45.500,45.700,47.410
102,白米零售,圓糯,宜蘭縣,45.360,45.760,45.760,45.760,45.360,44.860,44.860,44.790,44.890,45.270,45.300,45.310,46.350
102,白米零售,圓糯,桃園市,42.210,42.000,42.000,41.940,41.840,41.840,41.840,41.840,41.840,41.840,41.700,41.670,46.210
102,白米零售,圓糯,新竹縣,43.770,43.570,43.310,43.210,42.700,42.380,42.460,43.100,44.050,44.050,44.050,44.230,48.080
102,白米零售,圓糯,苗栗縣,42.980,42.440,42.440,42.440,42.440,42.440,42.440,42.440,42.440,42.440,42.440,42.680,48.670
102,白米零售,圓糯,彰化縣,43.140,42.530,42.450,42.160,42.290,41.880,41.630,42.430,43.510,43.540,43.580,44.110,47.540
102,白米零售,圓糯,南投縣,44.110,42.860,42.860,42.860,42.740,42.450,42.610,44.850,44.900,44.230,44.090,45.120,49.700
102,白米零售,圓糯,雲林縣,42.750,42.370,42.480,42.330,42.090,42.240,42.240,42.300,42.390,42.390,42.680,42.850,46.590
102,白米零售,圓糯,嘉義縣,43.980,43.050,43.050,43.050,43.640,43.820,43.820,43.820,43.820,43.820,43.820,44.350,47.740
102,白米零售,圓糯,屏東縣,42.980,42.780,42.590,42.590,42.590,42.590,42.590,42.670,42.710,42.800,42.810,42.810,46.190
102,白米零售,圓糯,台東縣,50.470,50.310,50.310,50.310,50.310,50.310,50.310,50.310,50.310,50.310,50.310,50.310,52.240
102,白米零售,圓糯,花蓮縣,48.850,49.020,49.190,49.190,49.190,49.190,48.600,48.450,48.450,48.450,48.450,48.090,49.960
102,白米零售,圓糯,澎湖縣,46.570,46.390,46.390,46.390,46.390,46.120,46.110,46.110,46.110,46.880,46.940,46.940,48.090
102,白米零售,圓糯,基隆市,43.860,43.650,43.650,43.650,43.550,43.540,43.540,43.540,43.550,43.640,43.650,43.830,46.510
102,白米零售,圓糯,新竹市,43.570,43.330,43.330,43.150,42.820,42.710,42.710,42.930,43.330,43.330,43.330,43.770,48.080
102,白米零售,圓糯,台中市,44.910,45.810,45.540,45.340,44.260,44.030,43.980,44.030,44.040,44.310,44.310,44.330,48.950
102,白米零售,圓糯,嘉義市,43.820,43.110,43.160,43.420,43.010,42.610,42.320,43.750,44.530,44.530,44.530,44.570,46.350
102,白米零售,圓糯,台南市,44.740,44.240,44.420,44.420,44.300,44.290,44.370,44.500,44.500,44.500,44.500,44.500,48.300
102,白米零售,圓糯,台北市,46.280,46.110,46.110,46.110,46.110,46.110,46.110,46.110,46.110,46.110,46.110,46.260,48.050
102,白米零售,圓糯,高雄市,43.550,43.080,43.080,43.180,43.340,43.330,42.800,42.770,43.220,43.240,43.150,43.670,47.710
103,白米零售,圓糯,新北市,49.230,47.920,47.920,48.640,48.750,48.750,48.700,48.690,49.730,50.170,50.270,50.580,50.670
103,白米零售,圓糯,宜蘭縣,50.500,50.940,51.100,51.110,51.110,51.110,51.110,49.980,49.630,49.900,50.000,50.000,50.000
103,白米零售,圓糯,桃園市,46.790,49.220,49.220,48.480,47.420,47.420,47.000,45.330,45.330,45.370,45.500,45.500,45.740
103,白米零售,圓糯,新竹縣,49.890,51.050,50.890,50.560,49.710,49.690,48.950,47.700,48.870,49.800,50.480,50.480,50.480
103,白米零售,圓糯,苗栗縣,49.030,50.220,50.240,50.240,49.290,48.570,48.510,48.330,48.050,48.210,49.020,49.160,48.530
103,白米零售,圓糯,彰化縣,49.090,48.780,49.730,50.190,50.180,50.180,49.760,47.520,47.290,48.140,49.040,49.110,49.180
103,白米零售,圓糯,南投縣,50.340,51.430,52.300,53.060,53.000,51.820,49.190,47.820,49.570,49.640,48.700,48.830,48.700
103,白米零售,圓糯,雲林縣,47.820,48.450,48.860,49.470,49.470,49.470,48.120,45.610,46.730,46.970,46.860,46.910,46.890
103,白米零售,圓糯,嘉義縣,47.020,48.570,48.570,48.570,48.570,48.570,48.240,43.590,42.850,46.030,46.900,46.900,46.900
103,白米零售,圓糯,屏東縣,48.020,47.830,48.170,48.470,48.470,48.470,48.320,47.580,47.580,47.740,47.850,47.850,47.850
103,白米零售,圓糯,台東縣,55.650,56.100,56.430,56.430,56.430,56.230,55.390,54.010,55.010,55.160,55.250,55.390,55.910
103,白米零售,圓糯,花蓮縣,52.050,51.800,52.020,52.030,51.890,51.860,51.860,51.860,51.860,51.830,51.980,52.890,52.680
103,白米零售,圓糯,澎湖縣,49.440,49.440,49.440,49.440,49.440,49.440,49.440,49.440,49.440,49.440,49.440,49.440,49.440
103,白米零售,圓糯,基隆市,48.890,47.500,47.500,48.140,48.230,48.270,48.440,48.360,49.360,50.000,50.100,50.350,50.420
103,白米零售,圓糯,新竹市,49.450,51.190,51.070,50.730,50.010,49.900,48.940,46.990,47.780,48.760,49.250,49.380,49.380
103,白米零售,圓糯,台中市,51.220,50.760,51.750,52.000,51.970,51.920,51.370,50.580,50.360,50.710,50.710,51.210,51.260
103,白米零售,圓糯,嘉義市,45.980,47.140,47.140,47.140,47.140,47.140,46.470,43.220,42.850,45.310,46.070,46.070,46.070
103,白米零售,圓糯,台南市,49.310,50.120,50.380,50.370,49.160,48.910,47.750,45.520,49.550,50.000,50.000,50.000,50.000
103,白米零售,圓糯,台北市,49.600,48.890,48.890,48.890,48.890,48.890,48.840,48.820,50.020,50.460,50.600,50.920,51.110
103,白米零售,圓糯,高雄市,49.720,49.670,50.640,50.750,50.720,50.550,49.170,48.040,48.500,49.260,49.830,49.570,49.980
104,白米零售,圓糯,新北市,52.520,50.710,51.080,51.750,52.080,52.330,52.870,53.000,53.250,53.330,53.330,53.260,53.240
104,白米零售,圓糯,宜蘭縣,51.810,50.000,50.570,51.700,52.040,52.040,51.750,51.670,51.810,52.380,52.590,52.590,52.590
104,白米零售,圓糯,桃園市,47.830,45.740,46.740,48.110,48.150,48.150,48.150,48.130,48.150,48.150,48.150,48.150,48.150
104,白米零售,圓糯,新竹縣,50.980,50.520,50.710,51.740,52.850,51.900,49.980,50.600,50.830,50.760,50.570,50.420,50.910
104,白米零售,圓糯,苗栗縣,50.490,49.830,50.400,51.540,51.760,51.370,49.890,49.800,50.490,50.210,50.200,50.200,50.230
104,白米零售,圓糯,彰化縣,50.460,50.160,50.160,50.220,50.260,50.160,50.160,50.160,50.340,50.770,50.540,50.580,52.010
104,白米零售,圓糯,南投縣,50.950,50.050,50.340,50.360,50.360,50.200,50.150,50.470,50.690,51.660,52.060,52.060,53.010
104,白米零售,圓糯,雲林縣,48.590,48.510,48.710,49.600,49.620,48.230,47.600,48.000,48.290,48.340,48.430,48.430,49.320
104,白米零售,圓糯,嘉義縣,50.320,46.900,47.090,49.980,50.000,52.040,50.880,50.680,50.870,51.310,51.010,51.000,52.080
104,白米零售,圓糯,屏東縣,49.650,47.850,47.800,49.650,50.050,50.050,50.050,50.050,50.050,50.050,50.050,50.050,50.110
104,白米零售,圓糯,台東縣,55.680,55.910,55.880,55.370,55.380,54.800,54.960,54.960,54.960,55.480,55.680,56.010,58.800
104,白米零售,圓糯,花蓮縣,53.920,52.740,52.680,53.500,54.190,54.360,53.390,54.120,54.360,54.360,54.360,54.360,54.620
104,白米零售,圓糯,澎湖縣,51.620,49.440,49.440,51.780,51.940,52.400,52.770,52.770,51.020,50.830,52.170,52.220,52.660
104,白米零售,圓糯,基隆市,52.420,50.310,50.630,51.500,51.770,52.110,52.810,52.940,53.160,53.230,53.230,53.590,53.750
104,白米零售,圓糯,新竹市,50.570,49.410,49.740,50.720,51.160,50.270,49.780,50.360,50.420,51.050,51.250,51.250,51.420
104,白米零售,圓糯,台中市,52.520,51.260,51.260,52.270,52.530,52.390,51.890,51.720,52.820,53.360,53.330,53.330,54.110
104,白米零售,圓糯,嘉義市,50.160,46.070,48.770,50.350,50.350,50.060,50.050,50.050,50.260,51.540,51.590,51.560,51.320
104,白米零售,圓糯,台南市,52.450,50.000,50.000,51.130,52.410,51.970,51.830,53.520,54.490,53.090,53.000,53.770,54.150
104,白米零售,圓糯,台北市,53.600,50.860,51.200,52.030,52.410,52.840,53.890,54.510,54.940,55.000,55.000,55.100,55.370
104,白米零售,圓糯,高雄市,51.120,49.930,49.970,51.180,51.450,51.220,50.710,50.590,51.030,51.810,52.130,51.870,51.520
105,白米零售,圓糯,新北市,51.810,53.250,53.280,53.040,52.860,52.450,51.910,51.020,50.810,50.780,50.780,50.780,50.780
105,白米零售,圓糯,宜蘭縣,50.930,52.590,52.500,51.480,51.480,51.430,51.110,51.110,50.000,50.000,49.580,49.900,50.000
105,白米零售,圓糯,桃園市,48.140,48.220,48.330,48.330,48.330,48.330,48.330,47.960,47.960,47.960,47.960,47.960,47.960
105,白米零售,圓糯,新竹縣,48.820,51.440,51.010,49.850,49.650,49.200,48.690,47.700,47.120,47.290,47.290,48.020,48.540
105,白米零售,圓糯,苗栗縣,46.550,50.310,50.810,51.220,49.190,46.980,45.010,44.090,44.020,44.020,44.020,44.120,44.760
105,白米零售,圓糯,彰化縣,49.100,52.880,51.110,49.980,49.840,49.840,49.840,49.830,48.000,47.500,46.610,46.730,47.020
105,白米零售,圓糯,南投縣,51.060,54.280,53.640,53.090,52.950,52.060,52.060,51.780,50.760,49.520,47.430,47.330,47.870
105,白米零售,圓糯,雲林縣,46.760,49.960,49.960,49.960,49.960,49.960,49.750,44.030,43.290,43.290,43.490,43.650,43.840
105,白米零售,圓糯,嘉義縣,47.040,52.160,52.080,49.760,48.150,48.330,46.200,44.250,44.170,43.960,44.850,45.030,45.490
105,白米零售,圓糯,屏東縣,49.720,50.560,50.560,50.510,50.400,50.400,49.670,49.550,49.220,49.170,47.320,48.270,50.960
105,白米零售,圓糯,台東縣,58.280,59.940,59.940,59.940,59.940,59.300,58.420,57.640,57.640,57.640,57.640,55.560,55.710
105,白米零售,圓糯,花蓮縣,55.140,54.830,54.970,54.830,55.180,56.420,56.420,56.420,54.550,54.560,54.100,54.100,55.310
105,白米零售,圓糯,澎湖縣,55.180,55.910,56.110,56.110,56.110,56.110,56.110,55.490,54.470,53.610,53.610,54.030,54.440
105,白米零售,圓糯,基隆市,51.910,53.750,54.170,53.740,53.470,53.170,52.160,50.730,50.500,50.380,50.250,50.250,50.380
105,白米零售,圓糯,新竹市,47.890,51.450,51.250,50.400,49.500,48.720,47.440,45.880,45.620,45.630,45.830,46.220,46.790
105,白米零售,圓糯,台中市,50.820,54.170,54.170,53.600,53.100,52.810,51.210,50.000,47.740,47.740,47.740,47.960,49.570
105,白米零售,圓糯,嘉義市,48.210,51.440,51.440,50.100,49.480,49.320,48.590,46.650,46.380,46.380,46.380,46.340,46.010
105,白米零售,圓糯,台南市,52.800,54.110,54.090,54.620,55.330,55.220,52.490,52.200,50.780,51.290,50.950,50.840,51.670
105,白米零售,圓糯,台北市,53.760,55.400,55.470,55.130,54.700,54.320,53.610,53.040,52.920,52.760,52.590,52.590,52.590
105,白米零售,圓糯,高雄市,49.380,52.060,52.460,51.660,51.050,50.620,49.890,47.350,46.460,46.630,47.670,48.000,48.740
106,白米零售,圓糯,新北市,50.450,50.930,51.000,50.800,50.740,50.570,50.200,50.400,50.000,50.150,50.230,50.190,50.140
106,白米零售,圓糯,宜蘭縣,50.150,50.000,50.000,50.000,50.000,50.000,50.000,50.000,50.000,50.300,50.480,50.480,50.480
106,白米零售,圓糯,桃園市,46.550,47.960,47.960,47.960,47.960,46.550,46.480,46.480,46.480,46.480,46.320,43.980,44.000
106,白米零售,圓糯,新竹縣,48.840,48.540,48.540,48.320,47.920,48.020,48.060,49.150,49.580,49.580,49.770,49.330,49.230
106,白米零售,圓糯,苗栗縣,45.220,45.220,45.220,45.220,45.220,45.220,45.220,45.220,45.220,45.220,45.220,45.220,45.220
106,白米零售,圓糯,彰化縣,47.430,47.410,47.550,47.180,47.140,47.140,46.630,47.310,47.660,47.960,47.960,48.080,47.110
106,白米零售,圓糯,南投縣,48.970,48.250,48.770,49.210,49.210,48.900,47.970,48.090,48.990,49.460,49.460,49.460,49.880
106,白米零售,圓糯,雲林縣,44.230,43.840,43.840,43.840,43.840,43.840,43.710,44.290,44.600,44.710,44.710,44.710,44.840
106,白米零售,圓糯,嘉義縣,45.640,45.510,45.110,45.170,45.100,44.630,45.370,45.970,46.160,46.160,46.160,46.160,46.230
106,白米零售,圓糯,屏東縣,49.250,51.680,51.680,51.680,49.250,47.760,47.760,47.780,48.110,48.930,48.930,48.630,48.830
106,白米零售,圓糯,台東縣,55.590,55.290,54.790,54.790,54.790,54.790,54.790,54.790,56.030,56.750,56.750,56.750,56.750
106,白米零售,圓糯,花蓮縣,55.150,55.760,55.600,55.170,55.140,55.140,55.140,55.140,54.990,54.930,54.930,54.930,54.930
106,白米零售,圓糯,澎湖縣,52.640,54.440,54.440,53.930,53.560,53.560,51.730,51.670,51.670,51.670,51.670,51.670,51.670
106,白米零售,圓糯,基隆市,51.540,50.380,50.380,50.310,50.220,50.090,50.050,51.770,53.100,53.190,53.140,53.090,52.810
106,白米零售,圓糯,新竹市,48.150,47.190,47.290,47.290,47.200,47.080,47.420,48.750,49.170,49.170,49.350,49.000,48.890
106,白米零售,圓糯,台中市,49.550,50.710,50.370,50.090,49.060,48.760,48.790,49.040,48.810,49.310,49.670,50.000,50.000
106,白米零售,圓糯,嘉義市,46.620,46.360,46.590,47.100,46.160,45.670,45.850,46.510,46.740,46.740,46.740,47.470,47.470
106,白米零售,圓糯,台南市,52.020,51.670,51.670,51.670,51.670,51.670,51.670,51.670,52.420,52.500,52.500,52.500,52.580
106,白米零售,圓糯,台北市,52.860,52.720,52.760,52.760,52.760,52.680,52.390,52.580,52.870,52.960,53.010,53.240,53.580
106,白米零售,圓糯,高雄市,48.610,48.980,49.380,49.030,47.830,47.070,47.340,48.380,49.280,50.090,49.990,47.930,47.960
107,白米零售,圓糯,新北市,49.820,50.060,49.910,49.910,49.910,49.910,49.910,49.910,49.910,49.850,49.820,49.590,49.200
107,白米零售,圓糯,宜蘭縣,49.840,50.480,50.480,50.480,50.480,50.480,50.320,50.000,49.250,49.170,49.170,48.940,48.810
107,白米零售,圓糯,桃園市,44.660,44.060,45.480,45.480,45.480,45.480,45.480,45.480,45.480,43.330,43.250,43.460,43.500
107,白米零售,圓糯,新竹縣,48.650,49.170,49.170,49.170,49.170,49.090,48.540,48.540,48.470,48.330,48.320,47.920,47.920
107,白米零售,圓糯,苗栗縣,45.500,45.220,45.220,45.220,45.270,45.630,45.630,45.630,45.630,45.630,45.630,45.630,45.630
107,白米零售,圓糯,彰化縣,44.490,45.840,45.510,45.510,45.510,45.510,45.460,44.320,43.700,43.330,43.330,43.330,42.510
107,白米零售,圓糯,南投縣,48.150,49.910,49.640,49.490,49.280,49.280,49.280,49.160,46.930,46.710,46.250,46.250,45.630
107,白米零售,圓糯,雲林縣,44.160,45.490,45.470,45.350,45.090,45.070,45.070,44.980,42.840,42.590,42.590,42.590,42.750
107,白米零售,圓糯,嘉義縣,46.030,46.280,46.280,46.280,46.280,46.280,46.280,46.270,45.990,45.990,45.760,45.700,44.970
107,白米零售,圓糯,屏東縣,48.420,48.940,49.210,49.210,49.210,49.210,49.730,49.250,48.830,47.510,47.510,46.640,45.780
107,白米零售,圓糯,台東縣,57.060,56.750,56.750,56.750,57.100,57.440,57.440,57.440,57.440,57.440,57.440,56.550,56.230
107,白米零售,圓糯,花蓮縣,55.070,54.930,54.930,54.930,54.880,54.880,54.690,55.120,55.290,55.290,55.290,55.290,55.290
107,白米零售,圓糯,澎湖縣,51.170,51.670,51.670,51.670,51.670,51.670,51.670,51.150,50.680,50.560,50.560,50.560,50.560
107,白米零售,圓糯,基隆市,52.980,52.740,52.740,53.160,53.330,53.330,53.330,53.330,53.330,53.330,52.900,52.510,51.760
107,白米零售,圓糯,新竹市,47.600,48.960,48.960,48.960,48.960,48.500,47.820,46.810,46.670,46.670,46.530,46.250,46.050
107,白米零售,圓糯,台中市,49.620,50.000,50.000,50.000,50.000,50.000,50.000,49.940,49.540,49.090,49.090,49.090,48.630
107,白米零售,圓糯,嘉義市,46.800,47.470,47.470,47.470,47.470,47.470,47.200,46.740,46.740,46.740,46.340,45.290,45.190
107,白米零售,圓糯,台南市,50.830,52.500,52.500,52.500,52.500,52.500,51.640,49.400,49.290,49.290,49.290,49.290,49.290
107,白米零售,圓糯,台北市,53.730,54.020,54.060,53.890,53.890,53.890,53.890,53.830,53.810,53.760,53.550,53.270,52.900
107,白米零售,圓糯,高雄市,47.100,47.860,47.760,47.800,47.830,47.830,47.730,47.550,46.760,46.590,46.040,45.630,45.850
108,白米零售,圓糯,新北市,48.180,48.580,48.430,48.380,48.150,47.930,47.890,48.020,48.150,48.150,48.150,48.150,48.150
108,白米零售,圓糯,宜蘭縣,49.440,48.810,48.810,48.440,48.330,48.330,48.330,49.710,50.740,50.690,50.370,50.350,50.320
108,白米零售,圓糯,桃園市,44.040,43.500,43.500,43.650,43.690,43.690,43.660,44.230,44.900,45.000,45.000,44.490,43.220
108,白米零售,圓糯,新竹縣,47.530,47.770,47.710,47.440,46.670,46.610,45.670,45.910,48.250,48.750,48.750,48.490,48.330
108,白米零售,圓糯,苗栗縣,44.100,45.630,45.630,45.630,45.630,45.200,42.780,42.780,42.780,43.130,43.330,43.330,43.330
108,白米零售,圓糯,彰化縣,43.890,41.670,41.670,41.670,41.670,41.670,41.670,44.090,45.580,46.530,46.530,46.530,47.420
108,白米零售,圓糯,南投縣,45.700,44.410,44.110,44.110,44.110,44.110,44.110,45.830,46.690,47.500,47.500,47.710,48.210
108,白米零售,圓糯,雲林縣,43.460,43.080,43.080,43.080,43.080,43.080,43.080,43.180,43.900,43.920,43.920,43.920,44.160
108,白米零售,圓糯,嘉義縣,43.760,43.090,43.090,43.090,43.090,43.090,43.090,43.850,44.520,44.540,44.540,44.540,44.540
108,白米零售,圓糯,屏東縣,45.410,45.720,45.750,45.560,45.250,45.090,44.670,44.080,45.400,45.890,45.760,45.790,45.940
108,白米零售,圓糯,台東縣,55.850,56.230,56.230,56.230,56.230,55.700,55.660,55.660,55.660,55.660,55.660,55.660,55.660
108,白米零售,圓糯,花蓮縣,55.290,55.290,55.290,55.290,55.290,55.290,55.290,55.290,55.290,55.290,55.290,55.290,55.290
108,白米零售,圓糯,澎湖縣,50.560,50.560,50.560,50.560,50.560,50.560,50.560,50.560,50.560,50.560,50.560,50.560,50.560
108,白米零售,圓糯,基隆市,50.830,51.050,50.710,50.620,50.360,50.360,50.360,50.530,51.190,51.190,51.190,51.190,51.190
108,白米零售,圓糯,新竹市,46.250,45.960,46.040,46.040,46.040,45.420,45.550,45.760,46.860,46.980,46.820,46.770,46.770
108,白米零售,圓糯,台中市,48.300,46.720,46.380,46.770,46.670,46.670,47.200,47.480,50.150,50.770,50.780,50.180,49.830
108,白米零售,圓糯,嘉義市,45.480,44.880,44.880,44.880,44.880,44.210,44.210,46.630,47.440,46.010,46.010,46.010,45.660
108,白米零售,圓糯,台南市,49.500,49.290,49.290,49.290,49.290,49.290,49.290,49.290,49.260,49.760,50.000,50.000,50.000
108,白米零售,圓糯,台北市,52.370,52.470,52.410,52.340,52.040,52.040,52.040,52.200,52.590,52.590,52.590,52.590,52.590
108,白米零售,圓糯,高雄市,46.850,45.970,45.890,45.770,45.250,44.870,44.640,45.960,48.100,49.600,49.170,48.550,48.390
109,白米零售,圓糯,新北市,48.820,48.150,48.150,48.150,48.420,48.980,48.980,48.980,48.980,48.980,48.980,48.980,50.110
109,白米零售,圓糯,宜蘭縣,50.130,50.300,50.300,50.300,50.300,50.300,50.300,50.300,50.300,50.020,49.700,49.700,49.700
109,白米零售,圓糯,桃園市,44.940,43.210,43.210,43.210,45.740,45.830,45.960,45.010,45.120,45.120,45.080,44.760,47.010
109,白米零售,圓糯,新竹縣,48.360,48.330,48.330,48.330,48.330,48.330,48.040,47.930,48.330,48.330,48.330,48.350,49.350
109,白米零售,圓糯,苗栗縣,44.980,44.250,44.570,44.570,44.630,44.760,44.760,44.760,44.760,44.760,44.760,44.760,48.430
109,白米零售,圓糯,彰化縣,47.660,47.550,47.550,47.550,47.550,48.160,46.970,47.530,47.200,47.350,47.350,47.350,49.820
109,白米零售,圓糯,南投縣,49.930,48.720,49.570,49.640,49.850,50.000,49.640,49.760,50.000,50.000,50.000,50.000,51.950
109,白米零售,圓糯,雲林縣,44.750,44.450,44.450,44.450,44.450,44.450,44.450,44.520,44.880,44.880,44.880,44.880,46.230
109,白米零售,圓糯,嘉義縣,44.910,44.540,44.540,44.540,44.890,45.120,44.540,44.820,44.870,44.870,44.870,45.000,46.360
109,白米零售,圓糯,屏東縣,46.740,45.960,45.830,46.220,47.170,47.360,47.800,47.800,46.690,45.890,45.850,45.970,48.310
109,白米零售,圓糯,台東縣,55.590,55.660,55.660,55.660,55.660,55.660,55.660,55.660,55.660,55.660,55.660,55.660,54.870
109,白米零售,圓糯,花蓮縣,55.110,55.290,55.290,55.290,55.290,55.290,55.290,55.290,55.290,55.290,55.290,55.290,53.090
109,白米零售,圓糯,澎湖縣,50.560,50.560,50.560,50.560,50.560,50.560,50.560,50.560,50.560,50.560,50.560,50.560,50.560
109,白米零售,圓糯,基隆市,51.110,51.190,51.190,50.960,50.950,50.950,50.950,50.950,50.950,50.950,50.950,51.010,52.270
109,白米零售,圓糯,新竹市,47.360,46.770,46.910,46.900,47.010,47.320,46.740,46.850,47.290,47.290,47.290,47.740,50.210
109,白米零售,圓糯,台中市,50.200,49.390,49.010,49.320,50.460,50.470,50.500,50.160,50.610,49.950,49.630,50.270,52.620
109,白米零售,圓糯,嘉義市,46.450,45.290,45.290,45.290,45.290,45.290,45.850,46.010,46.500,47.100,47.100,47.750,50.630
109,白米零售,圓糯,台南市,50.670,50.000,50.000,50.000,50.000,50.000,50.450,50.710,50.710,50.710,50.710,50.950,53.780
109,白米零售,圓糯,台北市,53.150,52.590,52.590,52.590,52.800,53.330,53.330,53.330,53.330,53.330,53.330,53.330,53.860
109,白米零售,圓糯,高雄市,48.430,47.990,47.680,47.610,48.060,48.650,48.270,48.090,48.210,48.300,48.530,48.850,50.880
110,白米零售,圓糯,新北市,52.970,52.600,53.130,53.130,53.130,53.130,53.130,53.000,52.890,52.880,52.880,52.880,52.880
110,白米零售,圓糯,宜蘭縣,49.610,49.700,49.700,49.700,49.700,49.700,49.700,49.700,49.700,49.520,49.390,49.390,49.390
110,白米零售,圓糯,桃園市,48.350,49.120,49.510,49.050,49.050,48.950,48.810,48.300,47.510,47.740,47.350,47.380,47.380
110,白米零售,圓糯,新竹縣,50.450,50.310,51.040,51.040,50.780,50.630,50.490,50.420,50.420,50.290,50.000,50.000,50.000
110,白米零售,圓糯,苗栗縣,48.910,49.220,50.790,50.790,50.450,49.560,49.240,48.920,48.780,48.770,46.970,46.740,46.740
110,白米零售,圓糯,彰化縣,50.610,53.340,52.960,53.060,53.060,52.150,52.450,52.410,51.820,48.700,45.920,45.890,45.510
110,白米零售,圓糯,南投縣,53.400,55.000,54.470,54.470,54.470,53.940,54.500,54.160,52.500,52.450,51.660,51.610,51.610
110,白米零售,圓糯,雲林縣,47.410,48.040,48.040,48.040,48.040,48.040,48.030,47.830,46.720,46.540,46.540,46.540,46.540
110,白米零售,圓糯,嘉義縣,47.900,46.360,48.270,48.270,48.080,47.980,47.980,47.980,47.980,47.980,47.980,47.980,47.980
110,白米零售,圓糯,屏東縣,50.310,49.750,50.250,50.330,50.330,50.330,50.330,50.230,50.270,50.470,50.470,50.470,50.470
110,白米零售,圓糯,台東縣,55.120,54.140,54.140,54.140,54.140,54.140,54.140,54.290,56.470,56.470,56.470,56.470,56.470
110,白米零售,圓糯,花蓮縣,53.090,53.090,53.090,53.090,53.090,53.090,53.090,53.090,53.090,53.090,53.090,53.090,53.090
110,白米零售,圓糯,澎湖縣,57.940,55.360,57.500,57.980,60.000,60.000,59.170,57.820,57.500,57.500,57.500,57.500,57.500
110,白米零售,圓糯,基隆市,53.420,53.450,53.450,53.450,53.450,53.450,53.450,53.450,53.410,53.360,53.360,53.360,53.360
110,白米零售,圓糯,新竹市,49.420,51.400,51.460,51.350,50.980,50.210,48.960,48.860,48.120,47.920,47.920,47.920,47.920
110,白米零售,圓糯,台中市,52.430,52.990,53.250,53.250,52.890,52.600,52.650,52.200,52.080,52.080,52.080,51.620,51.430
110,白米零售,圓糯,嘉義市,50.340,51.360,51.440,51.440,51.020,50.360,50.360,49.890,49.640,49.640,49.640,49.640,49.640
110,白米零售,圓糯,台南市,54.100,55.480,55.710,55.710,55.480,55.520,55.790,54.530,52.400,52.140,52.140,52.140,52.140
110,白米零售,圓糯,台北市,54.770,55.090,55.090,55.090,54.990,54.720,54.650,54.570,54.650,54.610,54.610,54.610,54.610
110,白米零售,圓糯,高雄市,51.960,51.320,51.870,52.530,52.310,52.170,52.170,52.170,51.920,51.900,51.770,51.670,51.670
111,白米零售,圓糯,新北市,52.870,52.880,52.880,52.880,52.970,53.190,52.990,52.770,52.770,52.770,52.770,52.770,52.770
111,白米零售,圓糯,宜蘭縣,49.400,49.390,49.390,49.390,49.390,49.390,49.390,49.390,49.390,49.390,49.390,49.420,49.420
111,白米零售,圓糯,桃園市,47.920,47.380,47.380,47.380,47.560,47.810,48.210,48.210,48.210,48.210,48.210,48.210,48.210
111,白米零售,圓糯,新竹縣,49.710,50.280,50.000,50.000,50.000,49.990,49.580,49.580,49.580,49.580,49.580,49.170,49.170
111,白米零售,圓糯,苗栗縣,46.990,46.740,46.740,46.740,46.740,46.740,46.740,46.740,46.890,47.330,47.480,47.480,47.510
111,白米零售,圓糯,彰化縣,47.320,46.410,46.320,45.290,45.710,46.610,46.530,46.530,46.490,48.190,50.000,50.000,49.800
111,白米零售,圓糯,南投縣,51.610,51.610,51.610,51.610,51.610,51.610,51.610,51.610,51.610,51.610,51.610,51.610,51.610
111,白米零售,圓糯,雲林縣,47.800,46.900,47.070,47.390,47.390,47.390,47.390,47.900,47.610,48.400,49.170,49.150,47.890
111,白米零售,圓糯,嘉義縣,47.950,47.980,47.980,47.580,47.980,47.980,47.980,47.980,47.980,47.980,47.980,47.980,47.980
111,白米零售,圓糯,屏東縣,50.540,50.470,50.470,50.470,50.470,50.470,50.470,50.590,50.620,50.620,50.620,50.620,50.620
111,白米零售,圓糯,台東縣,56.470,56.470,56.470,56.470,56.470,56.470,56.470,56.470,56.470,56.470,56.470,56.470,56.470
111,白米零售,圓糯,花蓮縣,53.890,53.090,53.090,54.010,54.010,54.010,54.210,54.280,53.820,54.030,54.030,54.030,54.030
111,白米零售,圓糯,澎湖縣,55.420,57.500,57.500,55.000,55.000,55.000,55.000,55.000,55.000,55.000,55.000,55.000,55.000
111,白米零售,圓糯,基隆市,53.370,53.470,53.470,53.470,53.330,53.330,53.330,53.330,53.330,53.330,53.330,53.330,53.330
111,白米零售,圓糯,新竹市,48.170,48.140,48.440,48.300,48.160,48.080,48.130,48.130,48.130,48.130,48.130,48.130,48.150
111,白米零售,圓糯,台中市,51.550,51.350,50.950,50.950,50.980,51.450,51.610,51.800,51.900,51.900,51.900,51.900,51.900
111,白米零售,圓糯,嘉義市,46.600,46.380,46.380,46.380,46.380,46.380,46.380,46.380,46.380,46.530,46.860,47.040,47.730
111,白米零售,圓糯,台南市,53.030,51.760,51.430,51.430,51.570,52.140,52.950,54.170,54.170,54.170,54.170,54.170,54.170
111,白米零售,圓糯,台北市,54.960,54.790,54.790,54.790,54.790,55.140,55.180,55.010,55.000,55.000,55.000,55.000,55.000
111,白米零售,圓糯,高雄市,52.070,51.670,51.670,51.670,51.670,51.670,51.910,51.940,52.410,52.550,52.550,52.560,52.570
112,白米零售,圓糯,新北市,53.260,52.770,52.770,52.840,53.190,53.190,53.210,53.230,53.230,53.260,53.350,53.960,54.130
112,白米零售,圓糯,宜蘭縣,49.800,49.420,49.420,49.420,49.440,49.450,49.140,49.140,49.420,49.420,49.420,50.410,53.500
112,白米零售,圓糯,桃園市,48.610,48.210,48.210,48.210,48.210,48.210,48.210,48.100,48.020,48.540,49.680,49.820,49.900
112,白米零售,圓糯,新竹縣,49.150,48.950,48.630,48.400,48.540,48.610,48.830,48.960,48.960,49.040,49.170,49.750,51.930
112,白米零售,圓糯,苗栗縣,48.190,47.670,47.670,47.670,47.670,47.800,47.840,47.840,47.840,47.840,47.960,48.540,51.970
112,白米零售,圓糯,彰化縣,49.630,49.280,49.280,49.280,49.280,49.280,49.280,49.910,50.000,50.000,50.000,50.000,50.000
112,白米零售,圓糯,南投縣,51.610,51.610,51.610,51.610,51.610,51.610,51.610,51.610,51.610,51.610,51.610,51.610,51.610
112,白米零售,圓糯,雲林縣,48.280,47.580,47.580,47.630,48.220,48.430,48.430,48.190,48.020,48.160,48.430,48.660,50.000
112,白米零售,圓糯,嘉義縣,48.150,47.980,47.980,47.980,47.980,47.980,47.980,47.980,47.980,47.980,47.980,47.980,50.000
112,白米零售,圓糯,屏東縣,50.480,50.620,50.620,50.620,50.620,50.460,50.400,50.400,50.400,50.400,50.400,50.400,50.420
112,白米零售,圓糯,台東縣,57.710,56.470,56.470,56.530,58.120,58.120,58.120,58.120,58.120,58.120,58.120,58.120,58.120
112,白米零售,圓糯,花蓮縣,54.030,54.030,54.030,54.030,54.030,54.030,54.030,54.030,54.030,54.030,54.030,54.030,54.030
112,白米零售,圓糯,澎湖縣,58.410,55.000,57.730,58.330,58.780,58.890,58.890,58.890,58.890,58.890,58.890,58.890,58.890
112,白米零售,圓糯,基隆市,52.760,53.330,53.190,52.660,52.660,52.660,52.640,52.620,52.620,52.620,52.620,52.620,52.880
112,白米零售,圓糯,新竹市,50.040,48.660,49.090,49.320,49.620,50.400,50.160,49.920,49.920,49.950,49.960,50.400,53.130
112,白米零售,圓糯,台中市,52.150,51.890,51.550,51.550,51.690,51.870,52.270,52.340,52.340,52.380,52.470,52.670,52.790
112,白米零售,圓糯,嘉義市,48.460,46.860,46.860,47.880,48.190,48.230,48.550,48.550,48.820,48.920,48.920,48.920,50.840
112,白米零售,圓糯,台南市,54.280,54.170,54.170,54.170,54.170,54.170,54.170,54.170,54.170,54.230,54.250,54.470,55.080
112,白米零售,圓糯,台北市,54.790,54.780,54.580,54.710,54.790,54.790,54.700,54.630,54.630,54.730,55.000,55.000,55.150
112,白米零售,圓糯,高雄市,52.540,52.570,52.570,52.570,52.570,52.570,52.570,52.570,52.510,52.490,52.490,52.490,52.490
113,白米零售,圓糯,新北市,55.180,54.740,54.790,54.780,54.780,54.970,55.080,55.000,55.070,55.410,55.470,55.750,56.260
113,白米零售,圓糯,宜蘭縣,54.880,53.500,53.500,54.400,54.670,54.670,54.670,54.970,54.980,55.330,55.330,55.660,56.830
113,白米零售,圓糯,桃園市,52.370,51.700,52.600,52.400,52.400,52.200,51.880,51.880,52.290,52.670,52.600,52.670,53.160
113,白米零售,圓糯,新竹縣,52.820,52.600,52.710,52.710,52.710,52.710,52.870,52.920,52.920,52.920,52.920,52.920,52.920
113,白米零售,圓糯,苗栗縣,51.690,52.350,52.350,52.260,51.980,51.950,50.960,50.290,50.670,50.740,51.190,51.910,53.670
113,白米零售,圓糯,彰化縣,50.790,50.160,50.720,51.710,51.900,50.780,50.390,50.600,50.510,50.610,50.610,50.610,50.860
113,白米零售,圓糯,南投縣,53.750,51.370,50.540,51.890,52.830,54.620,54.330,53.730,54.810,55.080,55.080,55.140,55.620
113,白米零售,圓糯,雲林縣,50.900,51.700,51.630,51.160,50.260,50.190,50.070,50.130,50.810,51.040,51.040,51.300,51.450
113,白米零售,圓糯,嘉義縣,52.440,52.210,52.460,52.460,52.460,52.460,52.460,52.460,52.460,52.460,52.460,52.460,52.460
113,白米零售,圓糯,屏東縣,50.470,50.600,50.600,50.600,50.600,50.430,50.400,50.400,50.400,50.400,50.400,50.400,50.400
113,白米零售,圓糯,台東縣,61.170,59.210,59.250,59.250,59.250,59.250,59.250,59.250,59.790,64.870,64.870,64.870,64.870
113,白米零售,圓糯,花蓮縣,54.600,54.030,54.030,54.030,54.030,54.450,54.790,54.790,54.790,54.790,54.790,54.790,55.920
113,白米零售,圓糯,澎湖縣,58.890,58.890,58.890,58.890,58.890,58.890,58.890,58.890,58.890,58.890,58.890,58.890,58.890
113,白米零售,圓糯,基隆市,55.390,53.980,54.050,54.050,54.050,54.280,54.520,54.850,55.120,55.790,56.330,58.190,59.500
113,白米零售,圓糯,新竹市,54.450,54.060,54.210,54.210,54.210,54.080,54.560,54.670,54.670,54.670,54.670,54.670,54.670
113,白米零售,圓糯,台中市,54.040,53.710,54.550,54.550,54.550,54.620,54.650,54.110,53.480,53.420,53.420,53.420,53.950
113,白米零售,圓糯,嘉義市,52.710,52.100,51.820,52.450,52.900,52.900,52.900,52.900,52.900,52.900,52.900,52.900,52.900
113,白米零售,圓糯,台南市,53.480,55.080,55.080,55.080,54.830,54.200,52.580,52.580,52.580,52.580,52.580,52.580,51.980
113,白米零售,圓糯,台北市,56.550,55.640,55.920,55.920,55.920,55.980,56.110,56.160,56.300,56.300,56.560,58.280,59.500
113,白米零售,圓糯,高雄市,52.490,52.490,52.490,52.490,52.490,52.490,52.490,52.490,52.490,52.490,52.490,52.490,52.490
114,白米零售,圓糯,新北市,58.010,57.270,57.410,57.410,57.460,57.800,57.990,57.970,58.480,58.570,58.520,58.480,58.710
114,白米零售,圓糯,宜蘭縣,56.730,56.920,56.920,56.920,56.920,56.920,56.920,56.920,56.620,56.420,56.420,56.420,56.420
114,白米零售,圓糯,桃園市,54.020,53.230,53.230,53.350,53.540,53.840,53.850,53.950,54.470,54.790,54.720,54.580,54.660
114,白米零售,圓糯,新竹縣,53.960,52.920,53.200,53.330,53.330,54.210,54.370,54.370,54.370,54.370,54.370,54.370,54.330
114,白米零售,圓糯,苗栗縣,54.060,53.670,53.670,53.660,53.480,53.480,53.570,54.010,54.460,54.460,54.460,54.460,55.380
114,白米零售,圓糯,彰化縣,52.260,51.220,51.220,51.220,51.220,51.220,51.220,51.870,53.470,53.470,53.630,53.670,53.670
114,白米零售,圓糯,南投縣,55.730,55.500,55.590,55.710,55.710,55.710,55.650,55.560,55.560,55.650,56.030,56.030,56.030
114,白米零售,圓糯,雲林縣,51.760,51.450,51.450,51.450,51.450,51.450,51.470,52.010,52.010,52.010,52.010,52.010,52.360
114,白米零售,圓糯,嘉義縣,54.660,52.460,52.460,52.460,52.460,52.460,52.460,54.210,57.390,57.390,57.390,57.390,57.390
114,白米零售,圓糯,屏東縣,50.770,50.400,50.400,50.400,50.400,50.400,50.740,50.870,50.870,50.870,50.870,50.870,52.090
114,白米零售,圓糯,台東縣,65.080,64.870,64.870,64.870,64.870,64.870,64.870,65.190,65.320,65.320,65.320,65.320,65.320
114,白米零售,圓糯,花蓮縣,57.190,56.980,56.980,56.980,56.980,56.980,56.980,57.260,57.420,57.420,57.420,57.420,57.420
114,白米零售,圓糯,澎湖縣,58.890,58.890,58.890,58.890,58.890,58.890,58.890,58.890,58.890,58.890,58.890,58.890,58.890
114,白米零售,圓糯,基隆市,63.210,61.260,61.980,62.280,62.670,62.940,63.090,63.360,63.760,64.290,64.290,64.290,64.290
114,白米零售,圓糯,新竹市,54.880,54.670,54.670,54.670,54.730,54.960,54.980,54.980,54.980,54.980,54.980,54.980,54.980
114,白米零售,圓糯,台中市,56.050,55.060,55.210,55.130,55.300,55.910,56.090,56.490,56.450,56.720,56.720,56.720,56.830
114,白米零售,圓糯,嘉義市,54.030,52.900,52.900,52.900,52.900,52.900,52.900,53.800,55.430,55.430,55.430,55.430,55.430
114,白米零售,圓糯,台南市,55.280,52.280,52.780,52.780,53.750,55.690,56.580,56.580,56.580,56.580,56.580,56.580,56.580
114,白米零售,圓糯,台北市,64.590,61.830,62.410,63.080,64.170,65.000,65.000,65.170,65.180,65.440,65.880,65.930,65.930
114,白米零售,圓糯,高雄市,52.490,52.490,52.490,52.490,52.490,52.490,52.490,52.490,52.490,52.490,52.490,52.300,52.650
115,白米零售,圓糯,新北市,59.160,58.740,58.880,59.150,59.210,59.570,59.500,59.260,58.980,,,,
115,白米零售,圓糯,宜蘭縣,56.380,56.420,56.420,56.420,56.420,56.420,56.420,56.310,56.200,,,,
115,白米零售,圓糯,桃園市,54.460,54.850,55.000,54.800,54.760,54.760,54.540,53.790,53.210,,,,
115,白米零售,圓糯,新竹縣,54.650,54.280,54.280,54.280,54.380,55.000,55.000,55.000,55.000,,,,
115,白米零售,圓糯,苗栗縣,54.980,55.380,55.380,55.380,55.380,55.380,55.380,55.120,52.400,,,,
115,白米零售,圓糯,彰化縣,54.860,53.720,54.570,55.050,55.240,55.240,55.070,55.000,55.000,,,,
115,白米零售,圓糯,南投縣,56.580,56.170,56.550,56.820,56.820,56.820,56.750,56.510,56.200,,,,
115,白米零售,圓糯,雲林縣,52.560,52.460,52.650,52.570,52.490,52.550,53.080,52.440,52.210,,,,
115,白米零售,圓糯,嘉義縣,57.390,57.390,57.390,57.390,57.390,57.390,57.390,57.390,57.390,,,,
115,白米零售,圓糯,屏東縣,52.320,52.320,52.320,52.320,52.320,52.320,52.320,52.320,52.320,,,,
115,白米零售,圓糯,台東縣,65.320,65.320,65.320,65.320,65.320,65.320,65.320,65.320,65.320,,,,
115,白米零售,圓糯,花蓮縣,57.420,57.420,57.420,57.420,57.420,57.420,57.420,57.420,57.420,,,,
115,白米零售,圓糯,澎湖縣,58.890,58.890,58.890,58.890,58.890,58.890,58.890,58.890,58.890,,,,
115,白米零售,圓糯,基隆市,64.550,64.290,64.290,64.670,64.850,64.720,64.720,64.720,64.100,,,,
115,白米零售,圓糯,新竹市,54.640,54.980,54.980,55.130,55.580,55.670,55.150,52.810,52.810,,,,
115,白米零售,圓糯,台中市,57.930,57.200,57.220,57.330,57.420,58.570,58.570,58.570,58.570,,,,
115,白米零售,圓糯,嘉義市,55.430,55.430,55.430,55.430,55.430,55.430,55.430,55.430,55.430,,,,
115,白米零售,圓糯,台南市,57.360,56.930,57.420,57.420,57.420,57.420,57.420,57.420,57.420,,,,
115,白米零售,圓糯,台北市,66.100,65.780,65.560,65.590,66.480,66.450,66.300,66.300,66.370,,,,
115,白米零售,圓糯,高雄市,55.660,53.150,54.650,56.330,56.230,56.230,56.230,56.230,56.230,,,,
82,白米零售,長糯,新北市,41.180,36.700,36.700,36.700,36.700,36.700,43.090,41.700,41.700,41.700,42.760,49.660,50.000
82,白米零售,長糯,宜蘭縣,40.720,36.700,36.700,36.700,36.700,36.700,45.470,39.340,38.630,40.000,42.190,49.500,50.000
82,白米零售,長糯,桃園市,38.190,31.700,33.670,35.000,35.000,35.000,43.270,35.270,35.000,37.640,40.420,47.940,48.350
82,白米零售,長糯,台中縣,39.940,35.700,35.700,35.700,35.700,35.700,43.290,36.660,38.890,40.000,42.240,49.670,50.000
82,白米零售,長糯,彰化縣,39.250,35.700,35.700,35.700,35.700,35.700,40.400,36.250,37.290,38.600,40.620,49.380,50.000
82,白米零售,長糯,南投縣,39.950,35.700,35.700,35.700,35.700,35.700,41.690,37.290,38.000,42.100,42.660,49.530,49.640
82,白米零售,長糯,雲林縣,36.420,31.900,31.900,33.300,33.300,33.300,38.390,34.610,36.200,36.200,39.940,44.460,43.590
82,白米零售,長糯,嘉義縣,36.630,33.300,33.300,33.300,33.300,33.300,39.190,33.540,35.320,35.500,37.860,46.160,45.460
82,白米零售,長糯,台南縣,36.400,33.000,33.000,33.000,33.000,33.000,41.470,35.160,34.000,34.000,37.230,44.900,45.000
82,白米零售,長糯,高雄縣,38.240,33.300,33.300,33.300,34.000,34.800,42.600,36.200,37.070,37.700,39.950,49.060,47.610
82,白米零售,長糯,屏東縣,37.870,33.300,33.300,33.300,33.300,33.350,39.190,37.880,37.700,37.300,37.950,47.990,49.920
82,白米零售,長糯,台東縣,37.520,33.300,33.300,33.300,33.300,33.300,39.460,36.200,39.880,40.000,40.560,43.340,44.270
82,白米零售,長糯,花蓮縣,40.000,36.200,36.460,36.200,36.200,36.200,45.160,40.360,40.000,40.000,40.000,46.150,47.100
82,白米零售,長糯,澎湖縣,38.780,33.300,33.300,33.300,33.300,33.300,40.570,36.860,39.290,41.360,42.020,48.730,50.000
82,白米零售,長糯,基隆市,41.190,36.700,36.700,36.700,36.700,36.700,43.200,41.700,41.700,41.700,42.790,49.660,50.000
82,白米零售,長糯,台中市,40.700,35.700,35.700,35.700,35.700,35.700,44.290,38.880,40.950,42.900,43.170,49.670,50.000
82,白米零售,長糯,嘉義市,36.630,33.300,33.300,33.300,33.300,33.300,39.190,33.540,35.320,35.500,37.860,46.160,45.460
82,白米零售,長糯,台南市,37.610,35.000,35.000,35.000,35.000,35.000,41.870,35.230,35.000,35.000,37.390,45.800,46.000
82,白米零售,長糯,台北市,41.180,36.700,36.700,36.700,36.700,36.700,43.090,41.700,41.700,41.700,42.760,49.660,50.000
82,白米零售,長糯,高雄市,38.240,33.300,33.300,33.300,34.000,34.800,42.600,36.200,37.070,37.700,39.950,49.060,47.610
83,白米零售,長糯,新北市,50.400,50.000,51.670,56.700,58.510,59.510,57.040,46.700,46.700,45.370,41.910,45.130,45.590
83,白米零售,長糯,宜蘭縣,48.410,50.000,50.000,53.390,56.210,58.300,56.160,41.700,41.700,41.700,41.700,45.000,45.000
83,白米零售,長糯,桃園市,46.790,50.000,50.690,58.090,58.220,55.970,46.380,36.100,39.140,40.000,40.330,43.300,43.300
83,白米零售,長糯,台中縣,49.270,50.000,50.000,55.500,58.390,60.900,54.980,44.050,42.900,42.900,42.900,42.990,45.700
83,白米零售,長糯,彰化縣,49.460,50.000,50.000,56.420,58.560,59.770,55.420,43.260,42.900,42.900,42.900,45.700,45.700
83,白米零售,長糯,南投縣,49.920,49.100,50.000,54.440,60.020,60.870,56.410,43.590,42.900,42.900,42.900,49.050,46.800
83,白米零售,長糯,雲林縣,46.310,49.200,49.200,57.250,60.400,57.810,42.950,38.560,39.550,38.990,36.200,42.150,43.500
83,白米零售,長糯,嘉義縣,44.930,46.750,50.320,56.500,59.840,58.500,47.020,34.940,34.800,35.920,35.080,38.940,40.530
83,白米零售,長糯,台南縣,45.410,45.000,46.580,52.030,53.000,55.230,45.330,40.000,41.940,41.070,40.000,42.070,42.710
83,白米零售,長糯,高雄縣,47.390,48.490,50.520,55.000,58.510,58.120,47.930,41.250,40.600,40.600,40.600,43.500,43.500
83,白米零售,長糯,屏東縣,47.670,48.570,50.350,53.570,56.850,59.440,52.350,42.770,43.500,40.720,37.930,42.530,43.500
83,白米零售,長糯,台東縣,46.800,45.000,45.000,46.800,55.530,58.000,54.000,43.880,43.400,43.400,40.610,42.560,43.400
83,白米零售,長糯,花蓮縣,50.110,47.100,48.290,52.440,56.030,58.000,56.650,50.700,48.150,47.100,43.850,45.900,47.100
83,白米零售,長糯,澎湖縣,49.900,50.000,50.000,56.530,59.870,60.840,57.440,45.690,43.300,43.300,42.010,44.780,45.000
83,白米零售,長糯,基隆市,50.300,50.000,51.670,56.700,58.510,59.450,56.790,46.700,46.700,45.370,41.700,45.000,45.000
83,白米零售,長糯,台中市,50.240,50.000,51.430,56.470,58.580,64.070,55.700,44.050,42.900,42.900,42.900,46.820,47.100
83,白米零售,長糯,嘉義市,44.960,46.750,50.320,56.500,59.840,58.930,47.020,34.940,34.800,35.920,35.080,38.940,40.530
83,白米零售,長糯,台南市,45.560,46.000,47.290,52.030,53.000,55.230,45.330,40.000,41.940,41.070,40.000,42.070,42.710
83,白米零售,長糯,台北市,50.400,50.000,51.670,56.700,58.510,59.510,57.040,46.700,46.700,45.370,41.910,45.130,45.590
83,白米零售,長糯,高雄市,47.400,48.490,50.640,55.000,58.510,58.120,47.930,41.250,40.600,40.600,40.600,43.500,43.500
84,白米零售,長糯,新北市,43.520,45.370,45.000,45.000,48.640,49.550,40.340,40.030,41.530,41.700,41.700,41.700,41.700
84,白米零售,長糯,宜蘭縣,43.710,45.000,45.000,45.490,48.680,48.500,41.700,41.700,41.700,41.700,41.700,41.700,41.700
84,白米零售,長糯,桃園市,40.560,43.300,43.300,43.300,47.080,48.550,38.810,37.890,36.700,36.700,36.700,36.700,37.700
84,白米零售,長糯,台中縣,42.300,44.390,45.700,45.700,50.430,48.490,41.740,37.910,39.140,40.000,37.380,37.100,39.630
84,白米零售,長糯,彰化縣,42.990,45.700,46.670,47.100,51.760,49.980,41.740,37.140,38.600,38.600,38.600,40.000,40.000
84,白米零售,長糯,南投縣,43.040,45.990,45.700,49.030,52.820,51.980,40.390,38.690,39.410,38.740,37.100,38.450,38.130
84,白米零售,長糯,雲林縣,39.570,43.500,43.500,43.500,45.860,44.780,36.550,36.200,36.200,36.200,36.200,36.200,36.200
84,白米零售,長糯,嘉義縣,39.130,40.500,40.500,40.500,48.280,46.730,36.610,36.000,36.000,36.000,36.000,36.190,36.200
84,白米零售,長糯,台南縣,40.600,42.330,44.300,45.000,48.370,47.030,37.200,36.000,37.160,38.000,36.650,37.130,38.000
84,白米零售,長糯,高雄縣,40.070,43.500,43.500,43.500,48.480,48.110,36.600,36.200,36.200,36.200,36.200,36.200,36.200
84,白米零售,長糯,屏東縣,39.980,43.500,43.500,43.500,48.350,48.360,35.640,35.960,36.200,36.200,36.200,36.200,36.200
84,白米零售,長糯,台東縣,42.780,43.400,43.400,43.400,48.120,48.440,43.340,40.220,41.700,41.360,40.000,40.000,40.000
84,白米零售,長糯,花蓮縣,45.670,47.100,47.100,47.100,49.260,49.060,47.490,43.880,43.400,43.400,43.400,43.400,43.400
84,白米零售,長糯,澎湖縣,42.970,45.000,45.000,45.000,48.060,49.740,42.180,40.600,39.560,40.000,40.000,40.000,40.550
84,白米零售,長糯,基隆市,43.510,45.000,45.000,45.000,48.190,50.050,40.530,40.000,41.500,41.700,41.700,41.700,41.700
84,白米零售,長糯,台中市,42.350,44.630,45.700,45.700,50.430,48.800,41.740,37.910,39.140,40.000,37.380,37.100,39.630
84,白米零售,長糯,嘉義市,39.130,40.500,40.500,40.500,48.280,46.730,36.610,36.000,36.000,36.000,36.000,36.190,36.200
84,白米零售,長糯,台南市,40.600,42.330,44.300,45.000,48.370,47.030,37.200,36.000,37.160,38.000,36.650,37.130,38.000
84,白米零售,長糯,台北市,43.520,45.370,45.000,45.000,48.640,49.550,40.340,40.030,41.530,41.700,41.700,41.700,41.700
84,白米零售,長糯,高雄市,40.070,43.500,43.500,43.500,48.480,48.110,36.600,36.200,36.200,36.200,36.200,36.200,36.200
85,白米零售,長糯,新北市,41.200,41.700,41.700,41.700,41.510,41.700,41.020,38.410,40.660,41.700,41.000,41.610,41.700
85,白米零售,長糯,宜蘭縣,41.340,41.700,41.700,41.700,41.700,41.700,41.360,38.300,41.150,41.700,41.700,41.700,41.700
85,白米零售,長糯,桃園市,39.780,41.270,41.700,41.700,41.350,39.450,38.300,38.200,37.940,38.300,38.300,39.600,41.260
85,白米零售,長糯,台中縣,39.880,42.900,42.900,42.340,40.000,39.640,38.600,37.660,37.270,38.600,38.600,38.600,41.420
85,白米零售,長糯,彰化縣,38.720,40.000,40.000,40.000,40.000,39.720,35.700,36.110,38.310,38.250,37.100,39.420,40.000
85,白米零售,長糯,南投縣,40.620,42.150,42.900,40.370,40.000,40.000,40.000,38.340,40.470,41.740,40.000,40.000,41.500
85,白米零售,長糯,雲林縣,37.410,37.790,38.430,37.700,37.700,37.700,37.700,36.540,36.200,36.200,36.200,37.550,39.200
85,白米零售,長糯,嘉義縣,36.020,36.200,36.200,36.200,36.200,36.200,35.550,34.800,35.430,35.500,35.500,35.870,38.620
85,白米零售,長糯,台南縣,38.540,38.520,40.000,40.000,38.470,38.000,38.000,38.000,38.000,38.000,38.000,38.000,39.480
85,白米零售,長糯,高雄縣,36.380,36.200,36.200,36.200,36.200,36.200,36.200,36.200,36.200,36.200,36.200,36.200,38.330
85,白米零售,長糯,屏東縣,36.440,36.200,36.200,36.200,36.200,36.200,36.200,36.200,36.200,36.200,36.200,37.460,37.840
85,白米零售,長糯,台東縣,38.290,40.000,40.000,40.000,37.210,36.200,36.200,36.200,38.410,40.000,36.940,38.350,40.000
85,白米零售,長糯,花蓮縣,39.480,36.720,36.000,38.460,40.650,39.500,39.500,39.500,40.020,41.100,39.900,39.900,42.450
85,白米零售,長糯,澎湖縣,40.150,41.700,41.700,41.700,41.700,41.700,41.360,38.300,38.300,38.300,38.300,38.300,40.490
85,白米零售,長糯,基隆市,41.220,41.700,41.700,41.700,41.700,41.700,41.190,38.490,40.440,41.700,41.030,41.580,41.700
85,白米零售,長糯,台中市,41.010,42.900,42.900,42.900,42.130,40.000,40.000,39.060,39.250,40.970,40.000,40.000,41.960
85,白米零售,長糯,嘉義市,36.020,36.200,36.200,36.200,36.200,36.200,35.550,34.800,35.430,35.500,35.500,35.870,38.620
85,白米零售,長糯,台南市,38.560,38.520,40.000,40.000,38.670,38.000,38.000,38.000,38.000,38.000,38.000,38.000,39.480
85,白米零售,長糯,台北市,41.220,41.700,41.700,41.700,41.700,41.700,41.020,38.410,40.660,41.700,41.000,41.610,41.700
85,白米零售,長糯,高雄市,36.380,36.200,36.200,36.200,36.200,36.200,36.200,36.200,36.200,36.200,36.200,36.200,38.330
86,白米零售,長糯,新北市,44.040,45.250,46.700,46.700,46.700,45.810,41.810,41.560,41.700,41.700,41.700,43.900,45.000
86,白米零售,長糯,宜蘭縣,43.840,45.410,46.700,46.700,46.700,44.760,41.700,41.700,41.700,41.700,41.700,42.250,45.000
86,白米零售,長糯,桃園市,40.690,42.680,43.300,43.300,43.300,42.660,40.000,39.890,36.700,36.700,36.700,41.370,41.700
86,白米零售,長糯,台中縣,41.440,42.900,42.900,42.900,42.900,42.060,40.000,40.000,40.000,40.000,40.000,40.680,42.900
86,白米零售,長糯,彰化縣,41.000,40.000,40.280,42.900,42.900,41.220,40.000,40.000,40.000,40.000,40.000,41.740,42.900
86,白米零售,長糯,南投縣,43.660,42.900,42.900,49.310,50.000,47.480,42.800,40.000,40.750,40.000,40.000,42.090,45.700
86,白米零售,長糯,雲林縣,39.590,40.600,40.600,42.280,41.180,40.600,36.500,36.730,37.700,36.350,35.960,43.050,43.500
86,白米零售,長糯,嘉義縣,38.790,39.930,40.580,40.580,40.580,39.040,36.230,36.230,36.540,37.700,37.410,40.010,40.600
86,白米零售,長糯,台南縣,41.110,40.000,40.000,41.870,42.000,41.100,40.000,40.000,40.000,40.000,40.000,43.500,44.870
86,白米零售,長糯,高雄縣,38.580,39.930,40.600,40.600,39.830,37.700,37.100,36.770,36.200,37.510,37.600,38.860,40.300
86,白米零售,長糯,屏東縣,38.520,39.540,40.600,40.600,40.600,38.530,36.700,36.200,36.200,36.200,36.440,40.010,40.600
86,白米零售,長糯,台東縣,41.320,41.040,41.700,44.790,44.650,43.500,37.340,37.180,40.000,40.000,40.000,42.100,43.500
86,白米零售,長糯,花蓮縣,45.240,45.360,47.400,47.500,47.500,47.370,43.740,43.500,43.500,43.500,43.500,43.500,46.520
86,白米零售,長糯,澎湖縣,41.490,41.700,41.700,42.990,43.300,42.530,41.420,40.000,40.000,40.000,40.000,40.910,43.300
86,白米零售,長糯,基隆市,44.170,45.090,46.700,46.700,46.700,46.200,42.140,41.090,41.700,41.700,41.700,43.680,46.650
86,白米零售,長糯,台中市,41.460,42.900,42.900,42.900,42.900,42.340,40.000,40.000,40.000,40.000,40.000,40.680,42.900
86,白米零售,長糯,嘉義市,38.790,39.930,40.580,40.580,40.580,39.040,36.230,36.230,36.540,37.700,37.410,40.010,40.600
86,白米零售,長糯,台南市,41.110,40.000,40.000,41.870,42.000,41.100,40.000,40.000,40.000,40.000,40.000,43.500,44.870
86,白米零售,長糯,台北市,44.040,45.250,46.700,46.700,46.700,45.810,41.810,41.560,41.700,41.700,41.700,43.900,45.000
86,白米零售,長糯,高雄市,38.580,39.930,40.600,40.600,39.830,37.700,37.100,36.770,36.200,37.510,37.600,38.860,40.300
87,白米零售,長糯,新北市,41.400,44.540,43.300,43.300,44.270,42.420,39.910,39.230,39.200,39.200,39.330,40.400,41.700
87,白米零售,長糯,宜蘭縣,42.560,45.000,45.000,45.000,45.000,43.720,41.700,41.700,41.700,39.770,38.740,41.700,41.700
87,白米零售,長糯,桃園市,39.300,41.700,42.530,43.300,43.300,41.620,36.700,36.700,36.700,36.700,36.700,37.340,38.300
87,白米零售,長糯,台中縣,39.490,42.900,42.900,42.900,42.900,42.250,40.000,39.450,35.700,35.700,35.700,36.350,37.100
87,白米零售,長糯,彰化縣,39.510,42.900,42.900,42.900,42.900,41.120,37.710,35.700,35.700,35.700,36.530,40.000,40.000
87,白米零售,長糯,南投縣,38.800,45.700,44.470,42.900,42.900,39.720,35.700,35.700,35.700,35.700,35.700,35.700,35.700
87,白米零售,長糯,雲林縣,37.390,43.050,43.890,41.670,41.180,37.990,34.200,33.090,34.100,34.100,33.640,35.570,36.200
87,白米零售,長糯,嘉義縣,36.360,40.600,40.600,40.600,40.600,39.040,34.850,33.300,32.620,31.900,32.550,34.800,34.800
87,白米零售,長糯,台南縣,39.210,43.000,43.000,43.000,43.000,41.650,38.830,35.000,35.000,35.000,35.000,38.000,40.000
87,白米零售,長糯,高雄縣,37.140,40.300,40.300,40.300,40.300,38.590,34.750,33.300,34.780,35.000,35.000,35.910,37.100
87,白米零售,長糯,屏東縣,37.520,40.600,40.600,40.600,40.600,39.090,34.230,33.300,34.610,35.770,36.200,36.950,37.700
87,白米零售,長糯,台東縣,39.320,43.500,43.500,43.500,43.500,42.940,36.330,36.200,36.200,36.200,36.200,36.200,37.510
87,白米零售,長糯,花蓮縣,43.310,47.100,47.100,47.100,47.100,45.940,42.140,39.800,39.800,39.800,39.800,40.540,43.500
87,白米零售,長糯,澎湖縣,38.660,43.300,43.300,42.580,41.700,41.320,37.100,35.000,35.000,35.000,35.000,36.360,38.300
87,白米零售,長糯,基隆市,43.500,46.700,46.700,46.700,46.700,43.310,41.700,41.700,41.700,41.700,41.700,41.700,41.700
87,白米零售,長糯,台中市,39.490,42.900,42.900,42.900,42.900,42.250,40.000,39.450,35.700,35.700,35.700,36.350,37.100
87,白米零售,長糯,嘉義市,36.360,40.600,40.600,40.600,40.600,39.040,34.850,33.300,32.620,31.900,32.550,34.800,34.800
87,白米零售,長糯,台南市,39.210,43.000,43.000,43.000,43.000,41.650,38.830,35.000,35.000,35.000,35.000,38.000,40.000
87,白米零售,長糯,台北市,41.400,44.540,43.300,43.300,44.270,42.420,39.910,39.230,39.200,39.200,39.330,40.400,41.700
87,白米零售,長糯,高雄市,37.140,40.300,40.300,40.300,40.300,38.590,34.750,33.300,34.780,35.000,35.000,35.910,37.100
88,白米零售,長糯,新北市,40.150,41.700,41.700,41.700,41.700,41.700,40.170,39.350,38.170,37.050,36.700,40.140,41.700
88,白米零售,長糯,宜蘭縣,40.270,41.700,41.700,41.700,41.700,41.700,39.890,38.300,38.300,38.300,38.300,40.000,41.700
88,白米零售,長糯,桃園市,38.470,38.300,38.300,38.300,38.300,38.300,38.300,38.300,38.300,38.300,38.300,38.580,40.000
88,白米零售,長糯,台中縣,37.890,37.750,37.100,37.100,37.100,37.100,37.100,37.100,37.100,37.100,37.100,40.210,42.810
88,白米零售,長糯,彰化縣,38.690,42.430,42.900,42.900,41.350,37.160,35.700,35.700,35.700,35.700,35.700,39.000,40.000
88,白米零售,長糯,南投縣,37.920,35.700,35.700,41.270,42.900,40.940,38.320,35.700,35.700,35.700,35.700,37.420,40.000
88,白米零售,長糯,雲林縣,34.120,36.200,36.200,36.110,33.850,33.280,32.600,32.150,31.900,31.900,32.640,35.870,36.730
88,白米零售,長糯,嘉義縣,35.380,35.030,36.200,36.150,34.800,34.800,34.800,34.800,34.800,34.800,34.800,35.920,37.600
88,白米零售,長糯,台南縣,39.260,40.000,40.000,40.000,40.000,40.000,40.000,40.000,40.000,39.470,36.000,36.470,39.230
88,白米零售,長糯,高雄縣,37.120,37.310,37.700,37.700,37.700,37.510,36.200,36.200,36.200,36.200,36.200,38.230,38.300
88,白米零售,長糯,屏東縣,36.550,37.700,37.700,37.700,36.750,36.200,36.060,34.800,35.340,36.200,36.200,36.200,37.700
88,白米零售,長糯,台東縣,38.370,39.090,39.800,39.800,39.800,39.800,39.800,36.200,36.200,36.200,36.200,37.760,39.800
88,白米零售,長糯,花蓮縣,41.950,43.500,43.500,43.500,43.500,43.500,43.140,39.900,39.900,40.380,40.360,40.880,41.300
88,白米零售,長糯,澎湖縣,39.920,38.570,41.420,41.700,41.700,41.700,40.110,38.300,38.300,38.300,38.300,38.980,41.700
88,白米零售,長糯,基隆市,41.700,41.700,41.700,41.700,41.700,41.700,41.700,41.700,41.700,41.700,41.700,41.700,41.700
88,白米零售,長糯,台中市,40.120,39.440,40.000,40.000,40.000,40.000,40.000,40.000,40.000,40.000,40.000,39.530,42.430
88,白米零售,長糯,嘉義市,35.380,35.030,36.200,36.150,34.800,34.800,34.800,34.800,34.800,34.800,34.800,35.920,37.600
88,白米零售,長糯,台南市,39.260,40.000,40.000,40.000,40.000,40.000,40.000,40.000,40.000,39.470,36.000,36.470,39.230
88,白米零售,長糯,台北市,40.150,41.700,41.700,41.700,41.700,41.700,40.170,39.350,38.170,37.050,36.700,40.140,41.700
88,白米零售,長糯,高雄市,37.120,37.310,37.700,37.700,37.700,37.510,36.200,36.200,36.200,36.200,36.200,38.230,38.300
89,白米零售,長糯,新北市,48.170,44.570,45.410,46.700,52.300,57.840,53.210,47.640,45.600,43.300,44.780,45.800,50.910
89,白米零售,長糯,宜蘭縣,49.260,42.630,44.110,49.360,55.070,60.330,55.090,47.250,46.470,46.440,46.450,47.080,50.780
89,白米零售,長糯,桃園市,47.180,41.480,42.580,43.300,51.330,56.700,55.530,45.970,45.000,45.000,45.000,45.000,49.240
89,白米零售,長糯,新竹縣,48.380,,,,,66.700,49.380,45.000,45.000,43.980,43.740,45.000,48.230
89,白米零售,長糯,台中縣,47.110,42.620,43.580,45.700,52.930,58.720,52.600,44.270,42.900,42.900,44.250,45.700,49.170
89,白米零售,長糯,彰化縣,46.460,41.680,43.380,45.700,52.460,56.410,49.530,42.900,42.900,42.900,44.350,45.700,49.580
89,白米零售,長糯,南投縣,47.740,42.340,44.160,45.700,55.660,58.080,53.560,46.110,42.900,42.900,44.160,46.210,51.050
89,白米零售,長糯,雲林縣,45.460,40.050,43.470,43.470,50.530,55.660,47.720,43.470,43.470,40.960,43.470,43.470,49.740
89,白米零售,長糯,嘉義縣,44.990,38.690,39.970,41.000,49.710,57.760,48.040,43.470,43.470,43.470,43.470,43.470,47.400
89,白米零售,長糯,台南縣,45.160,40.000,41.310,42.000,47.670,53.060,50.270,47.870,41.610,40.000,43.480,47.000,47.610
89,白米零售,長糯,高雄縣,44.900,38.300,39.390,43.380,47.190,55.010,48.870,44.780,42.730,42.500,43.540,45.300,47.810
89,白米零售,長糯,屏東縣,44.880,37.750,40.830,43.500,49.180,56.360,47.110,43.500,41.160,40.600,44.340,44.370,49.870
89,白米零售,長糯,台東縣,46.050,41.830,43.500,44.150,48.420,54.820,50.870,44.580,44.160,43.700,44.010,45.200,47.340
89,白米零售,長糯,花蓮縣,46.520,42.790,43.500,43.500,50.130,54.680,50.110,47.100,46.290,44.230,44.270,45.000,46.680
89,白米零售,長糯,澎湖縣,46.630,41.700,41.700,41.700,48.600,55.130,55.650,48.710,45.000,44.090,43.300,45.000,48.940
89,白米零售,長糯,基隆市,48.710,43.620,47.240,50.000,51.830,55.750,51.490,50.000,50.000,46.830,45.000,45.000,47.740
89,白米零售,長糯,新竹市,48.120,,,,,66.700,47.340,45.000,45.000,43.980,43.740,45.000,48.230
89,白米零售,長糯,台中市,47.320,42.900,43.580,45.700,52.930,58.720,52.600,44.270,42.900,42.900,44.250,45.700,51.370
89,白米零售,長糯,嘉義市,44.990,38.690,39.970,41.000,49.710,57.760,48.040,43.470,43.470,43.470,43.470,43.470,47.400
89,白米零售,長糯,台南市,45.150,40.000,41.310,42.000,47.670,53.060,50.270,47.810,41.610,40.000,43.480,47.000,47.610
89,白米零售,長糯,台北市,48.170,44.570,45.410,46.700,52.300,57.840,53.210,47.640,45.600,43.300,44.780,45.800,50.910
89,白米零售,長糯,高雄市,44.900,38.300,39.390,43.380,47.190,55.010,48.870,44.780,42.730,42.500,43.540,45.300,47.810
90,白米零售,長糯,新北市,45.160,51.880,51.700,50.710,50.000,48.120,41.450,40.000,38.610,38.340,40.810,45.340,45.000
90,白米零售,長糯,宜蘭縣,45.960,52.850,52.830,52.310,50.680,49.500,40.550,39.880,39.980,40.250,41.630,46.020,45.090
90,白米零售,長糯,桃園市,43.000,48.680,48.000,48.000,47.350,42.010,37.400,38.300,38.300,38.300,40.080,44.800,44.800
90,白米零售,長糯,新竹縣,42.580,48.850,49.330,48.570,46.900,42.850,37.640,38.330,36.720,37.060,39.510,43.330,41.880
90,白米零售,長糯,台中縣,44.730,50.000,50.000,50.000,50.000,45.600,40.000,40.000,40.000,40.000,42.330,45.930,42.900
90,白米零售,長糯,彰化縣,44.690,50.000,50.000,50.000,50.480,46.710,40.000,39.160,39.720,37.100,40.840,46.910,45.340
90,白米零售,長糯,南投縣,43.310,50.970,50.000,50.280,51.060,47.000,35.700,35.700,35.700,35.700,38.060,45.050,44.440
90,白米零售,長糯,雲林縣,41.760,49.750,50.700,47.700,43.480,40.810,36.200,36.200,36.200,36.200,37.470,43.400,43.030
90,白米零售,長糯,嘉義縣,41.350,46.460,47.610,47.820,44.930,41.390,36.160,36.700,36.230,36.470,38.660,42.030,41.780
90,白米零售,長糯,台南縣,40.930,45.290,45.000,46.420,46.170,42.290,36.700,36.850,36.010,35.140,38.300,41.490,41.500
90,白米零售,長糯,高雄縣,40.730,45.680,46.320,46.330,45.540,41.650,36.200,36.200,35.420,35.640,37.290,41.180,41.300
90,白米零售,長糯,屏東縣,41.750,46.810,50.080,47.510,47.360,40.520,36.200,36.200,36.200,36.200,37.430,43.250,43.260
90,白米零售,長糯,台東縣,44.180,48.600,48.600,48.600,48.600,47.100,41.220,40.000,40.000,40.000,40.710,43.210,43.500
90,白米零售,長糯,花蓮縣,44.010,48.000,48.000,48.000,48.000,46.020,44.000,40.130,40.000,39.770,39.520,43.230,43.500
90,白米零售,長糯,澎湖縣,44.780,50.000,50.000,49.780,48.300,47.360,41.970,40.000,40.000,40.000,40.330,44.660,45.000
90,白米零售,長糯,基隆市,46.310,50.000,50.000,50.000,50.000,47.310,41.670,41.670,41.670,41.670,41.670,50.000,50.000
90,白米零售,長糯,新竹市,42.390,48.850,48.300,48.300,47.730,43.220,37.780,36.990,36.720,37.060,39.430,42.500,41.780
90,白米零售,長糯,台中市,44.750,50.000,50.000,50.000,50.000,45.600,40.000,40.000,40.000,40.000,42.610,45.930,42.900
90,白米零售,長糯,嘉義市,41.350,46.460,47.610,47.820,44.930,41.390,36.160,36.700,36.230,36.470,38.660,42.030,41.770
90,白米零售,長糯,台南市,40.950,45.290,45.000,46.420,46.170,42.290,36.700,36.850,36.040,35.300,38.300,41.490,41.500
90,白米零售,長糯,台北市,45.160,51.880,51.700,50.710,50.000,48.120,41.450,40.000,38.610,38.340,40.810,45.330,45.000
90,白米零售,長糯,高雄市,40.730,45.680,46.320,46.330,45.540,41.650,36.200,36.200,35.420,35.640,37.290,41.180,41.300
91,白米零售,長糯,新北市,39.630,44.780,43.090,41.830,41.670,41.670,40.940,40.000,39.270,37.500,36.690,34.800,33.330
91,白米零售,長糯,宜蘭縣,39.800,43.430,43.020,42.120,41.560,41.430,40.740,40.810,40.250,38.870,36.900,34.670,33.790
91,白米零售,長糯,桃園市,37.910,41.990,41.700,40.490,40.500,38.700,35.930,35.930,35.930,35.930,35.930,35.930,35.930
91,白米零售,長糯,新竹縣,36.200,41.670,41.670,41.520,40.000,39.080,37.090,34.710,34.330,33.390,30.500,30.160,30.220
91,白米零售,長糯,台中縣,38.180,42.900,42.180,40.000,40.000,39.160,37.100,37.100,36.870,35.700,35.700,35.700,35.700
91,白米零售,長糯,彰化縣,37.170,42.900,42.900,40.470,41.350,41.780,36.660,35.700,35.700,34.300,31.450,31.400,31.400
91,白米零售,長糯,南投縣,37.110,42.900,42.900,42.350,40.750,39.860,35.890,35.900,35.770,35.230,32.850,31.340,29.580
91,白米零售,長糯,雲林縣,34.920,40.600,40.600,40.600,40.600,39.190,34.200,33.330,33.390,29.580,29.000,29.000,29.000
91,白米零售,長糯,嘉義縣,34.320,40.850,39.740,37.890,37.540,34.830,34.020,34.130,34.370,31.000,29.470,29.000,29.000
91,白米零售,長糯,台南縣,35.300,41.500,41.500,39.100,39.370,37.550,35.850,35.290,33.270,31.990,29.600,29.100,29.500
91,白米零售,長糯,高雄縣,35.670,41.350,40.730,39.440,39.900,38.300,34.800,34.710,33.330,32.650,31.880,30.580,30.400
91,白米零售,長糯,屏東縣,35.620,41.370,40.750,40.600,40.600,39.790,34.020,33.300,33.300,32.690,31.850,30.210,29.000
91,白米零售,長糯,台東縣,39.870,43.500,43.500,42.680,42.270,42.060,39.660,39.190,39.190,37.970,36.650,35.910,35.910
91,白米零售,長糯,花蓮縣,38.620,43.500,43.500,42.180,41.000,40.560,39.400,37.210,36.490,36.250,35.200,34.120,34.000
91,白米零售,長糯,澎湖縣,38.180,43.680,43.300,42.060,41.700,39.890,36.770,36.660,36.660,36.270,34.520,33.330,33.330
91,白米零售,長糯,基隆市,42.490,50.000,43.160,41.670,41.670,41.670,41.670,41.670,41.670,41.670,41.670,41.670,41.670
91,白米零售,長糯,新竹市,36.130,41.670,41.670,41.690,41.700,39.460,34.180,33.330,33.380,33.290,31.830,30.890,30.430
91,白米零售,長糯,台中市,38.600,42.900,42.900,41.030,41.260,41.220,37.100,37.100,36.870,35.700,35.700,35.700,35.700
91,白米零售,長糯,嘉義市,34.320,40.850,39.740,37.890,37.540,34.830,34.020,34.130,34.370,31.000,29.470,29.000,29.000
91,白米零售,長糯,台南市,35.300,41.500,41.500,39.100,39.370,37.550,35.850,35.290,33.270,31.990,29.600,29.100,29.500
91,白米零售,長糯,台北市,39.630,44.780,43.090,41.830,41.670,41.670,40.940,40.000,39.270,37.500,36.690,34.800,33.330
91,白米零售,長糯,高雄市,35.670,41.350,40.730,39.440,39.900,38.300,34.800,34.710,33.330,32.650,31.880,30.580,30.400
92,白米零售,長糯,新北市,33.590,33.330,33.750,33.330,33.330,33.330,32.940,32.500,32.500,32.890,33.440,35.330,36.460
92,白米零售,長糯,宜蘭縣,33.550,32.900,32.900,33.150,33.130,32.970,32.300,31.780,33.330,33.330,33.330,35.110,38.330
92,白米零售,長糯,桃園市,31.220,35.180,30.150,30.150,30.150,29.930,29.850,29.850,29.850,29.850,30.300,34.390,35.000
92,白米零售,長糯,新竹縣,30.820,30.240,30.780,30.410,30.240,30.240,30.240,30.150,30.000,30.000,30.000,32.050,35.480
92,白米零售,長糯,台中縣,32.650,34.620,34.300,33.280,31.430,31.430,31.430,31.430,31.430,31.430,31.430,33.860,35.710
92,白米零售,長糯,彰化縣,31.910,31.400,31.400,31.400,31.400,30.050,30.000,30.000,30.000,31.070,31.680,35.910,38.600
92,白米零售,長糯,南投縣,30.660,28.570,29.230,29.860,30.000,30.000,30.000,30.000,30.000,30.000,29.860,34.660,35.700
92,白米零售,長糯,雲林縣,30.140,29.000,29.000,29.000,29.000,29.000,29.000,29.000,29.000,29.000,30.030,34.480,36.200
92,白米零售,長糯,嘉義縣,30.000,29.000,29.000,29.000,29.000,29.000,28.900,28.840,29.000,29.000,29.350,33.620,36.230
92,白米零售,長糯,台南縣,30.500,29.500,29.500,29.500,29.500,29.500,29.500,29.110,29.100,29.970,30.430,33.970,36.370
92,白米零售,長糯,高雄縣,30.590,30.400,30.400,30.400,30.400,29.590,29.000,29.000,29.000,29.000,29.580,34.050,36.230
92,白米零售,長糯,屏東縣,30.120,29.000,29.000,29.000,29.000,29.000,29.000,29.000,29.000,29.280,30.400,33.570,36.200
92,白米零售,長糯,台東縣,34.400,35.100,34.870,34.870,34.870,34.800,34.180,33.500,33.500,33.500,33.540,34.320,35.750
92,白米零售,長糯,花蓮縣,33.050,34.000,34.000,33.190,32.500,32.560,32.560,32.560,32.270,31.750,31.990,33.480,35.770
92,白米零售,長糯,澎湖縣,33.140,33.330,33.330,33.330,33.330,33.330,32.110,32.050,30.620,30.500,32.770,34.730,38.300
92,白米零售,長糯,基隆市,35.450,38.930,36.670,36.670,36.670,36.670,33.550,33.330,33.330,33.330,33.920,35.670,36.670
92,白米零售,長糯,新竹市,30.790,30.620,30.610,30.330,30.330,30.330,30.330,30.330,30.330,30.330,30.330,31.640,34.000
92,白米零售,長糯,台中市,32.640,34.620,34.300,33.280,31.420,31.420,31.420,31.420,31.420,31.420,31.420,33.850,35.710
92,白米零售,長糯,嘉義市,29.980,29.000,29.000,29.000,29.000,29.000,28.840,28.770,29.000,29.000,29.350,33.620,36.230
92,白米零售,長糯,台南市,30.500,29.500,29.500,29.500,29.500,29.500,29.500,29.110,29.100,29.970,30.430,33.970,36.370
92,白米零售,長糯,台北市,33.930,33.330,33.330,33.330,33.330,33.330,33.330,33.330,33.330,33.720,33.760,35.670,37.310
92,白米零售,長糯,高雄市,30.590,30.400,30.400,30.400,30.400,29.590,29.000,29.000,29.000,29.000,29.580,34.050,36.230
93,白米零售,長糯,新北市,42.830,37.210,37.500,37.500,46.030,48.330,46.940,42.230,41.670,41.670,42.070,46.170,46.670
93,白米零售,長糯,宜蘭縣,44.610,38.550,41.670,41.670,48.610,50.000,47.950,41.670,41.670,41.670,42.910,49.780,49.140
93,白米零售,長糯,桃園市,41.180,35.000,35.000,35.000,45.940,47.200,42.500,41.670,41.670,41.670,41.830,43.330,43.330
93,白米零售,長糯,新竹縣,42.020,35.480,36.170,36.930,45.540,49.140,46.850,43.660,41.760,40.840,40.970,43.870,43.000
93,白米零售,長糯,苗栗縣,41.670,,,,,,,40.000,40.000,40.000,42.060,44.660,43.300
93,白米零售,長糯,台中縣,41.490,35.710,38.500,38.600,47.620,48.890,44.300,39.180,37.140,37.140,39.450,45.700,45.700
93,白米零售,長糯,彰化縣,41.660,38.690,40.000,40.000,47.080,47.100,44.990,37.330,37.320,37.150,38.940,45.610,45.700
93,白米零售,長糯,南投縣,39.680,35.700,35.700,35.700,42.810,45.700,43.580,37.000,37.000,37.000,39.390,42.860,43.680
93,白米零售,長糯,雲林縣,39.510,36.200,36.200,36.200,45.080,47.010,39.370,36.230,36.230,36.230,38.800,43.050,43.480
93,白米零售,長糯,嘉義縣,39.550,36.230,36.230,36.230,46.230,44.750,39.830,36.400,36.980,36.280,38.210,43.700,43.480
93,白米零售,長糯,台南縣,39.850,36.150,36.330,36.440,45.140,44.250,39.570,36.640,37.570,39.270,39.850,43.470,43.470
93,白米零售,長糯,高雄縣,39.460,36.230,36.230,36.230,45.900,44.080,39.420,36.420,36.230,36.620,39.270,43.470,43.470
93,白米零售,長糯,屏東縣,39.290,36.200,36.200,36.200,46.850,44.690,38.940,36.230,36.230,36.230,36.930,43.290,43.480
93,白米零售,長糯,台東縣,42.180,35.760,36.410,36.600,45.700,47.580,43.470,43.470,42.370,41.920,42.300,44.990,45.590
93,白米零售,長糯,花蓮縣,41.150,36.000,36.930,37.000,45.820,46.190,41.040,40.000,40.000,40.000,40.910,44.850,45.000
93,白米零售,長糯,澎湖縣,40.560,38.300,35.020,35.330,43.030,46.600,43.140,37.920,38.610,38.300,39.400,44.390,46.670
93,白米零售,長糯,基隆市,43.160,36.670,40.120,41.670,46.890,46.670,45.500,41.670,41.670,41.670,42.070,46.670,46.670
93,白米零售,長糯,新竹市,41.810,34.000,35.930,38.000,45.340,48.280,46.450,43.330,41.730,40.830,41.010,43.870,43.000
93,白米零售,長糯,台中市,42.210,35.710,38.500,38.510,47.620,48.890,44.300,41.030,40.000,40.000,40.560,45.700,45.700
93,白米零售,長糯,嘉義市,39.550,36.230,36.230,36.230,46.230,44.750,39.830,36.400,36.980,36.280,38.210,43.700,43.480
93,白米零售,長糯,台南市,39.850,36.150,36.330,36.440,45.140,44.250,39.570,36.640,37.570,39.270,39.850,43.470,43.470
93,白米零售,長糯,台北市,43.130,38.040,38.330,38.330,46.250,48.330,47.170,42.420,41.670,41.670,42.070,46.610,46.670
93,白米零售,長糯,高雄市,39.460,36.230,36.230,36.230,45.900,44.080,39.420,36.420,36.230,36.620,39.270,43.470,43.470
94,白米零售,長糯,新北市,42.790,46.670,46.670,46.670,46.670,44.680,38.560,38.060,38.330,39.670,41.670,42.440,43.330
94,白米零售,長糯,宜蘭縣,44.230,46.670,46.670,46.670,46.670,46.670,41.670,41.670,41.670,41.670,41.670,44.000,45.000
94,白米零售,長糯,桃園市,40.940,43.330,43.330,43.330,43.330,42.100,37.670,37.040,38.330,38.470,41.050,41.670,41.670
94,白米零售,長糯,新竹縣,41.040,43.000,43.000,42.980,42.500,42.430,40.030,37.300,38.810,38.940,40.710,41.320,41.500
94,白米零售,長糯,苗栗縣,41.380,43.300,43.300,43.300,43.300,42.160,40.140,37.370,38.330,38.830,40.970,42.220,43.330
94,白米零售,長糯,台中縣,42.160,45.700,45.700,43.080,42.900,42.900,38.580,39.450,40.000,40.000,41.780,42.900,42.900
94,白米零售,長糯,彰化縣,41.950,45.700,45.700,45.890,45.610,43.680,40.760,37.140,37.140,38.280,40.000,40.670,42.860
94,白米零售,長糯,南投縣,41.030,45.700,45.700,45.520,43.180,42.900,39.580,35.750,35.840,37.790,39.490,40.950,40.000
94,白米零售,長糯,雲林縣,40.850,43.480,43.480,42.360,43.480,43.290,39.130,37.680,38.480,37.680,40.020,40.580,40.580
94,白米零售,長糯,嘉義縣,40.740,43.480,43.480,43.250,41.940,41.650,38.940,37.680,38.330,39.130,39.830,40.580,40.580
94,白米零售,長糯,台南縣,40.720,43.470,43.470,42.960,42.020,41.550,38.310,38.170,38.570,39.130,39.830,40.580,40.580
94,白米零售,長糯,高雄縣,40.470,43.470,43.470,42.720,42.020,40.950,36.620,37.680,38.430,39.130,40.020,40.580,40.580
94,白米零售,長糯,屏東縣,40.440,43.480,43.480,43.480,42.180,41.000,36.230,36.230,39.130,39.130,39.830,40.580,40.580
94,白米零售,長糯,台東縣,44.240,45.590,45.590,45.590,46.090,45.800,43.550,43.110,43.110,43.110,43.110,43.110,43.110
94,白米零售,長糯,花蓮縣,45.000,45.000,45.000,45.000,45.000,45.000,45.000,45.000,45.000,45.000,45.000,45.000,45.000
94,白米零售,長糯,澎湖縣,42.410,46.670,46.670,45.060,42.030,42.980,39.200,37.640,41.670,41.670,41.670,41.670,41.940
94,白米零售,長糯,基隆市,43.800,46.670,46.670,46.670,46.670,44.630,41.670,41.670,41.670,41.670,41.670,42.610,43.330
94,白米零售,長糯,新竹市,41.080,43.000,43.000,42.980,42.500,42.460,40.270,37.330,38.930,38.980,40.670,41.280,41.500
94,白米零售,長糯,台中市,42.120,45.700,45.700,45.700,43.830,42.900,36.180,37.610,40.000,40.000,41.960,42.900,42.900
94,白米零售,長糯,嘉義市,40.740,43.480,43.480,43.250,41.940,41.650,38.940,37.680,38.330,39.130,39.830,40.580,40.580
94,白米零售,長糯,台南市,40.720,43.470,43.470,42.960,42.020,41.550,38.310,38.170,38.570,39.130,39.830,40.580,40.580
94,白米零售,長糯,台北市,44.010,46.670,46.670,46.670,46.670,45.110,42.060,41.670,41.670,41.670,42.630,43.330,43.330
94,白米零售,長糯,高雄市,40.470,43.470,43.470,42.720,42.020,40.950,36.620,37.680,38.430,39.130,40.020,40.580,40.580
95,白米零售,長糯,新北市,42.650,43.330,43.330,43.330,43.160,42.500,42.500,42.500,42.500,42.500,42.500,42.030,41.670
95,白米零售,長糯,宜蘭縣,41.750,44.460,41.670,41.810,41.670,41.670,41.670,41.670,41.670,41.670,41.670,40.970,40.380
95,白米零售,長糯,桃園市,41.180,41.670,41.670,41.670,41.670,41.620,40.830,40.830,40.830,40.830,40.830,40.830,40.830
95,白米零售,長糯,新竹縣,40.810,41.500,41.620,41.660,41.660,40.640,40.000,40.000,40.640,40.830,40.830,40.390,40.000
95,白米零售,長糯,苗栗縣,40.680,43.330,42.770,41.600,40.270,40.000,40.000,40.070,40.140,40.000,40.000,40.000,40.000
95,白米零售,長糯,台中縣,41.240,42.900,42.900,42.900,42.900,42.900,40.390,40.000,40.000,40.000,40.000,40.000,40.000
95,白米零售,長糯,彰化縣,42.150,42.860,42.860,42.860,42.190,42.580,42.860,42.860,42.860,42.860,42.030,39.810,39.140
95,白米零售,長糯,南投縣,40.590,40.000,40.000,40.000,40.000,42.580,42.860,42.210,40.000,40.000,40.000,39.790,39.600
95,白米零售,長糯,雲林縣,38.760,40.580,40.580,40.580,40.580,38.990,37.680,37.680,37.680,37.680,37.680,37.680,37.680
95,白米零售,長糯,嘉義縣,40.150,40.580,40.580,40.860,40.580,40.580,39.710,39.130,39.930,40.580,40.290,39.810,39.130
95,白米零售,長糯,台南縣,40.240,40.580,40.580,39.900,38.100,41.080,41.440,40.000,39.460,38.330,39.350,42.000,42.000
95,白米零售,長糯,高雄縣,40.110,40.580,40.580,40.580,40.580,40.580,39.130,39.130,40.160,40.580,40.580,39.710,39.130
95,白米零售,長糯,屏東縣,40.580,40.580,40.580,40.580,40.580,40.580,40.580,40.580,40.580,40.580,40.580,40.580,40.580
95,白米零售,長糯,台東縣,42.880,43.110,43.110,43.110,43.110,42.840,42.750,42.750,42.750,42.750,42.750,42.750,42.750
95,白米零售,長糯,花蓮縣,43.100,44.230,43.000,43.000,43.000,43.000,43.000,43.000,43.000,43.000,43.000,43.000,43.000
95,白米零售,長糯,澎湖縣,41.630,43.330,43.330,43.040,42.500,41.530,40.830,40.830,40.830,40.830,40.830,40.830,40.830
95,白米零售,長糯,基隆市,42.640,43.330,43.330,43.330,43.160,42.500,42.500,42.500,42.500,42.500,42.500,41.840,41.670
95,白米零售,長糯,新竹市,40.880,41.500,41.500,41.500,41.610,41.660,40.000,40.000,40.640,40.830,40.830,40.530,40.000
95,白米零售,長糯,台中市,41.240,42.900,42.900,42.900,42.900,42.900,40.390,40.000,40.000,40.000,40.000,40.000,40.000
95,白米零售,長糯,嘉義市,40.150,40.580,40.580,40.860,40.600,40.580,39.710,39.130,39.930,40.580,40.290,39.810,39.130
95,白米零售,長糯,台南市,40.450,40.580,40.580,39.940,39.570,41.500,41.590,40.710,39.170,38.330,39.410,42.000,42.000
95,白米零售,長糯,台北市,43.330,43.330,43.330,43.330,43.330,43.330,43.330,43.330,43.330,43.330,43.330,43.330,43.330
95,白米零售,長糯,高雄市,40.110,40.580,40.580,40.580,40.580,40.580,39.130,39.130,40.160,40.580,40.580,39.710,39.130
96,白米零售,長糯,新北市,40.490,41.670,41.670,41.670,40.560,40.000,40.170,40.430,39.490,39.210,39.100,40.780,41.170
96,白米零售,長糯,宜蘭縣,40.880,39.830,39.830,39.830,39.830,40.480,41.670,41.670,41.650,41.150,41.030,41.730,41.800
96,白米零售,長糯,桃園市,39.300,40.830,40.830,40.830,40.640,40.000,39.050,38.330,36.780,36.630,37.470,40.030,40.130
96,白米零售,長糯,新竹縣,38.840,40.000,40.000,39.890,38.940,38.330,37.220,36.670,37.240,37.990,38.070,40.560,41.110
96,白米零售,長糯,苗栗縣,39.830,40.000,40.000,40.000,40.000,40.000,40.000,37.960,39.960,38.750,39.270,40.750,41.250
96,白米零售,長糯,台中縣,39.320,40.000,40.000,40.000,40.000,40.000,40.000,37.320,37.180,38.330,38.480,40.010,40.480
96,白米零售,長糯,彰化縣,38.390,39.170,40.000,38.800,37.140,36.910,37.140,37.140,36.980,37.890,37.720,40.620,41.140
96,白米零售,長糯,南投縣,38.330,39.310,40.000,38.990,36.330,36.960,38.430,35.710,35.770,37.720,38.810,40.810,41.070
96,白米零售,長糯,雲林縣,38.100,37.680,37.680,37.680,37.680,37.680,37.680,37.680,37.680,37.320,37.960,40.030,40.470
96,白米零售,長糯,嘉義縣,39.180,39.130,39.130,39.130,38.020,39.060,41.660,38.640,39.190,37.060,37.240,40.980,40.860
96,白米零售,長糯,台南縣,40.210,42.000,41.390,40.890,39.030,39.870,40.420,39.290,39.160,39.160,39.260,41.060,41.000
96,白米零售,長糯,高雄縣,38.490,39.130,39.130,39.130,38.940,37.680,37.680,37.680,37.670,37.510,37.750,39.370,40.210
96,白米零售,長糯,屏東縣,38.400,40.580,39.860,39.130,38.070,37.680,37.680,37.680,37.660,37.070,36.580,39.470,39.280
96,白米零售,長糯,台東縣,42.900,42.750,42.750,42.750,42.750,42.800,43.470,43.470,43.460,42.740,42.530,42.670,42.670
96,白米零售,長糯,花蓮縣,43.000,43.000,43.000,43.000,43.000,43.000,43.000,43.000,43.000,43.000,43.000,43.000,43.000
96,白米零售,長糯,澎湖縣,39.790,40.830,40.830,40.830,40.830,40.830,41.550,38.650,38.310,37.770,37.770,39.450,39.800
96,白米零售,長糯,基隆市,41.670,41.670,41.670,41.670,41.670,41.670,41.670,41.670,41.620,40.430,40.220,43.090,42.980
96,白米零售,長糯,新竹市,38.640,40.000,40.000,40.000,40.500,38.590,36.950,36.880,36.710,36.780,37.090,39.830,40.370
96,白米零售,長糯,台中市,39.900,40.000,40.000,40.000,39.140,40.000,40.000,40.000,39.930,38.320,38.400,41.430,41.630
96,白米零售,長糯,嘉義市,38.250,39.130,39.130,39.130,38.050,38.180,36.230,36.660,36.740,37.590,37.530,40.220,40.460
96,白米零售,長糯,台南市,40.500,42.000,41.180,40.890,39.030,40.010,41.220,39.000,39.160,39.970,39.810,41.390,42.340
96,白米零售,長糯,台北市,42.390,43.330,43.330,43.330,42.940,41.670,41.670,41.670,41.660,41.150,41.210,43.140,43.520
96,白米零售,長糯,高雄市,38.390,39.130,39.130,39.130,38.940,37.680,37.680,37.680,37.660,37.110,37.260,39.350,39.940
97,白米零售,長糯,新北市,43.100,41.530,42.370,44.020,44.270,44.470,43.630,42.840,42.730,42.670,42.670,42.770,43.240
97,白米零售,長糯,宜蘭縣,43.830,42.050,42.930,44.820,45.950,46.360,45.760,44.130,43.790,43.160,42.650,41.950,42.440
97,白米零售,長糯,桃園市,41.020,40.970,42.490,43.330,43.380,43.160,41.750,39.660,39.230,39.250,39.250,39.430,40.360
97,白米零售,長糯,新竹縣,40.780,41.440,41.650,42.360,43.780,43.650,41.290,39.890,38.940,38.510,38.280,39.250,40.300
97,白米零售,長糯,苗栗縣,41.900,40.810,41.210,42.760,43.970,43.920,42.470,41.320,41.220,40.560,40.760,41.460,42.310
97,白米零售,長糯,台中縣,41.580,40.880,41.920,43.000,44.190,43.960,42.960,40.870,40.000,39.840,39.950,40.710,40.700
97,白米零售,長糯,彰化縣,41.430,41.990,42.490,43.970,44.570,45.170,41.950,39.690,39.310,39.140,39.140,39.540,40.150
97,白米零售,長糯,南投縣,41.670,41.070,41.280,43.310,44.410,44.500,42.300,40.870,40.550,40.150,40.180,40.320,41.060
97,白米零售,長糯,雲林縣,41.610,40.870,41.830,43.850,43.060,42.430,41.040,40.810,41.160,40.730,41.310,41.000,41.260
97,白米零售,長糯,嘉義縣,40.740,41.290,42.000,42.090,42.350,42.460,40.900,40.330,39.000,39.000,39.000,39.750,40.680
97,白米零售,長糯,台南縣,41.240,41.940,42.100,42.810,42.260,42.280,41.470,40.460,40.110,40.110,40.110,40.110,41.090
97,白米零售,長糯,高雄縣,40.730,40.890,41.260,42.830,42.740,42.550,40.560,38.730,38.980,39.130,39.410,40.320,41.390
97,白米零售,長糯,屏東縣,40.160,40.350,40.640,42.810,43.360,42.410,39.100,38.510,39.070,39.130,38.700,38.320,39.570
97,白米零售,長糯,台東縣,45.480,43.990,44.580,44.580,44.610,45.810,45.460,45.060,44.630,44.780,44.970,45.830,51.450
97,白米零售,長糯,花蓮縣,43.480,43.320,43.330,43.330,43.400,44.320,42.960,40.210,43.290,44.370,43.900,43.830,45.510
97,白米零售,長糯,澎湖縣,42.130,40.720,42.320,43.000,43.070,43.760,43.920,42.240,41.620,41.120,40.770,41.220,41.790
97,白米零售,長糯,基隆市,44.010,42.880,44.030,44.670,45.070,45.750,45.310,44.310,43.540,43.540,43.540,42.860,42.590
97,白米零售,長糯,新竹市,41.840,41.010,41.620,43.350,44.700,44.370,42.270,40.590,40.960,40.890,40.840,40.600,40.910
97,白米零售,長糯,台中市,43.060,42.230,42.860,43.950,44.940,44.590,43.030,42.600,41.720,42.770,42.900,41.690,43.460
97,白米零售,長糯,嘉義市,40.920,41.110,42.030,42.350,42.160,41.730,40.930,40.330,39.530,39.630,39.750,40.070,41.410
97,白米零售,長糯,台南市,41.870,42.820,42.880,43.150,43.630,43.750,43.030,40.740,40.300,40.200,39.970,40.040,41.870
97,白米零售,長糯,台北市,43.940,43.720,44.100,44.880,45.640,44.990,44.680,44.000,43.510,43.180,43.010,42.720,42.870
97,白米零售,長糯,高雄市,40.480,40.080,40.250,42.100,42.570,42.350,40.110,39.120,38.920,38.570,39.020,40.670,41.950
98,白米零售,長糯,新北市,42.390,43.330,43.270,43.000,43.000,42.780,41.850,41.400,41.400,41.950,42.170,42.170,42.360
98,白米零售,長糯,宜蘭縣,42.200,42.870,42.320,42.110,42.120,42.120,42.120,41.670,41.860,42.280,42.280,42.280,42.320
98,白米零售,長糯,桃園市,40.400,40.420,40.420,40.420,40.420,40.420,40.420,40.390,40.380,40.380,40.380,40.380,40.410
98,白米零售,長糯,新竹縣,39.840,40.790,40.560,40.080,39.200,38.800,38.490,38.660,39.070,40.280,40.680,40.280,41.150
98,白米零售,長糯,苗栗縣,41.780,42.500,42.360,42.290,41.670,41.670,41.340,40.840,40.970,42.110,42.230,41.670,41.670
98,白米零售,長糯,台中縣,40.490,41.190,41.190,41.190,41.190,41.110,39.040,38.810,38.810,40.210,40.620,41.030,41.430
98,白米零售,長糯,彰化縣,39.560,40.320,40.080,39.650,39.430,39.430,38.860,38.860,38.860,39.350,39.400,39.620,40.840
98,白米零售,長糯,南投縣,41.370,41.510,41.870,42.150,42.150,41.950,40.770,40.380,40.790,40.920,40.890,41.390,41.630
98,白米零售,長糯,雲林縣,40.360,41.540,41.660,40.690,39.980,39.770,39.060,38.740,39.440,39.840,40.810,41.090,41.660
98,白米零售,長糯,嘉義縣,39.840,41.530,40.480,39.130,39.130,39.130,38.960,38.760,38.890,39.780,42.290,39.920,40.130
98,白米零售,長糯,台南縣,39.950,41.560,41.490,40.740,40.090,39.370,38.600,38.650,39.040,39.440,39.980,40.060,40.320
98,白米零售,長糯,高雄縣,39.930,41.840,41.880,41.380,39.780,39.610,38.560,38.150,38.870,39.410,39.620,39.600,40.480
98,白米零售,長糯,屏東縣,38.950,39.810,39.940,39.580,39.280,38.590,37.830,37.720,37.540,37.540,39.670,39.880,40.060
98,白米零售,長糯,台東縣,47.180,50.740,48.890,48.460,47.940,46.080,44.620,44.880,45.750,46.830,47.460,47.460,47.000
98,白米零售,長糯,花蓮縣,44.330,45.570,45.710,45.510,44.960,44.070,41.360,42.060,43.170,44.150,44.880,45.280,45.280
98,白米零售,長糯,澎湖縣,40.590,41.990,41.900,41.020,41.130,41.270,39.770,39.330,39.280,39.820,40.310,40.470,40.780
98,白米零售,長糯,基隆市,42.220,42.620,42.620,42.400,42.110,41.460,41.460,41.460,41.510,42.300,42.850,42.710,43.150
98,白米零售,長糯,新竹市,40.680,41.040,41.040,41.040,40.730,40.470,40.420,39.830,39.980,40.800,40.970,40.560,41.230
98,白米零售,長糯,台中市,42.620,44.040,44.040,43.920,43.570,43.340,41.480,41.420,41.420,41.690,41.900,42.010,42.620
98,白米零售,長糯,嘉義市,39.040,40.650,38.710,38.420,38.420,39.010,38.200,38.100,38.600,38.730,39.080,39.880,40.660
98,白米零售,長糯,台南市,40.000,42.270,42.140,40.880,40.070,39.260,38.540,38.610,39.030,39.540,39.740,39.770,40.180
98,白米零售,長糯,台北市,42.780,42.960,42.960,42.960,42.960,43.130,42.610,42.180,42.060,42.590,42.960,42.960,43.040
98,白米零售,長糯,高雄市,40.400,42.020,42.020,41.720,39.860,39.080,39.170,38.490,38.870,40.430,40.740,40.770,41.630
99,白米零售,長糯,新北市,47.280,44.460,45.020,45.000,45.000,45.940,46.620,47.430,48.990,49.170,49.170,49.500,51.030
99,白米零售,長糯,宜蘭縣,47.380,43.870,44.540,45.840,45.840,46.280,47.780,47.780,48.560,48.610,48.720,49.360,51.320
99,白米零售,長糯,桃園市,45.840,42.980,44.090,44.090,44.090,44.690,45.000,45.000,46.380,47.420,47.420,47.960,50.990
99,白米零售,長糯,新竹縣,45.850,43.160,43.830,44.390,44.240,44.180,45.130,45.060,46.220,47.560,47.950,47.840,50.680
99,白米零售,長糯,苗栗縣,46.360,43.630,44.320,45.000,45.000,45.870,46.110,46.110,46.680,47.290,47.780,47.590,50.900
99,白米零售,長糯,台中縣,45.790,42.800,43.670,44.130,44.990,45.570,45.750,45.760,46.370,46.420,46.340,45.290,52.420
99,白米零售,長糯,彰化縣,46.380,43.620,44.290,44.290,44.570,44.800,46.000,45.870,46.690,47.430,48.210,48.860,51.870
99,白米零售,長糯,南投縣,46.720,44.040,44.630,44.640,44.640,45.000,46.450,46.070,47.880,48.210,48.210,48.230,52.670
99,白米零售,長糯,雲林縣,45.990,43.900,44.750,43.500,43.480,44.260,43.510,46.350,47.670,47.770,46.550,48.000,52.140
99,白米零售,長糯,嘉義縣,46.150,44.080,44.660,43.510,44.050,45.390,45.760,46.160,47.240,47.390,46.790,47.670,51.040
99,白米零售,長糯,台南縣,45.710,42.870,44.340,43.400,43.620,44.500,45.110,45.690,46.830,47.310,47.030,47.250,50.530
99,白米零售,長糯,高雄縣,45.210,42.710,43.540,43.540,42.930,43.150,42.980,44.590,46.780,47.120,47.350,47.330,50.510
99,白米零售,長糯,屏東縣,45.500,42.400,44.080,44.080,44.080,44.270,43.930,45.040,46.660,46.770,47.010,47.540,50.090
99,白米零售,長糯,台東縣,50.060,48.200,48.550,48.490,48.410,48.430,48.550,49.180,50.980,51.030,51.210,51.550,56.100
99,白米零售,長糯,花蓮縣,47.960,45.710,47.160,47.240,47.240,46.550,46.750,47.350,47.780,49.100,49.610,49.820,51.220
99,白米零售,長糯,澎湖縣,45.030,42.830,44.130,43.380,42.550,42.820,42.930,42.830,46.220,46.310,46.500,47.770,52.140
99,白米零售,長糯,基隆市,47.840,45.140,45.830,45.650,45.420,46.590,47.290,47.930,49.500,49.790,49.790,50.060,51.040
99,白米零售,長糯,新竹市,46.020,42.600,44.300,44.480,44.760,44.760,45.080,45.060,46.370,47.620,47.580,48.340,51.280
99,白米零售,長糯,台中市,48.220,44.760,46.730,47.490,47.750,47.900,47.830,47.740,48.770,48.880,49.100,48.980,52.760
99,白米零售,長糯,嘉義市,45.940,41.960,43.490,43.420,43.550,44.370,44.950,44.860,47.470,48.570,48.530,48.650,51.500
99,白米零售,長糯,台南市,45.690,42.950,44.330,43.440,43.700,44.550,44.890,45.600,46.780,47.200,47.130,47.220,50.500
99,白米零售,長糯,台北市,48.070,45.380,46.280,46.420,46.480,46.960,47.590,48.100,49.310,49.440,49.440,49.680,51.700
99,白米零售,長糯,高雄市,45.830,43.210,44.090,44.200,43.960,44.600,44.380,45.510,47.010,47.490,47.370,47.490,50.640
100,白米零售,長糯,新北市,52.080,51.170,51.430,51.840,52.460,58.670,56.160,51.040,50.910,50.910,50.910,50.190,49.220
100,白米零售,長糯,宜蘭縣,51.350,53.900,54.400,54.400,54.210,58.580,54.940,50.130,48.940,46.980,46.670,46.590,46.500
100,白米零售,長糯,桃園市,48.100,50.360,50.460,51.490,52.020,61.250,53.550,44.000,43.300,42.800,42.830,42.570,42.600
100,白米零售,長糯,新竹縣,48.140,51.000,51.100,52.210,53.090,57.860,52.100,45.080,43.300,42.920,42.990,43.000,43.000
100,白米零售,長糯,苗栗縣,48.800,50.820,50.600,52.900,54.030,57.930,56.120,49.300,44.110,42.970,42.090,42.090,42.630
100,白米零售,長糯,彰化縣,49.430,52.330,52.630,53.060,54.310,62.240,57.350,45.810,43.320,43.100,43.100,43.100,42.860
100,白米零售,長糯,南投縣,49.900,52.270,52.140,52.370,53.080,57.670,52.620,48.570,46.830,45.920,45.920,45.880,45.510
100,白米零售,長糯,雲林縣,48.700,51.610,51.780,52.480,54.460,61.760,49.360,44.140,43.990,44.480,43.890,43.750,42.750
100,白米零售,長糯,嘉義縣,47.780,52.320,52.440,54.060,54.640,56.860,50.070,45.730,40.870,41.470,41.590,41.590,41.670
100,白米零售,長糯,屏東縣,49.340,50.300,50.550,51.880,52.890,57.670,53.570,48.050,47.050,46.560,46.110,43.750,43.700
100,白米零售,長糯,台東縣,54.190,56.570,58.150,58.150,58.150,60.680,54.290,50.720,50.720,50.720,50.720,50.720,50.720
100,白米零售,長糯,花蓮縣,52.370,51.610,52.310,52.400,52.720,56.760,54.940,51.630,51.630,51.630,51.210,50.870,50.730
100,白米零售,長糯,澎湖縣,50.870,52.490,52.740,52.840,53.280,55.960,52.560,51.440,50.000,47.180,47.080,47.080,47.800
100,白米零售,長糯,基隆市,50.560,51.040,51.550,52.910,53.360,58.420,54.930,47.470,47.500,47.500,47.500,47.500,47.090
100,白米零售,長糯,新竹市,48.640,51.270,51.360,52.400,53.140,57.850,52.830,48.240,43.980,43.190,43.240,43.090,43.090
100,白米零售,長糯,台中市,51.310,53.730,53.730,53.950,54.390,59.210,56.520,48.900,47.550,47.350,47.140,46.610,46.590
100,白米零售,長糯,嘉義市,48.850,51.780,51.780,52.260,53.130,58.470,54.420,48.250,44.130,42.860,42.960,43.060,43.040
100,白米零售,長糯,台南市,48.660,51.100,51.290,52.290,53.380,58.170,52.480,46.670,44.810,43.440,43.440,43.440,43.440
100,白米零售,長糯,台北市,52.180,51.850,52.000,52.220,52.790,58.940,56.210,50.780,50.740,50.740,50.740,50.150,49.010
100,白米零售,長糯,高雄市,48.950,50.950,51.310,52.240,52.710,58.380,53.510,48.580,45.200,44.760,44.080,42.870,42.840
101,白米零售,長糯,新北市,47.230,48.830,48.830,48.830,48.930,48.670,47.510,45.920,45.920,45.920,45.920,45.820,45.660
101,白米零售,長糯,宜蘭縣,46.730,46.500,46.500,46.500,46.500,46.500,46.500,46.810,46.990,47.000,47.000,47.000,47.000
101,白米零售,長糯,桃園市,42.320,42.580,41.970,41.920,42.340,42.580,42.310,42.250,42.250,42.360,42.420,42.420,42.420
101,白米零售,長糯,新竹縣,43.640,43.050,43.050,43.050,43.370,43.610,43.370,43.120,44.230,44.260,44.090,44.230,44.240
101,白米零售,長糯,苗栗縣,43.840,43.750,43.750,43.750,44.000,44.170,44.020,43.750,43.730,43.880,43.900,43.670,43.670
101,白米零售,長糯,彰化縣,42.600,42.860,42.860,42.860,42.860,42.800,42.380,42.310,42.420,42.450,42.450,42.450,42.450
101,白米零售,長糯,南投縣,43.770,45.510,45.140,43.890,44.480,45.170,43.620,43.070,42.890,42.860,42.860,42.860,42.860
101,白米零售,長糯,雲林縣,42.890,43.580,43.790,43.280,43.290,42.940,41.550,42.570,42.970,42.720,42.920,42.360,42.660
101,白米零售,長糯,嘉義縣,42.610,41.830,41.830,41.830,42.760,42.790,42.520,42.590,43.010,43.050,43.050,43.050,43.050
101,白米零售,長糯,屏東縣,43.130,43.700,43.700,43.700,43.700,43.700,42.820,42.640,42.510,42.720,42.810,42.790,42.790
101,白米零售,長糯,台東縣,49.410,49.850,49.820,49.820,50.360,50.720,49.090,48.760,48.910,48.910,48.910,48.910,48.910
101,白米零售,長糯,花蓮縣,50.440,49.810,49.780,49.600,52.100,52.640,49.820,47.390,49.210,51.240,51.240,51.240,51.190
101,白米零售,長糯,澎湖縣,47.080,47.910,47.510,47.500,47.500,47.500,47.870,45.960,46.610,46.660,46.660,46.660,46.660
101,白米零售,長糯,基隆市,45.300,46.980,46.980,46.980,47.040,47.090,45.700,43.990,43.940,43.750,43.750,43.710,43.650
101,白米零售,長糯,新竹市,43.450,43.120,43.120,43.120,43.560,43.750,43.480,43.210,43.720,43.640,43.550,43.540,43.540
101,白米零售,長糯,台中市,46.420,46.590,46.590,46.590,46.990,47.450,46.790,46.450,46.500,46.770,45.090,45.540,45.660
101,白米零售,長糯,嘉義市,44.080,43.060,43.060,43.060,44.500,45.020,44.400,44.220,44.700,44.630,44.090,44.080,44.080
101,白米零售,長糯,台南市,43.480,43.440,43.440,43.440,43.440,43.440,43.380,43.120,43.090,43.280,43.530,43.880,44.250
101,白米零售,長糯,台北市,47.140,48.240,48.240,48.240,48.300,48.140,47.420,46.220,46.200,46.200,46.200,46.170,46.110
101,白米零售,長糯,高雄市,42.790,43.030,42.610,42.700,42.890,42.920,42.370,42.090,42.610,42.910,43.060,43.110,43.120
102,白米零售,長糯,新北市,45.790,45.660,45.660,45.660,45.660,45.660,45.660,45.660,45.650,45.580,45.580,45.750,47.290
102,白米零售,長糯,宜蘭縣,46.470,47.000,47.000,47.000,46.560,46.000,46.000,45.970,45.930,46.260,46.300,46.310,47.250
102,白米零售,長糯,桃園市,42.430,42.420,42.420,42.220,42.000,42.000,42.000,42.000,42.000,42.000,41.870,41.840,46.330
102,白米零售,長糯,新竹縣,44.220,44.130,43.810,43.750,43.370,43.060,43.060,43.600,44.640,44.640,44.640,44.750,47.160
102,白米零售,長糯,苗栗縣,43.430,43.670,43.670,43.400,42.820,42.670,42.670,42.670,42.670,42.670,42.670,42.910,48.660
102,白米零售,長糯,彰化縣,43.120,42.530,42.450,42.160,42.290,41.880,41.630,42.430,43.510,43.540,43.580,44.090,47.300
102,白米零售,長糯,南投縣,44.030,42.860,42.860,42.860,42.740,42.450,42.610,44.850,44.900,44.230,44.090,44.820,49.120
102,白米零售,長糯,雲林縣,42.790,42.400,42.520,42.370,42.140,42.290,42.290,42.350,42.430,42.430,42.720,42.890,46.590
102,白米零售,長糯,嘉義縣,43.710,43.050,43.050,42.960,43.050,43.170,43.170,43.580,43.720,43.720,43.720,44.240,47.090
102,白米零售,長糯,屏東縣,42.920,42.770,42.630,42.630,42.630,42.630,42.630,42.690,42.730,42.800,42.810,42.810,45.310
102,白米零售,長糯,台東縣,49.020,48.910,48.910,48.910,48.910,48.910,48.910,48.910,48.910,48.910,48.910,48.910,50.210
102,白米零售,長糯,花蓮縣,51.260,51.580,51.850,51.850,51.850,51.850,50.780,50.510,50.510,50.510,50.510,50.600,52.740
102,白米零售,長糯,澎湖縣,46.660,46.660,46.660,46.660,46.660,46.260,46.250,46.250,46.250,46.830,46.870,46.870,47.640
102,白米零售,長糯,基隆市,43.860,43.650,43.650,43.650,43.550,43.540,43.540,43.540,43.550,43.640,43.650,43.830,46.500
102,白米零售,長糯,新竹市,43.680,43.540,43.540,43.360,43.030,42.920,42.920,43.140,43.540,43.540,43.540,43.910,47.190
102,白米零售,長糯,台中市,44.890,45.810,45.550,45.440,44.290,44.030,43.980,44.030,44.040,44.310,44.310,44.330,48.560
102,白米零售,長糯,嘉義市,43.970,44.080,44.050,43.530,42.750,42.360,42.160,43.830,44.610,44.610,44.610,44.640,46.370
102,白米零售,長糯,台南市,44.650,44.220,44.370,44.370,44.290,44.260,44.330,44.440,44.440,44.440,44.440,44.440,47.750
102,白米零售,長糯,台北市,46.280,46.110,46.110,46.110,46.110,46.110,46.110,46.110,46.110,46.110,46.110,46.260,48.050
102,白米零售,長糯,高雄市,43.210,43.070,43.010,42.930,42.610,42.600,42.520,42.780,42.930,43.020,43.050,43.440,46.540
103,白米零售,長糯,新北市,48.840,47.750,47.750,48.470,48.580,48.580,48.530,48.520,49.140,49.500,49.600,49.830,49.830
103,白米零售,長糯,宜蘭縣,50.390,51.000,51.110,51.110,51.110,51.110,51.110,49.980,49.630,49.630,49.630,49.630,49.630
103,白米零售,長糯,桃園市,46.580,49.220,49.220,48.560,47.420,47.420,46.940,45.000,45.000,45.000,45.000,45.000,45.190
103,白米零售,長糯,新竹縣,48.560,49.440,49.470,49.510,49.290,49.290,48.680,47.080,47.590,48.450,47.980,47.980,47.980
103,白米零售,長糯,苗栗縣,48.740,50.390,50.420,50.420,48.920,47.780,47.780,47.780,48.670,49.090,48.820,48.260,46.490
103,白米零售,長糯,彰化縣,47.540,48.770,49.650,50.000,50.000,50.000,49.620,46.850,46.040,45.430,44.670,44.640,44.750
103,白米零售,長糯,南投縣,48.320,50.220,51.100,51.840,51.780,50.770,48.690,47.170,46.630,46.070,44.870,45.320,45.340
103,白米零售,長糯,雲林縣,46.250,48.450,48.860,49.470,49.470,49.470,48.120,45.360,44.220,43.110,42.840,42.820,42.800
103,白米零售,長糯,嘉義縣,44.650,47.140,47.140,47.140,47.140,47.140,46.810,41.790,41.420,42.410,42.560,42.560,42.560
103,白米零售,長糯,屏東縣,46.790,46.340,46.800,47.190,47.190,47.190,47.100,46.550,46.550,46.600,46.640,46.640,46.640
103,白米零售,長糯,台東縣,49.770,52.280,52.280,52.280,52.280,52.120,51.450,48.180,47.350,47.510,47.360,47.100,47.100
103,白米零售,長糯,花蓮縣,53.060,53.230,53.270,53.290,53.270,53.210,52.370,52.370,52.370,52.300,52.670,54.180,54.180
103,白米零售,長糯,澎湖縣,49.700,48.720,48.750,50.310,50.480,50.480,50.050,49.550,49.520,49.520,49.520,49.520,49.950
103,白米零售,長糯,基隆市,48.860,47.500,47.500,48.140,48.230,48.270,48.440,48.360,49.360,50.000,50.100,50.210,50.210
103,白米零售,長糯,新竹市,48.210,50.030,50.100,50.030,49.210,49.050,48.260,46.970,46.920,47.230,46.910,46.910,46.910
103,白米零售,長糯,台中市,50.410,50.760,51.690,51.900,51.870,51.820,51.300,50.500,49.480,48.370,48.330,49.340,49.500
103,白米零售,長糯,嘉義市,44.960,47.340,47.340,47.340,47.340,47.340,46.960,43.040,42.240,42.600,42.650,42.650,42.650
103,白米零售,長糯,台南市,48.880,49.800,50.310,50.420,49.200,48.960,47.800,45.470,48.930,48.930,48.930,48.930,48.930
103,白米零售,長糯,台北市,49.450,48.890,48.890,48.890,48.890,48.890,48.840,48.820,49.710,50.090,50.230,50.550,50.740
103,白米零售,長糯,高雄市,48.510,48.080,49.120,49.350,49.500,49.430,48.640,47.790,47.790,48.070,48.210,47.980,48.100
104,白米零售,長糯,新北市,52.360,49.910,50.080,50.780,51.170,51.790,52.900,52.960,53.110,53.230,53.250,53.760,55.320
104,白米零售,長糯,宜蘭縣,52.900,49.630,50.210,51.560,52.040,52.040,51.750,51.670,51.900,54.840,55.000,55.280,58.830
104,白米零售,長糯,桃園市,49.650,45.190,45.880,48.210,48.330,48.330,48.330,48.330,49.140,53.330,53.340,53.700,53.700
104,白米零售,長糯,新竹縣,51.690,48.230,49.470,50.530,51.670,51.000,50.040,50.410,51.200,52.710,53.860,54.170,56.970
104,白米零售,長糯,苗栗縣,52.990,48.530,49.570,51.760,52.500,51.720,50.950,51.520,53.660,55.130,56.250,56.250,58.000
104,白米零售,長糯,彰化縣,50.910,44.970,45.430,49.510,50.260,50.160,50.160,50.110,50.290,51.810,54.210,54.150,59.900
104,白米零售,長糯,南投縣,51.740,46.060,46.260,49.740,50.180,50.170,50.160,50.310,50.910,53.230,56.360,56.820,60.630
104,白米零售,長糯,雲林縣,48.950,42.810,43.820,49.450,49.830,47.940,47.320,48.800,49.490,50.240,50.510,51.060,56.110
104,白米零售,長糯,嘉義縣,50.220,42.560,42.660,46.940,47.140,51.250,50.850,50.690,50.990,53.300,53.590,54.290,58.400
104,白米零售,長糯,屏東縣,49.870,46.640,46.500,49.780,50.410,50.410,50.410,50.410,50.410,50.410,50.410,50.410,52.250
104,白米零售,長糯,台東縣,50.430,47.100,47.100,47.510,47.370,46.790,47.340,47.340,47.340,52.070,56.130,56.810,62.280
104,白米零售,長糯,花蓮縣,54.800,54.180,54.180,54.280,54.210,55.020,53.470,54.640,55.020,55.020,55.020,55.020,57.550
104,白米零售,長糯,澎湖縣,51.720,50.000,50.000,51.810,51.940,52.400,52.770,52.770,51.020,50.830,52.170,52.220,52.660
104,白米零售,長糯,基隆市,52.180,50.080,50.000,50.450,50.630,51.240,52.770,52.970,53.160,53.230,53.230,53.590,54.750
104,白米零售,長糯,新竹市,52.120,46.990,47.850,50.070,51.320,50.210,49.830,50.880,51.470,54.630,56.510,56.900,58.800
104,白米零售,長糯,台中市,53.430,49.500,49.690,51.550,51.980,52.050,51.720,51.610,53.000,55.680,56.650,56.790,60.890
104,白米零售,長糯,嘉義市,49.640,42.650,44.120,47.620,47.620,48.710,48.730,48.750,49.740,52.660,53.040,53.610,58.390
104,白米零售,長糯,台南市,54.210,48.960,49.000,50.780,52.350,51.980,51.860,53.300,55.070,57.800,57.860,58.450,63.070
104,白米零售,長糯,台北市,53.630,50.460,50.650,51.690,52.040,52.730,53.890,54.610,54.940,55.000,55.000,55.330,57.250
104,白米零售,長糯,高雄市,52.170,47.600,48.260,50.500,51.160,50.840,50.480,50.520,51.580,53.880,54.850,56.060,60.330
105,白米零售,長糯,新北市,57.480,57.320,57.320,58.440,58.890,58.820,58.590,57.530,56.970,56.780,56.450,56.340,56.330
105,白米零售,長糯,宜蘭縣,58.990,62.980,63.050,63.050,63.050,62.980,62.500,62.500,53.960,53.700,53.120,53.440,53.600
105,白米零售,長糯,桃園市,58.540,56.040,59.350,59.270,59.260,59.260,59.260,58.330,58.330,58.330,58.330,58.330,58.330
105,白米零售,長糯,新竹縣,54.180,58.730,59.170,58.770,57.750,57.080,55.790,50.000,50.000,50.000,50.000,51.110,51.720
105,白米零售,長糯,苗栗縣,57.010,61.640,61.590,63.620,62.170,60.700,55.900,53.240,53.040,53.040,53.040,53.040,53.040
105,白米零售,長糯,彰化縣,56.310,62.880,62.050,60.590,60.000,60.000,60.000,60.130,52.680,50.000,48.080,48.800,50.470
105,白米零售,長糯,南投縣,58.380,64.290,64.290,63.380,63.110,62.220,62.000,59.790,55.880,53.650,49.780,50.210,51.970
105,白米零售,長糯,雲林縣,53.990,58.080,58.080,58.080,58.080,58.080,56.110,49.630,49.810,49.810,50.080,50.900,51.170
105,白米零售,長糯,嘉義縣,53.500,58.950,58.950,58.200,57.390,56.880,54.370,51.220,50.520,48.620,48.440,48.950,49.480
105,白米零售,長糯,屏東縣,56.310,57.740,57.740,57.700,57.590,57.590,56.640,56.490,56.140,56.090,53.340,53.470,55.190
105,白米零售,長糯,台東縣,63.770,64.510,64.510,64.510,64.510,64.510,63.880,63.210,63.210,63.210,63.210,63.210,62.760
105,白米零售,長糯,花蓮縣,59.960,59.930,60.100,59.460,60.410,61.350,61.350,61.350,58.830,59.160,59.060,59.160,59.370
105,白米零售,長糯,澎湖縣,55.180,55.910,56.110,56.110,56.110,56.110,56.110,55.490,54.470,53.610,53.610,54.030,54.440
105,白米零售,長糯,基隆市,56.880,56.040,56.880,58.140,58.540,58.350,57.850,57.410,56.670,56.670,55.290,55.290,55.390
105,白米零售,長糯,新竹市,55.430,60.730,61.560,61.520,60.700,60.240,58.890,53.120,49.170,49.170,49.390,49.600,51.030
105,白米零售,長糯,台中市,56.860,62.030,62.350,61.760,61.070,60.850,58.740,56.080,51.310,51.310,51.480,52.220,53.160
105,白米零售,長糯,嘉義市,55.210,59.660,59.880,58.990,58.640,58.640,58.270,53.990,53.060,51.930,49.640,49.470,50.310
105,白米零售,長糯,台南市,59.670,64.430,64.350,63.740,63.670,63.550,58.980,57.320,55.670,55.670,55.800,56.240,56.630
105,白米零售,長糯,台北市,58.740,58.740,58.880,59.600,59.800,59.580,59.150,58.440,58.140,58.110,58.110,58.140,58.220
105,白米零售,長糯,高雄市,57.290,62.240,62.270,61.100,59.500,58.910,57.510,54.470,54.050,53.900,54.110,54.310,55.060
106,白米零售,長糯,新北市,53.760,56.360,56.370,56.370,56.340,55.910,55.280,52.890,51.240,51.170,51.110,51.110,50.980
106,白米零售,長糯,宜蘭縣,53.140,54.070,54.170,54.170,54.170,54.170,54.170,54.170,54.170,51.970,50.830,50.830,50.830
106,白米零售,長糯,桃園市,55.450,58.330,58.330,58.330,58.330,55.140,55.000,55.000,55.000,55.000,54.830,51.870,50.260
106,白米零售,長糯,新竹縣,50.480,52.220,51.980,51.110,51.110,50.720,49.440,49.890,50.000,50.000,50.000,49.440,49.820
106,白米零售,長糯,苗栗縣,50.670,53.040,53.040,53.040,53.040,52.270,49.180,49.080,49.080,49.080,49.080,49.080,49.080
106,白米零售,長糯,彰化縣,48.540,51.140,51.430,50.420,49.590,48.790,48.410,47.910,47.030,47.350,47.350,47.140,45.950
106,白米零售,長糯,南投縣,51.270,53.040,53.460,52.730,52.180,51.620,50.480,50.360,50.360,50.360,50.360,50.360,49.940
106,白米零售,長糯,雲林縣,48.220,51.260,51.260,51.260,51.260,51.260,48.100,46.340,45.730,45.620,45.620,45.620,45.310
106,白米零售,長糯,嘉義縣,47.130,49.220,49.340,49.220,49.180,47.540,46.490,45.910,45.910,45.820,45.700,45.580,45.630
106,白米零售,長糯,屏東縣,52.710,55.760,55.760,55.760,53.310,51.340,51.710,51.710,51.710,51.710,51.710,51.260,50.830
106,白米零售,長糯,台東縣,59.350,59.520,57.730,57.730,57.730,57.730,57.730,57.730,59.930,61.590,61.590,61.590,61.590
106,白米零售,長糯,花蓮縣,58.830,59.690,59.420,58.740,58.690,58.690,58.690,58.690,58.690,58.690,58.690,58.690,58.630
106,白米零售,長糯,澎湖縣,52.640,54.440,54.440,53.930,53.560,53.560,51.730,51.670,51.670,51.670,51.670,51.670,51.670
106,白米零售,長糯,基隆市,54.170,55.420,55.420,55.420,55.420,55.030,54.590,53.090,53.140,53.210,53.210,53.170,52.930
106,白米零售,長糯,新竹市,50.230,51.680,51.940,51.940,51.940,51.080,50.280,49.700,49.170,48.980,48.890,48.720,48.410
106,白米零售,長糯,台中市,52.190,54.740,54.700,54.360,53.170,52.640,52.480,52.260,50.420,50.530,50.480,50.240,50.240
106,白米零售,長糯,嘉義市,48.170,50.430,50.430,50.430,49.240,48.150,47.250,47.320,47.470,47.160,46.870,46.670,46.670
106,白米零售,長糯,台南市,54.810,56.630,56.630,56.440,55.830,55.460,54.540,54.000,54.000,54.000,54.000,54.000,52.130
106,白米零售,長糯,台北市,56.820,58.260,58.280,58.270,58.240,58.120,57.730,56.130,55.570,55.250,55.230,55.330,55.450
106,白米零售,長糯,高雄市,50.970,55.380,55.460,53.810,52.470,51.050,49.870,49.680,49.450,49.550,49.180,47.780,47.920
107,白米零售,長糯,新北市,50.040,50.530,50.280,50.170,50.090,50.090,50.090,50.090,50.090,50.000,49.810,49.710,49.570
107,白米零售,長糯,宜蘭縣,49.500,50.110,50.000,50.000,50.000,50.000,49.860,49.580,49.090,49.050,49.050,48.710,48.540
107,白米零售,長糯,桃園市,46.430,48.350,47.670,47.670,47.670,47.670,47.670,47.670,47.670,44.030,43.680,43.710,43.710
107,白米零售,長糯,新竹縣,48.670,50.000,50.000,50.000,50.000,49.710,47.780,47.780,47.780,47.780,47.780,47.780,47.600
107,白米零售,長糯,苗栗縣,49.080,49.080,49.080,49.080,49.080,49.080,49.080,49.080,49.080,49.080,49.080,49.080,49.080
107,白米零售,長糯,彰化縣,43.900,45.030,44.900,44.900,44.900,44.900,44.840,43.570,43.030,42.860,42.860,42.860,42.150
107,白米零售,長糯,南投縣,47.980,49.730,49.460,49.310,49.110,49.110,49.110,48.990,46.760,46.530,46.070,46.070,45.450
107,白米零售,長糯,雲林縣,43.020,43.990,43.970,43.970,43.450,43.420,43.420,43.340,42.220,42.110,42.110,42.110,42.110
107,白米零售,長糯,嘉義縣,45.240,45.720,45.720,45.720,45.720,45.720,45.720,45.690,44.990,44.990,44.620,44.510,43.710
107,白米零售,長糯,屏東縣,48.880,50.730,50.130,50.130,50.130,50.130,49.740,49.630,49.090,47.520,47.520,46.640,45.200
107,白米零售,長糯,台東縣,60.810,61.590,61.590,61.590,61.590,61.590,61.590,61.590,61.590,61.590,61.590,57.610,56.160
107,白米零售,長糯,花蓮縣,58.620,58.170,58.170,58.180,58.320,58.370,58.030,58.770,59.090,59.090,59.090,59.090,59.090
107,白米零售,長糯,澎湖縣,51.170,51.670,51.670,51.670,51.670,51.670,51.670,51.150,50.680,50.560,50.560,50.560,50.560
107,白米零售,長糯,基隆市,52.580,52.630,52.860,52.860,52.860,52.860,52.860,52.860,52.860,52.860,52.400,51.790,51.250
107,白米零售,長糯,新竹市,46.780,48.060,48.060,48.060,48.060,47.410,46.570,46.110,46.110,46.110,45.930,45.560,45.290
107,白米零售,長糯,台中市,49.550,50.240,50.240,50.370,50.470,50.470,50.100,49.820,49.450,48.440,48.440,48.440,48.090
107,白米零售,長糯,嘉義市,45.860,46.670,46.670,46.670,46.670,46.670,46.560,46.380,45.680,44.970,44.750,44.330,44.330
107,白米零售,長糯,台南市,50.460,51.500,51.500,51.500,51.500,51.340,50.650,49.730,49.630,49.630,49.630,49.630,49.270
107,白米零售,長糯,台北市,54.590,55.640,55.060,54.630,54.630,54.630,54.630,54.630,54.630,54.630,54.460,54.020,53.460
107,白米零售,長糯,高雄市,46.760,48.010,47.590,47.470,47.520,47.480,47.200,47.020,46.610,46.200,45.600,45.170,45.260
108,白米零售,長糯,新北市,48.960,49.180,48.980,48.990,48.700,48.490,48.400,48.530,49.260,49.260,49.260,49.260,49.260
108,白米零售,長糯,宜蘭縣,51.480,48.540,48.540,48.220,48.130,48.130,48.130,50.730,53.620,56.350,56.480,55.880,55.000
108,白米零售,長糯,桃園市,45.020,43.710,43.710,42.680,42.500,42.500,42.560,44.640,47.030,47.380,47.380,48.400,47.760
108,白米零售,長糯,新竹縣,48.710,47.220,47.220,47.220,47.220,47.150,46.110,47.010,50.500,51.520,51.110,51.110,51.110
108,白米零售,長糯,苗栗縣,46.860,49.080,49.080,49.080,45.550,46.300,44.440,44.440,44.440,46.550,47.770,47.770,47.770
108,白米零售,長糯,彰化縣,45.260,41.430,41.430,41.430,41.430,41.430,41.430,46.770,49.240,49.590,49.590,49.590,49.740
108,白米零售,長糯,南投縣,46.690,44.230,43.930,43.930,43.930,43.930,43.930,47.970,49.100,49.820,49.820,49.610,50.060
108,白米零售,長糯,雲林縣,44.410,42.110,42.110,42.110,42.110,42.110,42.110,42.560,47.190,47.540,47.540,47.540,47.850
108,白米零售,長糯,嘉義縣,45.290,41.610,41.610,41.610,41.610,41.750,41.960,45.210,48.760,49.960,49.960,49.740,49.720
108,白米零售,長糯,屏東縣,46.720,44.630,44.630,44.630,44.630,44.220,43.900,44.730,48.780,50.040,50.040,50.040,50.350
108,白米零售,長糯,台東縣,54.730,56.160,56.160,56.160,56.160,54.130,53.990,53.990,53.990,53.990,53.990,53.990,53.990
108,白米零售,長糯,花蓮縣,59.090,59.090,59.090,59.090,59.090,59.090,59.090,59.090,59.090,59.090,59.090,59.090,59.090
108,白米零售,長糯,澎湖縣,50.560,50.560,50.560,50.560,50.560,50.560,50.560,50.560,50.560,50.560,50.560,50.560,50.560
108,白米零售,長糯,基隆市,50.790,50.740,50.360,50.260,50.120,50.120,50.120,50.550,51.430,51.430,51.430,51.430,51.430
108,白米零售,長糯,新竹市,47.450,45.170,45.280,45.280,45.280,44.650,44.810,46.500,49.470,50.480,50.830,50.830,50.830
108,白米零售,長糯,台中市,49.490,46.970,46.700,46.670,46.490,46.490,47.080,49.210,53.000,53.570,52.920,52.190,52.560
108,白米零售,長糯,嘉義市,45.980,44.330,44.330,44.330,44.330,42.990,42.880,45.680,48.690,48.700,48.700,48.700,48.130
108,白米零售,長糯,台南市,49.710,49.130,49.130,49.130,49.130,49.130,49.000,49.250,50.100,50.630,50.630,50.630,50.630
108,白米零售,長糯,台北市,53.150,53.020,52.960,52.920,52.780,52.780,52.780,52.960,53.520,53.520,53.520,53.520,53.520
108,白米零售,長糯,高雄市,47.600,45.110,45.040,44.880,44.430,43.910,43.760,47.990,50.860,51.750,51.450,51.240,50.790
109,白米零售,長糯,新北市,50.480,49.260,49.260,49.260,49.880,50.830,50.830,50.830,50.830,50.830,50.830,50.830,52.330
109,白米零售,長糯,宜蘭縣,55.000,55.000,55.000,55.000,55.000,55.000,55.000,55.000,55.000,55.000,55.000,55.000,55.000
109,白米零售,長糯,桃園市,48.700,47.740,47.740,47.740,49.540,50.480,49.950,47.940,47.970,47.970,47.650,47.380,52.320
109,白米零售,長糯,新竹縣,52.000,51.110,51.110,51.110,51.110,51.110,51.440,51.290,52.220,52.220,52.220,52.330,56.750
109,白米零售,長糯,苗栗縣,52.170,50.460,51.610,51.660,51.410,50.830,52.030,52.500,52.790,52.920,52.920,52.920,54.040
109,白米零售,長糯,彰化縣,50.220,49.800,49.800,49.800,49.690,50.000,50.000,50.000,50.060,50.200,50.200,50.200,52.900
109,白米零售,長糯,南投縣,51.960,50.840,51.710,51.790,52.190,52.500,50.890,51.190,51.430,51.950,52.150,52.200,54.690
109,白米零售,長糯,雲林縣,48.320,48.380,48.380,48.380,48.380,48.380,48.380,47.700,47.620,47.620,47.620,47.700,51.280
109,白米零售,長糯,嘉義縣,50.470,49.720,49.720,49.720,50.010,50.200,49.720,50.180,50.270,50.270,50.270,51.510,54.060
109,白米零售,長糯,屏東縣,49.240,50.300,49.720,49.560,49.310,49.890,50.250,50.250,48.910,47.820,47.380,47.650,49.840
109,白米零售,長糯,台東縣,53.990,53.990,53.990,53.990,53.990,53.990,53.990,53.990,53.990,53.990,53.990,53.990,53.990
109,白米零售,長糯,花蓮縣,58.680,59.090,59.090,59.090,59.090,59.090,59.090,59.090,59.090,59.090,59.090,59.090,54.200
109,白米零售,長糯,澎湖縣,50.560,50.560,50.560,50.560,50.560,50.560,50.560,50.560,50.560,50.560,50.560,50.560,50.560
109,白米零售,長糯,基隆市,52.220,51.430,51.430,51.430,51.960,52.170,52.380,52.380,52.380,52.380,52.380,52.400,53.910
109,白米零售,長糯,新竹市,51.820,50.830,50.830,50.420,51.040,52.290,50.390,50.850,52.140,51.940,52.020,53.180,55.900
109,白米零售,長糯,台中市,52.920,52.790,52.790,52.790,53.080,52.860,53.000,51.780,51.860,52.070,52.000,52.940,57.100
109,白米零售,長糯,嘉義市,49.610,47.520,47.520,47.520,48.570,49.560,49.360,49.680,49.980,50.140,50.140,50.950,54.400
109,白米零售,長糯,台南市,52.220,50.630,50.630,50.630,50.630,50.630,51.280,52.250,52.250,52.250,52.250,54.300,58.880
109,白米零售,長糯,台北市,54.330,53.520,53.520,53.520,53.760,54.630,54.630,54.630,54.630,54.630,54.630,54.630,55.220
109,白米零售,長糯,高雄市,51.690,50.420,50.380,50.390,50.650,51.560,51.120,51.300,51.770,52.140,51.940,52.560,56.030
110,白米零售,長糯,新北市,55.940,55.620,56.670,56.670,56.670,56.670,56.670,55.840,55.340,55.290,55.290,55.290,55.290
110,白米零售,長糯,宜蘭縣,55.320,55.000,55.000,55.000,55.000,55.000,55.000,55.000,55.000,55.630,56.060,56.060,56.060
110,白米零售,長糯,桃園市,53.470,56.380,58.400,58.090,58.090,57.990,57.850,55.160,47.780,47.500,47.800,48.100,48.450
110,白米零售,長糯,新竹縣,54.890,58.330,58.890,58.890,58.890,58.670,56.850,55.270,52.780,51.780,49.440,49.440,49.440
110,白米零售,長糯,苗栗縣,55.630,54.360,58.220,58.250,58.250,55.950,55.750,55.670,55.330,55.270,54.500,54.310,51.670
110,白米零售,長糯,彰化縣,52.280,56.730,57.450,57.360,57.140,54.940,54.080,53.650,51.410,48.060,45.510,45.510,45.510
110,白米零售,長糯,南投縣,54.640,57.140,57.140,56.830,56.780,57.000,56.780,55.990,52.520,52.230,51.120,51.070,51.070
110,白米零售,長糯,雲林縣,51.420,54.450,55.030,55.030,55.030,55.030,54.410,52.700,47.420,46.990,46.990,46.990,46.990
110,白米零售,長糯,嘉義縣,51.160,54.120,56.050,56.030,54.790,54.350,54.120,52.390,49.300,46.770,45.460,45.270,45.270
110,白米零售,長糯,屏東縣,53.840,54.490,57.540,56.580,54.480,54.480,54.290,52.620,52.270,52.340,52.340,52.340,52.340
110,白米零售,長糯,台東縣,53.990,53.990,53.990,53.990,53.990,53.990,53.990,53.990,53.990,53.990,53.990,53.990,53.990
110,白米零售,長糯,花蓮縣,54.480,54.200,54.500,54.500,54.500,54.500,54.500,54.500,54.500,54.500,54.500,54.500,54.500
110,白米零售,長糯,澎湖縣,57.940,55.360,57.500,57.980,60.000,60.000,59.170,57.820,57.500,57.500,57.500,57.500,57.500
110,白米零售,長糯,基隆市,56.740,56.190,56.790,56.790,56.790,56.790,56.790,56.790,56.790,56.790,56.790,56.790,56.790
110,白米零售,長糯,新竹市,52.910,58.010,58.810,58.890,58.810,56.900,52.330,51.050,49.010,48.320,47.500,47.500,47.780
110,白米零售,長糯,台中市,55.080,57.570,58.140,58.140,58.010,57.630,57.260,56.180,53.160,51.430,51.430,51.030,51.000
110,白米零售,長糯,嘉義市,53.000,55.960,56.730,56.810,56.080,54.750,53.740,51.050,50.430,50.430,50.430,49.910,49.690
110,白米零售,長糯,台南市,57.210,60.040,60.250,60.250,60.170,59.980,60.190,58.570,53.880,53.310,53.310,53.310,53.310
110,白米零售,長糯,台北市,57.270,57.050,57.590,57.590,57.580,57.410,57.410,57.410,57.170,57.030,57.000,57.000,57.000
110,白米零售,長糯,高雄市,57.130,57.250,57.710,58.170,57.640,57.450,57.450,57.450,57.450,57.410,56.360,55.600,55.600
111,白米零售,長糯,新北市,54.370,54.710,54.710,54.710,54.380,54.170,54.170,54.260,54.270,54.270,54.270,54.270,54.270
111,白米零售,長糯,宜蘭縣,56.070,56.060,56.060,56.060,56.060,56.060,56.060,56.060,56.060,56.060,56.060,56.100,56.100
111,白米零售,長糯,桃園市,48.930,48.450,48.450,48.450,48.450,48.490,48.810,49.060,49.400,49.400,49.400,49.400,49.400
111,白米零售,長糯,新竹縣,50.740,49.620,50.000,50.000,50.410,51.110,51.110,51.110,51.110,51.110,51.110,51.110,51.110
111,白米零售,長糯,苗栗縣,51.560,51.670,51.670,51.670,51.670,51.670,51.670,51.670,51.670,51.600,51.250,51.250,51.250
111,白米零售,長糯,彰化縣,46.490,43.270,43.060,43.060,44.420,46.370,45.510,46.070,46.610,48.870,50.200,50.200,50.210
111,白米零售,長糯,南投縣,50.700,51.070,51.070,51.070,50.880,50.540,50.540,50.540,50.540,50.540,50.540,50.540,50.540
111,白米零售,長糯,雲林縣,46.960,45.040,45.250,45.670,45.670,45.670,45.670,46.680,48.210,48.740,49.170,49.160,48.540
111,白米零售,長糯,嘉義縣,48.250,46.990,47.200,48.070,47.200,47.530,47.860,48.960,49.030,49.030,49.030,49.030,49.030
111,白米零售,長糯,屏東縣,52.330,52.340,52.340,52.340,52.340,52.340,52.340,52.340,52.340,52.340,52.340,52.330,52.220
111,白米零售,長糯,台東縣,53.990,53.990,53.990,53.990,53.990,53.990,53.990,53.990,53.990,53.990,53.990,53.990,53.990
111,白米零售,長糯,花蓮縣,55.290,54.500,54.500,55.670,55.670,55.670,55.740,55.750,54.960,55.250,55.250,55.250,55.250
111,白米零售,長糯,澎湖縣,55.420,57.500,57.500,55.000,55.000,55.000,55.000,55.000,55.000,55.000,55.000,55.000,55.000
111,白米零售,長糯,基隆市,56.620,57.140,57.140,57.140,56.590,56.430,56.430,56.430,56.430,56.430,56.430,56.430,56.430
111,白米零售,長糯,新竹市,48.080,47.640,47.640,47.450,47.410,47.300,47.360,47.510,48.890,48.890,48.890,48.890,49.080
111,白米零售,長糯,台中市,51.790,50.930,50.860,50.860,50.860,50.970,51.140,51.800,52.650,52.850,52.850,52.850,52.810
111,白米零售,長糯,嘉義市,47.240,46.960,46.960,46.960,46.960,46.250,45.850,46.540,47.480,47.940,48.190,48.260,48.510
111,白米零售,長糯,台南市,53.770,52.640,52.060,52.060,52.190,52.690,53.590,55.000,55.000,55.000,55.000,55.000,55.000
111,白米零售,長糯,台北市,56.280,56.630,56.630,56.630,56.630,56.630,56.280,55.990,55.980,55.980,55.980,55.980,55.980
111,白米零售,長糯,高雄市,55.730,55.600,55.600,55.600,55.600,55.600,55.610,55.700,55.920,55.990,55.990,55.830,55.720
112,白米零售,長糯,新北市,54.160,54.140,54.020,54.040,54.130,54.130,54.130,54.130,54.130,54.150,54.230,54.230,54.450
112,白米零售,長糯,宜蘭縣,55.340,56.100,56.100,56.100,56.100,56.100,55.560,55.130,54.740,54.740,54.740,54.740,53.890
112,白米零售,長糯,桃園市,49.280,49.400,49.400,49.320,49.170,49.170,49.280,49.290,49.270,49.200,49.270,49.270,49.270
112,白米零售,長糯,新竹縣,51.830,51.110,51.470,52.220,52.220,52.220,51.960,51.670,51.670,51.670,51.670,51.670,52.380
112,白米零售,長糯,苗栗縣,51.440,51.250,51.250,51.250,51.250,51.250,51.250,51.250,51.250,51.250,51.250,51.250,53.480
112,白米零售,長糯,彰化縣,50.130,50.240,50.240,50.240,50.240,50.240,50.240,50.100,50.000,50.000,50.000,50.000,50.000
112,白米零售,長糯,南投縣,50.540,50.540,50.540,50.540,50.540,50.540,50.540,50.540,50.540,50.540,50.540,50.540,50.540
112,白米零售,長糯,雲林縣,48.430,48.340,48.340,48.400,48.540,48.540,48.540,48.260,47.990,48.030,48.240,48.380,49.580
112,白米零售,長糯,嘉義縣,50.200,49.030,49.030,50.020,50.420,50.420,50.420,50.420,50.420,50.420,50.420,50.420,50.910
112,白米零售,長糯,屏東縣,52.000,52.220,52.220,52.220,52.220,51.960,51.870,51.870,51.870,51.870,51.870,51.870,51.880
112,白米零售,長糯,台東縣,53.990,53.990,53.990,53.990,53.990,53.990,53.990,53.990,53.990,53.990,53.990,53.990,53.990
112,白米零售,長糯,花蓮縣,55.250,55.250,55.250,55.250,55.250,55.250,55.250,55.250,55.250,55.250,55.250,55.250,55.250
112,白米零售,長糯,澎湖縣,58.410,55.000,57.730,58.330,58.780,58.890,58.890,58.890,58.890,58.890,58.890,58.890,58.890
112,白米零售,長糯,基隆市,55.870,56.430,56.380,55.740,55.610,55.610,55.720,55.830,55.830,55.830,55.830,55.830,55.830
112,白米零售,長糯,新竹市,52.630,51.550,52.220,52.340,52.770,53.200,53.140,52.830,52.720,52.720,52.720,52.720,52.610
112,白米零售,長糯,台中市,53.460,52.750,53.850,53.840,53.430,53.430,53.430,53.400,53.280,53.380,53.570,53.570,53.640
112,白米零售,長糯,嘉義市,49.260,48.190,48.190,48.790,48.990,49.380,49.570,49.430,49.370,49.570,49.570,49.570,50.440
112,白米零售,長糯,台南市,55.360,55.000,55.000,55.000,55.000,55.000,55.000,55.000,55.320,55.770,55.790,55.980,56.500
112,白米零售,長糯,台北市,56.170,56.080,56.170,56.130,56.110,56.110,56.020,55.930,55.930,56.070,56.480,56.480,56.480
112,白米零售,長糯,高雄市,55.770,55.720,55.720,55.720,55.720,55.720,55.720,55.720,55.720,55.720,55.760,56.000,56.000
113,白米零售,長糯,新北市,54.620,55.110,55.140,54.440,54.440,54.630,54.770,54.460,54.390,54.500,54.440,54.510,54.660
113,白米零售,長糯,宜蘭縣,54.830,53.890,53.890,54.750,55.000,55.000,55.000,55.000,54.840,54.810,54.810,54.980,55.930
113,白米零售,長糯,桃園市,50.160,50.390,50.990,50.630,50.630,50.470,49.790,49.790,49.790,49.790,49.790,49.860,50.000
113,白米零售,長糯,新竹縣,52.620,52.810,52.920,52.920,52.920,53.320,52.530,52.330,52.330,52.330,52.330,52.330,52.330
113,白米零售,長糯,苗栗縣,53.930,54.170,54.170,54.730,54.580,54.580,53.570,53.250,53.250,53.250,53.250,53.850,54.500
113,白米零售,長糯,彰化縣,49.640,50.050,50.240,51.240,51.430,49.770,49.090,48.930,48.680,48.980,48.980,49.050,49.220
113,白米零售,長糯,南投縣,52.170,50.540,50.540,51.440,51.900,52.550,53.050,52.780,52.210,52.380,52.490,52.580,53.590
113,白米零售,長糯,雲林縣,49.620,51.200,51.200,50.590,49.260,48.950,48.890,48.920,49.210,49.310,49.310,49.310,49.310
113,白米零售,長糯,嘉義縣,51.370,51.310,51.380,51.380,51.380,51.380,51.380,51.380,51.380,51.380,51.380,51.380,51.380
113,白米零售,長糯,屏東縣,51.930,52.050,52.050,52.050,52.050,51.900,51.870,51.870,51.870,51.870,51.870,51.870,51.870
113,白米零售,長糯,台東縣,58.870,57.390,57.500,57.500,57.500,57.500,57.500,57.500,57.890,61.550,61.550,61.550,61.550
113,白米零售,長糯,花蓮縣,56.100,55.250,55.250,55.250,55.250,55.940,56.500,56.500,56.500,56.500,56.500,56.500,57.270
113,白米零售,長糯,澎湖縣,58.890,58.890,58.890,58.890,58.890,58.890,58.890,58.890,58.890,58.890,58.890,58.890,58.890
113,白米零售,長糯,基隆市,56.410,55.830,55.830,55.830,55.830,55.830,55.830,56.210,56.530,56.010,56.360,57.960,58.890
113,白米零售,長糯,新竹市,52.710,52.530,52.530,52.530,52.530,52.530,52.850,52.920,52.920,52.790,52.780,52.780,52.780
113,白米零售,長糯,台中市,54.250,54.710,54.860,54.860,54.860,55.050,55.120,54.420,53.410,53.330,53.330,53.330,53.710
113,白米零售,長糯,嘉義市,50.470,50.900,50.430,50.430,50.430,50.430,50.430,50.430,50.430,50.430,50.430,50.430,50.430
113,白米零售,長糯,台南市,55.080,56.500,56.500,56.500,56.290,55.740,54.360,54.360,54.360,54.360,54.360,54.360,53.240
113,白米零售,長糯,台北市,56.730,56.220,56.480,56.480,56.480,56.480,56.480,56.530,56.670,56.670,56.780,57.480,57.960
113,白米零售,長糯,高雄市,56.000,56.000,56.000,56.000,56.000,56.000,56.000,56.000,56.000,56.000,56.000,56.000,56.000
114,白米零售,長糯,新北市,56.970,55.390,55.520,55.520,55.570,56.280,57.040,57.430,57.960,58.150,58.220,58.200,58.350
114,白米零售,長糯,宜蘭縣,55.700,56.020,56.020,56.020,56.020,56.020,56.020,56.020,55.530,55.180,55.180,55.180,55.180
114,白米零售,長糯,桃園市,52.280,50.000,50.000,49.960,49.900,50.680,50.730,52.230,54.270,55.000,54.920,54.760,54.870
114,白米零售,長糯,新竹縣,52.690,52.330,52.330,52.330,52.330,52.330,52.330,52.330,52.650,53.330,53.330,53.330,53.330
114,白米零售,長糯,苗栗縣,54.860,54.500,54.500,54.500,54.500,54.500,54.710,54.920,54.920,54.920,54.920,54.920,56.540
114,白米零售,長糯,彰化縣,50.890,49.390,49.390,49.390,49.390,49.390,49.390,50.160,52.040,52.040,53.150,53.470,53.470
114,白米零售,長糯,南投縣,54.580,53.650,53.650,53.650,53.650,53.650,54.030,54.870,55.550,55.550,55.550,55.550,55.550
114,白米零售,長糯,雲林縣,49.390,48.460,47.930,47.930,47.930,48.420,48.940,50.010,50.010,50.200,50.840,50.840,51.200
114,白米零售,長糯,嘉義縣,53.220,51.380,51.380,51.380,51.380,51.380,51.380,52.780,55.310,55.310,55.340,55.790,55.790
114,白米零售,長糯,屏東縣,52.180,51.870,51.870,51.870,51.870,51.870,52.200,52.330,52.330,52.330,52.330,52.330,52.970
114,白米零售,長糯,台東縣,61.550,61.550,61.550,61.550,61.550,61.550,61.550,61.550,61.550,61.550,61.550,61.550,61.550
114,白米零售,長糯,花蓮縣,58.410,58.000,58.000,58.000,58.000,58.000,58.000,58.560,58.880,58.880,58.880,58.880,58.880
114,白米零售,長糯,澎湖縣,58.890,58.890,58.890,58.890,58.890,58.890,58.890,58.890,58.890,58.890,58.890,58.890,58.890
114,白米零售,長糯,基隆市,62.210,59.690,60.000,60.290,60.760,61.330,61.670,62.520,63.550,64.170,64.170,64.170,64.170
114,白米零售,長糯,新竹市,53.190,52.780,52.780,52.780,52.780,52.780,52.780,53.560,53.610,53.610,53.610,53.610,53.610
114,白米零售,長糯,台中市,55.640,54.620,54.560,54.220,54.250,54.780,55.010,55.930,56.530,56.940,56.940,56.940,57.010
114,白米零售,長糯,嘉義市,52.030,50.430,50.430,50.430,50.430,50.430,50.430,51.670,53.910,53.910,53.930,54.200,54.200
114,白米零售,長糯,台南市,54.100,53.250,53.570,53.570,53.520,53.490,54.540,54.540,54.540,54.540,54.540,54.540,54.540
114,白米零售,長糯,台北市,61.320,58.690,59.070,59.390,60.180,60.740,61.070,61.660,61.970,62.550,63.340,63.520,63.630
114,白米零售,長糯,高雄市,57.380,56.720,57.440,57.440,57.440,57.440,57.440,57.440,57.440,57.440,57.440,57.490,57.370
115,白米零售,長糯,新北市,58.860,58.370,58.510,58.810,58.940,59.300,59.400,59.370,58.190,,,,
115,白米零售,長糯,宜蘭縣,55.110,55.180,55.180,55.180,55.180,55.180,55.180,54.990,54.790,,,,
115,白米零售,長糯,桃園市,54.620,55.000,55.000,54.770,54.720,54.720,54.590,54.160,54.030,,,,
115,白米零售,長糯,新竹縣,53.680,53.330,53.330,53.330,53.420,54.000,54.000,54.000,54.000,,,,
115,白米零售,長糯,苗栗縣,56.430,56.580,56.580,56.580,56.580,56.580,56.580,56.130,55.830,,,,
115,白米零售,長糯,彰化縣,54.510,53.470,54.130,54.580,54.900,54.900,54.750,54.690,54.690,,,,
115,白米零售,長糯,南投縣,56.580,55.880,56.550,56.820,56.820,56.820,56.750,56.510,56.510,,,,
115,白米零售,長糯,雲林縣,52.340,51.570,52.150,52.150,52.110,52.500,53.240,52.590,52.370,,,,
115,白米零售,長糯,嘉義縣,55.790,55.790,55.790,55.790,55.790,55.790,55.790,55.790,55.790,,,,
115,白米零售,長糯,屏東縣,53.170,53.170,53.170,53.170,53.170,53.170,53.170,53.170,53.170,,,,
115,白米零售,長糯,台東縣,61.550,61.550,61.550,61.550,61.550,61.550,61.550,61.550,61.550,,,,
115,白米零售,長糯,花蓮縣,58.880,58.880,58.880,58.880,58.880,58.880,58.880,58.880,58.880,,,,
115,白米零售,長糯,澎湖縣,58.890,58.890,58.890,58.890,58.890,58.890,58.890,58.890,58.890,,,,
115,白米零售,長糯,基隆市,64.270,64.170,64.170,64.490,64.490,64.330,64.330,64.330,63.830,,,,
115,白米零售,長糯,新竹市,53.950,53.610,53.610,53.610,53.710,54.360,54.330,54.190,54.190,,,,
115,白米零售,長糯,台中市,57.930,57.200,57.220,57.330,57.420,58.570,58.570,58.570,58.570,,,,
115,白米零售,長糯,嘉義市,54.200,54.200,54.200,54.200,54.200,54.200,54.200,54.200,54.200,,,,
115,白米零售,長糯,台南市,55.700,55.070,55.790,55.790,55.790,55.790,55.790,55.790,55.790,,,,
115,白米零售,長糯,台北市,65.400,64.680,65.000,65.030,65.930,65.870,65.560,65.560,65.580,,,,
115,白米零售,長糯,高雄市,58.090,57.140,57.970,58.330,58.250,58.250,58.250,58.250,58.250,,,,
82,白米躉售,稉種(蓬萊),新北市,28.590,28.000,28.120,29.320,29.820,30.000,28.790,27.000,27.520,27.670,28.200,29.520,29.170
82,白米躉售,稉種(蓬萊),宜蘭縣,27.050,25.800,26.670,28.350,29.060,28.440,27.000,24.960,25.850,26.330,26.680,27.870,27.550
82,白米躉售,稉種(蓬萊),桃園市,27.350,26.330,26.920,28.550,29.390,29.110,27.020,25.160,26.340,26.640,27.080,28.040,27.640
82,白米躉售,稉種(蓬萊),新竹縣,27.190,26.000,26.440,28.050,29.170,28.750,27.320,25.000,25.980,26.670,27.030,28.130,27.730
82,白米躉售,稉種(蓬萊),苗栗縣,27.270,26.170,26.870,28.520,29.270,28.900,26.880,24.860,26.360,26.490,27.070,28.190,27.650
82,白米躉售,稉種(蓬萊),台中縣,27.450,26.550,26.950,28.600,29.640,29.340,27.160,24.850,26.170,26.620,27.050,28.380,28.050
82,白米躉售,稉種(蓬萊),彰化縣,27.860,27.140,27.540,29.130,30.000,29.930,27.410,25.150,26.410,26.860,27.370,28.800,28.530
82,白米躉售,稉種(蓬萊),南投縣,27.470,26.430,27.010,28.400,29.630,29.740,27.320,25.000,26.030,26.710,26.970,28.390,28.050
82,白米躉售,稉種(蓬萊),雲林縣,28.270,27.930,28.660,30.870,31.430,29.730,26.050,25.070,26.610,27.060,27.510,29.580,28.710
82,白米躉售,稉種(蓬萊),嘉義縣,27.370,26.740,27.630,28.670,29.470,29.820,26.420,25.130,25.820,26.170,26.610,28.220,27.740
82,白米躉售,稉種(蓬萊),台南縣,27.240,26.000,27.520,28.500,29.320,29.520,26.050,25.010,25.980,26.550,26.740,28.040,27.690
82,白米躉售,稉種(蓬萊),高雄縣,27.230,26.460,27.320,28.770,29.320,28.750,26.320,24.770,25.740,26.450,26.540,28.230,28.050
82,白米躉售,稉種(蓬萊),屏東縣,26.910,25.370,25.370,26.990,28.270,28.250,26.310,25.500,25.950,26.670,26.830,28.570,28.840
82,白米躉售,稉種(蓬萊),台東縣,27.480,26.000,26.720,28.530,29.660,29.710,28.040,25.500,25.940,26.670,26.670,28.030,28.260
82,白米躉售,稉種(蓬萊),花蓮縣,27.470,26.170,26.970,28.960,29.680,29.910,28.000,25.000,25.890,26.670,26.800,27.870,27.770
82,白米躉售,稉種(蓬萊),澎湖縣,28.700,27.930,28.380,29.130,30.000,30.000,29.310,26.890,27.420,27.930,28.160,29.470,29.810
82,白米躉售,稉種(蓬萊),基隆市,28.470,27.500,27.630,29.200,29.800,30.000,28.840,26.840,27.520,27.670,28.190,29.510,28.960
82,白米躉售,稉種(蓬萊),新竹市,27.190,26.000,26.440,28.050,29.170,28.750,27.320,25.000,25.980,26.670,27.030,28.130,27.730
82,白米躉售,稉種(蓬萊),台中市,27.530,26.550,27.100,28.690,29.710,29.470,27.360,24.990,26.220,26.620,27.050,28.490,28.160
82,白米躉售,稉種(蓬萊),嘉義市,27.370,26.740,27.630,28.670,29.470,29.820,26.420,25.130,25.820,26.170,26.610,28.220,27.740
82,白米躉售,稉種(蓬萊),台南市,27.660,26.790,27.690,28.980,29.620,29.760,27.140,25.600,26.210,26.790,26.970,28.200,28.160
82,白米躉售,稉種(蓬萊),台北市,28.590,28.000,28.120,29.320,29.820,30.000,28.790,27.000,27.520,27.670,28.200,29.520,29.170
82,白米躉售,稉種(蓬萊),高雄市,27.230,26.530,27.320,28.770,29.320,28.750,26.320,24.770,25.740,26.450,26.540,28.230,28.050
83,白米躉售,稉種(蓬萊),新北市,27.620,29.160,29.330,29.330,28.820,27.600,25.910,25.570,26.540,26.930,26.180,27.790,28.330
83,白米躉售,稉種(蓬萊),宜蘭縣,25.650,27.710,27.830,27.540,27.010,25.420,23.480,23.480,24.270,24.480,24.190,26.010,26.340
83,白米躉售,稉種(蓬萊),桃園市,25.980,28.210,28.330,27.970,27.400,25.060,23.500,23.950,24.800,24.590,24.630,26.440,26.900
83,白米躉售,稉種(蓬萊),新竹縣,25.820,27.810,28.330,28.040,27.280,25.350,23.320,23.390,24.550,24.700,24.300,26.180,26.630
83,白米躉售,稉種(蓬萊),苗栗縣,25.840,28.050,28.330,27.910,27.060,24.750,23.330,23.680,24.660,24.530,24.350,26.620,26.770
83,白米躉售,稉種(蓬萊),台中縣,25.960,27.970,28.570,28.300,27.650,25.280,22.990,23.330,24.600,24.880,24.450,26.380,27.140
83,白米躉售,稉種(蓬萊),彰化縣,26.810,28.710,29.290,28.990,28.230,26.420,25.110,24.340,25.290,25.360,25.230,27.280,27.510
83,白米躉售,稉種(蓬萊),南投縣,26.340,28.010,28.860,28.820,27.790,25.880,23.880,23.420,25.050,25.360,24.730,26.790,27.490
83,白米躉售,稉種(蓬萊),雲林縣,26.530,28.950,29.790,29.420,27.770,25.010,23.380,24.110,24.960,25.110,24.640,27.520,27.670
83,白米躉售,稉種(蓬萊),嘉義縣,25.710,28.000,28.330,27.840,26.820,24.470,22.800,23.450,24.560,24.770,24.260,26.630,26.640
83,白米躉售,稉種(蓬萊),台南縣,25.750,27.690,28.090,27.990,27.240,24.930,22.500,23.350,24.530,25.000,24.220,26.700,26.810
83,白米躉售,稉種(蓬萊),高雄縣,25.970,28.240,28.670,28.440,27.620,24.640,22.840,23.290,24.580,25.000,24.550,26.770,26.990
83,白米躉售,稉種(蓬萊),屏東縣,25.910,28.260,28.980,28.980,27.700,25.080,22.030,22.930,24.470,24.990,23.990,26.330,27.180
83,白米躉售,稉種(蓬萊),台東縣,26.970,28.260,28.260,28.260,28.260,27.660,26.810,25.410,25.510,26.080,25.300,26.540,27.240
83,白米躉售,稉種(蓬萊),花蓮縣,26.530,28.030,28.670,28.560,27.940,27.050,23.980,23.710,25.150,26.110,24.780,26.700,27.640
83,白米躉售,稉種(蓬萊),澎湖縣,27.900,29.160,29.810,29.920,29.260,28.000,26.600,26.000,26.410,26.900,26.670,27.650,28.380
83,白米躉售,稉種(蓬萊),基隆市,27.480,28.970,29.330,29.330,28.830,27.490,25.860,25.570,26.210,26.470,26.050,27.610,28.000
83,白米躉售,稉種(蓬萊),新竹市,25.820,27.810,28.330,28.040,27.280,25.350,23.320,23.390,24.550,24.640,24.300,26.200,26.570
83,白米躉售,稉種(蓬萊),台中市,26.150,28.130,28.570,28.410,27.710,25.540,23.450,23.610,24.880,24.910,24.740,26.760,27.140
83,白米躉售,稉種(蓬萊),嘉義市,25.710,28.000,28.330,27.840,26.740,24.470,22.800,23.450,24.560,24.770,24.260,26.630,26.640
83,白米躉售,稉種(蓬萊),台南市,25.980,28.230,28.330,28.250,27.760,25.340,22.790,23.620,24.670,25.000,24.220,26.700,26.810
83,白米躉售,稉種(蓬萊),台北市,27.620,29.150,29.330,29.330,28.820,27.600,25.910,25.570,26.540,26.930,26.180,27.790,28.330
83,白米躉售,稉種(蓬萊),高雄市,25.970,28.240,28.670,28.440,27.620,24.640,22.840,23.290,24.580,25.000,24.550,26.770,26.990
84,白米躉售,稉種(蓬萊),新北市,30.690,29.320,31.620,32.550,32.780,32.770,30.350,28.620,29.900,29.660,29.410,30.330,30.920
84,白米躉售,稉種(蓬萊),宜蘭縣,28.890,27.390,29.630,30.680,31.040,31.240,28.920,26.790,27.800,27.780,27.770,28.700,28.910
84,白米躉售,稉種(蓬萊),桃園市,28.970,27.860,29.310,30.880,30.970,31.260,28.670,27.100,27.970,27.700,27.960,28.780,29.180
84,白米躉售,稉種(蓬萊),新竹縣,28.970,27.610,29.530,30.820,31.000,31.270,28.680,27.090,28.110,27.780,27.860,28.810,29.040
84,白米躉售,稉種(蓬萊),苗栗縣,29.050,27.810,30.170,30.990,30.950,31.170,28.580,27.100,28.150,27.800,28.000,28.720,29.140
84,白米躉售,稉種(蓬萊),台中縣,29.230,27.760,30.040,31.640,32.140,31.630,28.690,26.800,28.250,27.960,27.720,28.960,29.110
84,白米躉售,稉種(蓬萊),彰化縣,30.110,28.140,30.860,32.510,34.290,33.300,28.420,27.220,29.120,29.060,28.710,29.710,29.970
84,白米躉售,稉種(蓬萊),南投縣,29.500,27.930,30.200,31.650,32.180,32.570,27.670,27.160,28.720,28.610,28.220,29.530,29.560
84,白米躉售,稉種(蓬萊),雲林縣,29.940,28.780,31.490,32.420,32.170,31.350,27.230,27.440,29.380,29.180,28.930,30.190,30.680
84,白米躉售,稉種(蓬萊),嘉義縣,29.230,27.670,30.980,31.890,32.000,31.350,27.820,27.360,28.330,27.760,27.760,28.800,29.070
84,白米躉售,稉種(蓬萊),台南縣,29.210,27.600,30.470,31.630,32.310,31.560,27.610,26.860,28.530,28.000,27.980,28.810,29.140
84,白米躉售,稉種(蓬萊),高雄縣,29.070,27.610,30.380,31.360,31.960,31.300,27.110,26.980,28.330,28.120,27.700,28.830,29.180
84,白米躉售,稉種(蓬萊),屏東縣,29.270,27.700,30.430,31.590,32.050,31.250,27.940,27.090,28.740,28.260,27.920,28.980,29.300
84,白米躉售,稉種(蓬萊),台東縣,29.980,28.250,31.580,32.230,32.670,32.690,28.940,28.380,29.470,28.680,28.240,29.180,29.410
84,白米躉售,稉種(蓬萊),花蓮縣,29.880,28.180,31.080,32.340,31.930,32.640,29.550,27.660,28.470,29.170,28.490,29.000,30.030
84,白米躉售,稉種(蓬萊),澎湖縣,31.400,29.130,31.580,32.880,33.400,33.780,31.600,30.020,30.810,30.750,30.150,31.230,31.430
84,白米躉售,稉種(蓬萊),基隆市,30.580,28.810,31.490,32.460,32.730,32.790,30.220,28.330,29.890,29.690,29.330,30.330,30.870
84,白米躉售,稉種(蓬萊),新竹市,28.960,27.620,29.530,30.830,31.000,31.270,28.610,27.090,28.130,27.780,27.860,28.810,29.010
84,白米躉售,稉種(蓬萊),台中市,29.510,27.980,30.260,32.010,32.650,31.900,28.980,26.960,28.590,28.240,27.860,29.240,29.490
84,白米躉售,稉種(蓬萊),嘉義市,29.230,27.670,30.980,31.890,32.000,31.350,27.820,27.360,28.330,27.760,27.760,28.800,29.070
84,白米躉售,稉種(蓬萊),台南市,29.210,27.600,30.470,31.630,32.310,31.560,27.610,26.820,28.530,28.000,27.980,28.810,29.140
84,白米躉售,稉種(蓬萊),台北市,30.690,29.320,31.620,32.550,32.780,32.770,30.380,28.620,29.900,29.660,29.410,30.330,30.920
84,白米躉售,稉種(蓬萊),高雄市,29.070,27.610,30.380,31.360,31.960,31.300,27.110,26.980,28.330,28.120,27.700,28.830,29.180
85,白米躉售,稉種(蓬萊),新北市,31.690,32.740,32.810,33.850,34.290,34.420,33.700,31.290,31.060,30.100,28.570,27.870,29.560
85,白米躉售,稉種(蓬萊),宜蘭縣,29.960,30.690,30.750,32.170,32.040,32.000,31.920,29.900,29.290,28.680,27.370,26.830,27.920
85,白米躉售,稉種(蓬萊),桃園市,30.070,31.010,31.100,32.020,31.760,32.000,32.150,30.210,29.420,28.710,27.230,26.820,28.390
85,白米躉售,稉種(蓬萊),新竹縣,30.130,30.900,31.020,31.930,32.170,32.010,32.230,30.550,29.490,28.980,27.430,26.670,28.220
85,白米躉售,稉種(蓬萊),苗栗縣,30.200,30.930,31.060,32.180,32.170,32.160,32.400,30.280,29.780,28.970,27.270,26.750,28.430
85,白米躉售,稉種(蓬萊),台中縣,30.380,30.960,31.330,32.160,32.350,32.420,32.390,30.510,30.030,29.400,27.490,27.050,28.420
85,白米躉售,稉種(蓬萊),彰化縣,31.020,31.890,32.140,33.160,32.510,32.640,32.290,30.970,30.710,30.080,28.380,28.240,29.230
85,白米躉售,稉種(蓬萊),南投縣,30.800,31.820,31.430,32.420,32.690,32.750,32.870,31.150,30.710,29.860,28.070,27.570,28.250
85,白米躉售,稉種(蓬萊),雲林縣,31.560,32.830,33.200,34.040,34.140,34.290,33.350,31.200,31.000,29.820,27.620,27.240,29.930
85,白米躉售,稉種(蓬萊),嘉義縣,30.210,30.950,30.990,31.950,32.000,32.310,31.710,30.250,30.080,29.230,27.330,27.110,28.550
85,白米躉售,稉種(蓬萊),台南縣,30.160,30.830,31.060,32.100,31.960,32.500,31.920,30.260,29.870,28.950,27.130,26.780,28.510
85,白米躉售,稉種(蓬萊),高雄縣,30.310,31.160,31.390,32.220,32.180,32.150,31.880,30.550,30.290,29.140,27.190,27.030,28.480
85,白米躉售,稉種(蓬萊),屏東縣,30.510,31.400,31.970,32.460,31.800,31.560,31.990,31.040,30.830,29.910,27.710,27.300,28.170
85,白米躉售,稉種(蓬萊),台東縣,31.200,31.000,31.390,32.900,32.640,32.690,32.320,31.480,31.350,31.110,29.540,28.890,29.060
85,白米躉售,稉種(蓬萊),花蓮縣,32.500,31.670,31.830,34.170,35.000,35.000,35.000,35.000,34.460,30.140,30.480,28.300,28.890
85,白米躉售,稉種(蓬萊),澎湖縣,32.620,32.600,33.050,33.850,34.000,34.330,34.330,34.050,33.330,32.010,30.680,29.550,29.690
85,白米躉售,稉種(蓬萊),基隆市,31.700,32.680,32.810,33.790,34.320,34.470,33.810,31.370,31.000,30.280,28.630,27.910,29.310
85,白米躉售,稉種(蓬萊),新竹市,30.150,30.900,31.020,31.930,32.170,32.010,32.230,30.530,29.490,28.980,27.430,26.930,28.220
85,白米躉售,稉種(蓬萊),台中市,30.640,31.340,31.430,32.470,32.630,32.840,32.560,30.840,30.390,29.740,27.730,27.080,28.620
85,白米躉售,稉種(蓬萊),嘉義市,30.210,30.950,30.990,31.950,32.000,32.310,31.710,30.250,30.080,29.230,27.330,27.110,28.550
85,白米躉售,稉種(蓬萊),台南市,30.160,30.830,31.060,32.100,31.960,32.500,31.920,30.260,29.870,28.950,27.130,26.780,28.510
85,白米躉售,稉種(蓬萊),台北市,31.700,32.740,32.810,33.850,34.400,34.420,33.700,31.290,31.060,30.100,28.570,27.870,29.560
85,白米躉售,稉種(蓬萊),高雄市,30.310,31.160,31.390,32.220,32.180,32.150,31.880,30.550,30.290,29.140,27.190,27.030,28.480
86,白米躉售,稉種(蓬萊),新北市,28.670,30.890,30.260,29.910,29.990,29.400,27.200,26.880,27.150,26.670,27.390,28.720,29.540
86,白米躉售,稉種(蓬萊),宜蘭縣,26.670,28.420,28.280,28.000,27.900,25.980,24.920,24.970,25.410,25.000,25.940,27.110,28.120
86,白米躉售,稉種(蓬萊),桃園市,26.910,28.940,28.350,28.200,28.110,26.330,24.910,25.260,25.440,25.260,26.350,27.630,28.150
86,白米躉售,稉種(蓬萊),新竹縣,27.050,28.930,28.700,28.360,28.150,26.820,25.080,25.340,25.820,25.410,26.100,27.520,28.390
86,白米躉售,稉種(蓬萊),苗栗縣,27.070,29.070,28.730,28.330,28.250,26.900,25.010,25.310,25.510,25.330,26.380,27.690,28.300
86,白米躉售,稉種(蓬萊),台中縣,27.090,29.160,28.640,28.330,28.310,27.000,25.250,25.170,25.670,25.430,26.150,27.400,28.530
86,白米躉售,稉種(蓬萊),彰化縣,28.410,29.920,30.000,30.000,29.670,28.240,26.280,26.320,27.140,27.030,27.380,28.980,30.000
86,白米躉售,稉種(蓬萊),南投縣,27.820,29.290,29.290,29.290,29.230,28.460,26.380,25.500,26.000,26.000,26.840,28.340,29.190
86,白米躉售,稉種(蓬萊),雲林縣,28.730,31.130,31.070,30.660,30.500,28.250,25.820,26.350,26.860,26.810,27.630,29.420,30.220
86,白米躉售,稉種(蓬萊),嘉義縣,27.110,29.260,28.950,28.830,28.350,27.050,24.850,25.120,25.640,25.000,26.170,28.040,28.100
86,白米躉售,稉種(蓬萊),台南縣,27.150,29.170,28.990,28.590,28.330,27.090,24.450,25.020,25.630,25.000,26.830,28.330,28.330
86,白米躉售,稉種(蓬萊),高雄縣,27.140,29.170,29.090,28.830,28.340,26.000,24.560,25.060,25.480,25.830,26.370,27.780,29.130
86,白米躉售,稉種(蓬萊),屏東縣,27.500,29.670,29.840,29.130,28.330,26.580,24.270,25.240,26.670,26.080,26.790,28.210,29.130
86,白米躉售,稉種(蓬萊),台東縣,28.000,29.710,29.950,29.510,29.500,28.960,26.130,25.890,26.170,26.170,26.630,28.450,28.980
86,白米躉售,稉種(蓬萊),花蓮縣,28.330,30.430,30.830,30.830,30.770,27.740,25.390,26.670,26.670,26.340,26.520,28.330,29.380
86,白米躉售,稉種(蓬萊),澎湖縣,29.200,31.070,31.230,30.830,30.830,29.970,28.280,27.330,27.330,27.240,27.500,28.820,29.940
86,白米躉售,稉種(蓬萊),基隆市,28.720,30.860,30.460,29.930,30.000,29.540,27.530,26.820,27.180,26.670,27.100,28.640,29.920
86,白米躉售,稉種(蓬萊),新竹市,27.140,28.930,28.700,28.360,28.150,26.800,25.080,25.500,26.600,25.570,26.100,27.510,28.390
86,白米躉售,稉種(蓬萊),台中市,27.340,29.290,29.290,28.660,28.560,27.320,25.470,25.360,25.910,25.510,26.340,27.460,28.940
86,白米躉售,稉種(蓬萊),嘉義市,27.110,29.260,28.950,28.830,28.350,27.050,24.850,25.120,25.640,25.000,26.170,28.040,28.100
86,白米躉售,稉種(蓬萊),台南市,27.090,29.170,28.730,28.330,28.330,27.090,24.450,24.990,25.500,25.000,26.830,28.330,28.330
86,白米躉售,稉種(蓬萊),台北市,28.670,30.890,30.260,29.910,29.990,29.400,27.200,26.880,27.150,26.670,27.390,28.720,29.540
86,白米躉售,稉種(蓬萊),高雄市,27.130,29.170,29.090,28.830,28.340,26.000,24.560,25.030,25.480,25.830,26.370,27.780,29.130
87,白米躉售,稉種(蓬萊),新北市,30.060,29.170,30.370,31.220,32.650,31.060,28.270,27.820,28.390,28.560,29.380,31.360,32.500
87,白米躉售,稉種(蓬萊),宜蘭縣,28.090,27.670,28.930,29.750,31.220,29.410,25.680,25.640,26.270,26.480,27.520,28.990,29.510
87,白米躉售,稉種(蓬萊),桃園市,28.130,28.070,28.850,29.870,31.110,28.310,25.400,25.960,26.390,26.330,27.910,29.440,29.970
87,白米躉售,稉種(蓬萊),新竹縣,28.190,28.170,28.720,29.620,31.160,29.180,25.440,25.960,26.430,26.670,27.470,29.500,30.010
87,白米躉售,稉種(蓬萊),苗栗縣,28.230,28.190,29.030,29.970,31.180,28.540,25.140,25.950,26.550,26.690,27.770,29.700,30.080
87,白米躉售,稉種(蓬萊),台中縣,28.240,28.570,29.000,29.680,31.070,28.770,25.300,26.290,26.640,26.670,27.330,29.540,30.030
87,白米躉售,稉種(蓬萊),彰化縣,29.230,29.400,30.130,30.840,31.980,30.330,27.530,27.050,27.140,27.140,28.090,30.360,30.740
87,白米躉售,稉種(蓬萊),南投縣,28.720,29.190,29.780,30.270,31.400,29.680,25.710,26.030,26.880,27.890,28.140,29.700,30.020
87,白米躉售,稉種(蓬萊),雲林縣,28.550,30.020,31.070,30.230,30.980,28.260,24.710,26.810,27.330,26.880,26.800,29.770,29.780
87,白米躉售,稉種(蓬萊),嘉義縣,28.140,28.000,28.840,29.750,30.850,29.040,24.960,26.160,26.600,26.670,27.510,29.670,29.670
87,白米躉售,稉種(蓬萊),台南縣,28.200,28.330,28.990,29.780,31.330,28.920,24.610,26.040,26.480,26.670,27.660,29.530,30.100
87,白米躉售,稉種(蓬萊),高雄縣,28.350,29.160,29.160,29.690,30.830,28.120,25.830,26.020,27.510,27.330,27.540,29.380,29.670
87,白米躉售,稉種(蓬萊),屏東縣,28.650,29.130,29.690,30.210,31.630,28.290,26.170,26.530,27.630,27.180,27.850,29.630,29.860
87,白米躉售,稉種(蓬萊),台東縣,28.940,28.980,30.010,30.360,31.150,30.600,27.200,26.490,27.210,27.440,27.500,29.530,30.780
87,白米躉售,稉種(蓬萊),花蓮縣,28.910,30.000,30.660,30.950,31.750,31.100,26.900,26.240,26.670,26.670,26.670,27.670,31.670
87,白米躉售,稉種(蓬萊),澎湖縣,29.860,30.000,30.230,31.030,32.480,31.900,28.590,27.860,28.040,28.170,28.430,30.410,31.210
87,白米躉售,稉種(蓬萊),基隆市,29.760,29.170,30.370,31.200,32.190,30.730,28.720,27.660,27.500,27.500,28.900,31.470,31.660
87,白米躉售,稉種(蓬萊),新竹市,28.200,28.170,28.720,29.620,31.210,29.220,25.440,25.960,26.470,26.670,27.470,29.470,30.010
87,白米躉售,稉種(蓬萊),台中市,28.380,29.000,29.000,29.720,31.420,28.950,25.950,26.310,26.650,26.670,27.330,29.540,30.030
87,白米躉售,稉種(蓬萊),嘉義市,28.140,28.000,28.840,29.750,30.850,29.040,24.910,26.160,26.600,26.670,27.510,29.670,29.670
87,白米躉售,稉種(蓬萊),台南市,28.230,28.330,28.990,29.780,31.330,29.220,24.610,26.040,26.480,26.670,27.660,29.530,30.100
87,白米躉售,稉種(蓬萊),台北市,30.060,29.170,30.370,31.220,32.650,31.060,28.270,27.820,28.390,28.560,29.380,31.360,32.500
87,白米躉售,稉種(蓬萊),高雄市,28.380,29.160,29.160,29.740,30.830,28.400,25.830,26.020,27.510,27.330,27.540,29.380,29.670
88,白米躉售,稉種(蓬萊),新北市,31.910,33.270,34.220,35.340,34.920,34.860,32.350,29.770,28.790,27.890,28.140,30.890,32.500
88,白米躉售,稉種(蓬萊),宜蘭縣,29.670,31.380,32.460,33.470,32.720,32.720,28.500,26.790,26.960,27.000,26.350,28.120,29.540
88,白米躉售,稉種(蓬萊),桃園市,29.600,31.900,32.780,33.770,32.760,31.790,27.400,27.000,26.700,26.620,26.020,28.460,30.050
88,白米躉售,稉種(蓬萊),新竹縣,29.630,31.610,32.730,33.830,32.520,32.540,27.660,26.790,26.730,26.710,26.270,28.160,29.980
88,白米躉售,稉種(蓬萊),苗栗縣,29.780,32.140,33.110,33.840,32.580,31.960,27.500,26.670,27.070,27.100,26.370,28.780,30.280
88,白米躉售,稉種(蓬萊),台中縣,29.820,31.730,33.060,33.820,32.760,31.700,27.780,27.500,27.500,26.920,26.250,28.760,30.080
88,白米躉售,稉種(蓬萊),彰化縣,30.820,32.640,33.540,34.780,34.290,33.220,28.500,28.000,28.150,28.330,27.440,29.950,31.000
88,白米躉售,稉種(蓬萊),南投縣,31.030,31.370,31.860,32.780,32.560,32.830,31.200,30.630,30.460,30.160,29.210,29.250,30.000
88,白米躉售,稉種(蓬萊),雲林縣,29.490,31.720,32.780,34.810,32.880,32.040,26.250,26.430,26.490,26.310,25.520,28.490,30.160
88,白米躉售,稉種(蓬萊),嘉義縣,29.890,31.590,32.750,33.810,32.830,32.630,28.000,27.500,27.500,27.420,26.670,28.000,30.000
88,白米躉售,稉種(蓬萊),台南縣,29.710,32.170,32.780,33.790,33.330,31.490,26.920,26.940,27.000,26.930,26.250,28.680,30.200
88,白米躉售,稉種(蓬萊),高雄縣,29.660,31.550,33.230,34.080,33.330,31.800,26.330,26.640,26.670,26.670,26.670,28.770,30.180
88,白米躉售,稉種(蓬萊),屏東縣,29.950,32.250,33.560,34.160,34.160,33.090,26.840,27.090,26.660,26.610,25.710,29.030,30.230
88,白米躉售,稉種(蓬萊),台東縣,31.480,32.360,33.790,35.350,34.520,34.080,31.050,29.110,29.160,28.860,28.220,29.640,31.670
88,白米躉售,稉種(蓬萊),花蓮縣,31.770,32.720,34.170,35.640,35.000,35.000,33.600,29.330,28.430,28.440,28.530,29.540,30.810
88,白米躉售,稉種(蓬萊),澎湖縣,32.060,32.690,34.340,35.220,35.020,35.000,32.520,29.670,29.510,29.330,29.110,29.880,32.370
88,白米躉售,稉種(蓬萊),基隆市,31.610,32.950,34.400,35.480,35.000,34.350,30.000,29.160,29.160,29.160,28.790,29.720,31.160
88,白米躉售,稉種(蓬萊),新竹市,29.680,31.610,32.730,33.730,32.520,32.510,27.520,27.180,27.000,27.000,26.270,28.160,29.980
88,白米躉售,稉種(蓬萊),台中市,29.950,31.730,33.060,33.990,32.820,31.700,27.780,27.500,27.500,27.500,26.550,29.050,30.170
88,白米躉售,稉種(蓬萊),嘉義市,29.890,31.590,32.750,33.810,32.830,32.630,28.000,27.500,27.500,27.420,26.670,28.000,30.000
88,白米躉售,稉種(蓬萊),台南市,29.710,32.170,32.780,33.790,33.330,31.490,26.920,26.940,27.000,26.930,26.250,28.680,30.200
88,白米躉售,稉種(蓬萊),台北市,31.910,33.270,34.220,35.340,34.920,34.860,32.380,29.770,28.790,27.890,28.140,30.890,32.500
88,白米躉售,稉種(蓬萊),高雄市,29.660,31.550,33.230,34.080,33.330,31.800,26.330,26.640,26.670,26.670,26.670,28.770,30.180
89,白米躉售,稉種(蓬萊),新北市,29.010,33.950,33.770,31.910,30.550,28.060,26.780,25.640,26.590,26.670,26.910,28.310,28.980
89,白米躉售,稉種(蓬萊),宜蘭縣,27.240,30.200,30.000,29.820,29.390,26.570,25.500,24.150,25.340,25.350,25.720,26.720,28.090
89,白米躉售,稉種(蓬萊),桃園市,27.390,30.760,30.680,30.130,29.490,26.170,24.570,24.050,25.710,25.420,26.030,27.210,28.470
89,白米躉售,稉種(蓬萊),新竹縣,27.470,30.920,30.830,30.250,29.790,26.680,24.630,24.130,25.570,25.600,25.680,27.180,28.360
89,白米躉售,稉種(蓬萊),苗栗縣,27.410,30.830,30.980,30.310,29.590,26.120,24.310,24.100,25.590,25.410,26.040,27.120,28.490
89,白米躉售,稉種(蓬萊),台中縣,27.480,31.040,30.980,30.570,29.680,26.340,24.650,24.330,25.160,25.290,25.860,27.370,28.540
89,白米躉售,稉種(蓬萊),彰化縣,28.000,31.540,31.670,31.260,30.140,27.450,25.200,24.840,25.540,25.670,26.190,27.630,28.820
89,白米躉售,稉種(蓬萊),南投縣,27.820,30.760,31.000,31.000,30.300,28.570,26.000,25.300,24.990,25.000,25.590,27.390,27.980
89,白米躉售,稉種(蓬萊),雲林縣,27.470,30.920,30.830,30.810,30.100,27.260,24.580,24.350,24.840,25.000,25.690,26.890,28.400
89,白米躉售,稉種(蓬萊),嘉義縣,27.330,30.750,30.830,30.600,29.990,26.570,24.330,24.330,24.940,25.000,25.660,27.030,27.980
89,白米躉售,稉種(蓬萊),台南縣,27.400,30.800,30.830,30.770,29.770,26.600,24.130,24.090,24.990,25.000,25.980,27.500,28.390
89,白米躉售,稉種(蓬萊),高雄縣,27.650,32.750,32.180,30.730,30.270,26.100,23.960,24.210,24.930,25.000,25.990,27.500,28.130
89,白米躉售,稉種(蓬萊),屏東縣,27.730,32.500,32.110,30.730,30.200,25.850,24.430,24.320,24.970,24.990,26.300,27.500,28.840
89,白米躉售,稉種(蓬萊),台東縣,28.930,31.760,31.920,31.820,31.660,29.810,27.280,26.670,26.670,26.670,26.690,27.720,28.450
89,白米躉售,稉種(蓬萊),花蓮縣,28.030,31.400,31.670,31.130,30.720,28.840,25.520,25.130,25.440,25.670,25.900,26.920,28.070
89,白米躉售,稉種(蓬萊),澎湖縣,29.140,33.070,32.990,31.690,31.200,29.390,27.360,26.670,26.670,26.670,26.930,27.930,29.050
89,白米躉售,稉種(蓬萊),基隆市,28.280,31.670,31.670,31.670,30.060,28.330,26.000,24.250,25.780,26.670,26.720,27.690,28.790
89,白米躉售,稉種(蓬萊),新竹市,27.470,30.920,30.830,30.250,29.790,26.680,24.800,24.090,25.570,25.600,25.810,27.290,28.040
89,白米躉售,稉種(蓬萊),台中市,27.610,31.320,31.430,31.050,29.820,26.340,24.810,24.330,25.160,25.290,25.860,27.370,28.540
89,白米躉售,稉種(蓬萊),嘉義市,27.330,30.750,30.830,30.600,29.990,26.570,24.330,24.330,24.940,25.000,25.660,27.030,27.980
89,白米躉售,稉種(蓬萊),台南市,27.410,30.800,30.830,30.780,29.810,26.600,24.130,24.090,24.990,25.000,25.980,27.500,28.390
89,白米躉售,稉種(蓬萊),台北市,29.010,33.950,33.770,31.910,30.550,28.060,26.780,25.640,26.590,26.670,26.910,28.310,28.980
89,白米躉售,稉種(蓬萊),高雄市,27.650,32.750,32.180,30.730,30.270,26.100,23.960,24.210,24.930,25.000,25.990,27.500,28.130
90,白米躉售,稉種(蓬萊),新北市,28.500,29.170,29.170,29.170,29.020,26.590,26.200,27.120,26.750,26.390,29.410,31.360,31.670
90,白米躉售,稉種(蓬萊),宜蘭縣,27.640,28.210,28.010,28.120,28.000,26.070,26.170,25.890,25.740,25.550,28.690,30.870,30.400
90,白米躉售,稉種(蓬萊),桃園市,27.590,28.210,28.370,28.330,27.910,24.840,25.260,26.230,25.840,25.560,29.070,30.940,30.570
90,白米躉售,稉種(蓬萊),新竹縣,27.850,28.670,28.610,28.540,28.480,25.230,25.420,26.460,26.050,25.830,28.960,31.020,30.910
90,白米躉售,稉種(蓬萊),苗栗縣,27.740,28.470,28.380,28.440,28.340,25.210,25.290,26.180,25.820,25.770,29.030,31.040,30.850
90,白米躉售,稉種(蓬萊),台中縣,27.850,28.680,28.800,28.420,28.330,25.580,25.170,26.310,26.130,25.540,29.340,31.210,30.700
90,白米躉售,稉種(蓬萊),彰化縣,28.040,28.950,28.990,28.830,28.470,25.780,25.330,26.640,26.310,25.750,29.340,31.250,30.860
90,白米躉售,稉種(蓬萊),南投縣,27.770,28.160,28.620,28.820,28.650,26.280,25.000,26.270,26.420,25.620,28.220,30.680,30.500
90,白米躉售,稉種(蓬萊),雲林縣,27.650,28.560,28.670,28.370,27.750,25.110,25.070,26.620,26.000,25.380,28.870,30.750,30.590
90,白米躉售,稉種(蓬萊),嘉義縣,27.690,28.330,28.330,28.330,28.140,25.550,25.020,26.640,26.000,25.650,28.920,30.590,30.740
90,白米躉售,稉種(蓬萊),台南縣,27.640,28.720,28.670,28.460,27.920,24.640,25.330,26.220,25.910,25.820,28.800,30.650,30.480
90,白米躉售,稉種(蓬萊),高雄縣,27.620,28.510,28.950,28.520,28.140,24.360,25.020,26.250,26.280,25.830,28.410,30.830,30.330
90,白米躉售,稉種(蓬萊),屏東縣,27.540,28.570,29.020,28.410,27.800,23.720,25.030,26.130,25.830,25.630,28.410,31.420,30.450
90,白米躉售,稉種(蓬萊),台東縣,28.870,28.830,28.880,29.000,29.100,29.170,28.360,28.000,27.970,27.500,28.250,30.530,30.830
90,白米躉售,稉種(蓬萊),花蓮縣,28.130,28.560,28.530,28.800,28.760,27.260,26.670,26.670,26.670,26.360,28.030,30.400,30.830
90,白米躉售,稉種(蓬萊),澎湖縣,29.210,29.670,29.670,29.180,29.000,28.260,28.000,28.000,28.000,28.000,29.120,31.930,31.660
90,白米躉售,稉種(蓬萊),基隆市,28.370,29.170,29.170,29.170,29.170,26.780,25.670,26.670,26.670,26.670,28.710,31.360,31.180
90,白米躉售,稉種(蓬萊),新竹市,27.920,28.330,28.570,28.550,28.330,26.020,25.890,26.600,25.940,25.830,28.970,31.150,30.910
90,白米躉售,稉種(蓬萊),台中市,27.970,28.900,29.000,28.670,28.340,25.600,25.180,26.390,26.180,25.950,29.410,31.200,30.830
90,白米躉售,稉種(蓬萊),嘉義市,27.690,28.330,28.330,28.330,28.160,25.550,25.020,26.640,26.000,25.650,28.920,30.590,30.730
90,白米躉售,稉種(蓬萊),台南市,27.640,28.720,28.670,28.460,27.920,24.640,25.330,26.220,25.910,25.820,28.800,30.650,30.480
90,白米躉售,稉種(蓬萊),台北市,28.500,29.170,29.170,29.170,29.020,26.590,26.200,27.120,26.750,26.390,29.410,31.360,31.670
90,白米躉售,稉種(蓬萊),高雄市,27.610,28.510,28.830,28.520,28.140,24.360,25.020,26.250,26.270,25.830,28.410,30.830,30.330
91,白米躉售,稉種(蓬萊),新北市,29.150,32.500,33.570,34.360,35.830,32.960,27.500,27.500,27.210,25.730,24.340,24.170,24.170
91,白米躉售,稉種(蓬萊),宜蘭縣,28.220,31.840,33.410,33.770,34.870,31.880,26.500,26.150,25.680,24.530,23.480,23.360,23.220
91,白米躉售,稉種(蓬萊),桃園市,27.870,31.630,32.860,33.430,35.050,30.570,26.000,26.290,25.740,23.920,22.950,23.000,22.970
91,白米躉售,稉種(蓬萊),新竹縣,28.400,31.740,33.260,33.520,35.000,32.750,26.560,26.750,26.440,25.010,23.380,23.190,23.200
91,白米躉售,稉種(蓬萊),苗栗縣,28.020,31.880,32.900,33.460,35.110,31.030,26.110,26.560,26.030,24.100,23.110,23.000,23.000
91,白米躉售,稉種(蓬萊),台中縣,28.210,31.980,33.460,33.740,35.000,31.340,26.010,26.570,26.100,24.480,23.330,23.210,23.310
91,白米躉售,稉種(蓬萊),彰化縣,28.430,32.130,33.560,33.800,35.230,31.900,26.150,26.650,26.160,24.920,23.680,23.360,23.660
91,白米躉售,稉種(蓬萊),南投縣,28.460,31.490,33.520,33.830,34.980,32.820,26.170,26.490,26.200,25.100,23.750,23.620,23.500
91,白米躉售,稉種(蓬萊),雲林縣,28.060,31.850,33.210,33.590,35.150,31.740,25.940,26.550,25.950,24.350,22.910,22.620,22.830
91,白米躉售,稉種(蓬萊),嘉義縣,27.720,31.530,32.590,33.330,34.730,30.550,25.260,26.030,24.970,24.230,23.370,23.000,23.000
91,白米躉售,稉種(蓬萊),台南縣,28.010,31.390,32.910,33.580,34.820,31.260,25.920,26.670,25.640,24.390,23.420,23.040,23.070
91,白米躉售,稉種(蓬萊),高雄縣,27.960,31.240,32.780,33.100,34.480,31.910,25.910,26.650,26.150,24.250,23.090,22.900,23.000
91,白米躉售,稉種(蓬萊),屏東縣,28.170,31.970,33.510,33.230,35.180,31.420,26.140,27.060,25.990,24.050,22.890,23.330,23.280
91,白米躉售,稉種(蓬萊),台東縣,30.480,32.040,34.640,35.160,35.680,36.080,29.000,28.180,28.180,27.850,26.740,26.130,26.130
91,白米躉售,稉種(蓬萊),花蓮縣,28.920,31.580,33.050,33.480,34.770,33.580,27.080,27.020,26.980,25.790,25.050,24.510,24.200
91,白米躉售,稉種(蓬萊),澎湖縣,29.880,32.120,33.210,33.910,34.830,33.510,28.700,28.000,28.000,27.710,26.550,26.000,26.000
91,白米躉售,稉種(蓬萊),基隆市,28.840,31.850,33.150,33.570,35.830,33.370,26.670,26.670,26.670,25.780,24.200,24.170,24.170
91,白米躉售,稉種(蓬萊),新竹市,28.610,31.750,33.280,33.420,35.000,32.970,26.590,26.560,26.430,25.540,23.990,24.020,23.800
91,白米躉售,稉種(蓬萊),台中市,28.260,32.070,33.460,33.740,35.310,31.390,26.010,26.570,26.110,24.480,23.330,23.330,23.330
91,白米躉售,稉種(蓬萊),嘉義市,27.720,31.530,32.590,33.330,34.730,30.550,25.260,26.030,24.970,24.230,23.370,23.000,23.000
91,白米躉售,稉種(蓬萊),台南市,28.010,31.390,32.910,33.580,34.820,31.260,25.920,26.670,25.640,24.390,23.420,23.040,23.070
91,白米躉售,稉種(蓬萊),台北市,29.150,32.500,33.570,34.360,35.830,32.960,27.500,27.500,27.200,25.730,24.340,24.170,24.170
91,白米躉售,稉種(蓬萊),高雄市,27.960,31.240,32.780,33.100,34.480,31.910,25.910,26.650,26.150,24.250,23.090,22.900,23.000
92,白米躉售,稉種(蓬萊),新北市,24.280,24.280,25.530,25.520,25.000,24.280,23.830,23.330,23.330,23.330,23.410,24.560,25.000
92,白米躉售,稉種(蓬萊),宜蘭縣,23.220,23.020,24.070,24.020,23.560,23.000,22.810,22.610,22.500,22.500,22.380,23.830,24.290
92,白米躉售,稉種(蓬萊),桃園市,23.300,22.910,24.220,24.220,23.960,23.330,22.880,22.530,22.500,22.280,22.240,23.900,24.670
92,白米躉售,稉種(蓬萊),新竹縣,23.860,23.180,24.320,24.880,24.760,24.380,24.100,23.370,23.190,23.100,22.750,23.710,24.620
92,白米躉售,稉種(蓬萊),苗栗縣,23.360,23.050,24.160,24.450,24.150,23.660,23.090,22.510,22.500,22.330,22.250,23.660,24.520
92,白米躉售,稉種(蓬萊),台中縣,23.490,23.320,24.640,24.700,24.160,23.540,23.240,22.500,22.500,22.290,22.300,23.980,24.670
92,白米躉售,稉種(蓬萊),彰化縣,23.760,23.520,24.680,24.850,24.670,24.070,23.420,22.830,22.830,22.550,22.470,24.210,25.000
92,白米躉售,稉種(蓬萊),南投縣,23.680,23.440,24.450,24.560,24.700,23.970,23.460,22.870,22.570,22.530,22.440,24.110,25.000
92,白米躉售,稉種(蓬萊),雲林縣,23.360,22.650,24.540,24.720,24.680,23.970,23.110,22.480,22.260,21.710,22.020,23.740,24.490
92,白米躉售,稉種(蓬萊),嘉義縣,23.770,23.050,24.460,24.780,24.670,24.230,23.660,22.890,22.790,22.790,22.640,24.220,25.000
92,白米躉售,稉種(蓬萊),台南縣,23.560,23.240,24.440,24.560,24.470,23.810,23.170,22.600,22.500,22.470,22.320,24.120,25.000
92,白米躉售,稉種(蓬萊),高雄縣,23.550,23.060,24.530,24.650,24.650,23.670,23.330,22.660,22.500,22.470,22.510,23.940,24.660
92,白米躉售,稉種(蓬萊),屏東縣,23.470,23.020,24.270,24.270,24.390,23.300,23.310,22.770,22.500,22.420,22.400,23.940,25.000
92,白米躉售,稉種(蓬萊),台東縣,25.900,25.910,26.250,26.520,26.520,26.520,26.260,25.900,25.900,25.640,24.540,25.030,25.830
92,白米躉售,稉種(蓬萊),花蓮縣,24.220,24.170,25.200,25.140,24.770,24.300,23.910,23.780,23.680,23.400,23.130,24.100,25.060
92,白米躉售,稉種(蓬萊),澎湖縣,25.540,26.000,26.000,26.000,26.000,26.000,25.600,24.790,24.720,24.660,24.670,25.590,26.430
92,白米躉售,稉種(蓬萊),基隆市,24.280,24.170,25.240,25.320,25.000,24.520,24.170,23.330,23.330,23.330,23.410,24.500,25.000
92,白米躉售,稉種(蓬萊),新竹市,23.920,23.580,24.780,24.990,24.830,24.480,24.100,23.420,23.100,23.070,22.680,23.520,24.460
92,白米躉售,稉種(蓬萊),台中市,23.640,23.320,24.640,25.000,24.900,23.650,23.310,22.500,22.500,22.290,22.330,24.180,25.000
92,白米躉售,稉種(蓬萊),嘉義市,23.760,23.050,24.460,24.780,24.670,24.230,23.620,22.840,22.790,22.790,22.640,24.220,25.000
92,白米躉售,稉種(蓬萊),台南市,23.560,23.240,24.440,24.560,24.470,23.810,23.170,22.600,22.500,22.470,22.320,24.120,25.000
92,白米躉售,稉種(蓬萊),台北市,24.640,24.280,25.530,25.520,25.000,24.490,24.170,23.830,23.830,23.830,24.120,25.280,25.830
92,白米躉售,稉種(蓬萊),高雄市,23.550,23.060,24.530,24.650,24.570,23.670,23.330,22.660,22.500,22.470,22.510,23.940,24.660
93,白米躉售,稉種(蓬萊),新北市,27.810,25.700,28.770,29.330,30.000,29.030,27.420,26.400,25.320,25.270,26.730,29.710,30.060
93,白米躉售,稉種(蓬萊),宜蘭縣,27.400,25.190,28.380,28.360,29.820,28.660,27.760,25.320,24.920,25.200,27.050,29.220,28.930
93,白米躉售,稉種(蓬萊),桃園市,27.340,25.520,28.240,28.510,29.950,28.690,27.090,25.110,24.670,24.960,26.850,29.420,29.100
93,白米躉售,稉種(蓬萊),新竹縣,27.610,24.870,27.920,28.660,29.360,29.190,28.230,27.280,25.910,25.390,26.080,29.210,29.250
93,白米躉售,稉種(蓬萊),苗栗縣,27.470,25.220,28.470,28.770,30.220,28.960,27.130,25.170,25.000,25.110,26.780,29.440,29.310
93,白米躉售,稉種(蓬萊),台中縣,27.600,25.590,28.840,29.300,30.580,28.860,26.860,25.100,25.000,25.090,26.740,29.790,29.480
93,白米躉售,稉種(蓬萊),彰化縣,27.970,25.830,29.280,29.660,30.930,28.960,27.330,26.330,25.000,25.970,26.760,29.940,29.650
93,白米躉售,稉種(蓬萊),南投縣,27.750,25.410,28.540,29.260,30.510,29.150,27.260,26.020,25.060,25.620,26.880,29.700,29.540
93,白米躉售,稉種(蓬萊),雲林縣,27.510,25.510,28.580,28.880,30.390,28.790,26.740,25.170,25.000,25.060,26.880,29.510,29.590
93,白米躉售,稉種(蓬萊),嘉義縣,27.580,25.670,28.620,29.100,30.670,28.520,27.050,25.510,25.000,25.250,26.440,29.610,29.520
93,白米躉售,稉種(蓬萊),台南縣,27.580,25.700,28.430,29.040,30.660,28.560,26.920,25.760,24.890,25.630,26.530,29.390,29.490
93,白米躉售,稉種(蓬萊),高雄縣,27.510,25.140,28.460,29.030,30.600,28.110,27.120,25.710,25.000,25.370,26.680,29.560,29.370
93,白米躉售,稉種(蓬萊),屏東縣,27.430,25.530,28.710,29.130,30.120,27.670,26.850,25.680,25.020,25.070,26.490,29.590,29.350
93,白米躉售,稉種(蓬萊),台東縣,29.040,26.480,28.810,29.330,31.120,30.660,29.210,27.950,27.500,27.500,27.970,30.580,31.350
93,白米躉售,稉種(蓬萊),花蓮縣,28.250,25.710,28.580,29.080,30.670,29.180,28.220,26.680,26.500,26.500,27.190,30.050,30.610
93,白米躉售,稉種(蓬萊),澎湖縣,28.740,26.500,28.710,29.290,30.790,30.410,28.770,27.190,26.510,26.730,27.840,31.060,31.020
93,白米躉售,稉種(蓬萊),基隆市,27.930,25.810,28.770,29.330,30.710,29.060,27.470,26.370,25.700,25.300,26.850,29.850,29.880
93,白米躉售,稉種(蓬萊),新竹市,27.940,24.720,28.340,29.850,30.330,30.070,28.640,26.990,26.260,25.500,26.140,29.230,29.250
93,白米躉售,稉種(蓬萊),台中市,27.720,25.750,28.930,29.360,30.630,28.930,26.860,25.130,25.000,25.520,27.050,29.860,29.570
93,白米躉售,稉種(蓬萊),嘉義市,27.580,25.670,28.620,29.100,30.670,28.520,27.050,25.510,25.000,25.250,26.440,29.610,29.520
93,白米躉售,稉種(蓬萊),台南市,27.580,25.700,28.430,29.040,30.660,28.560,26.920,25.760,24.890,25.630,26.530,29.390,29.490
93,白米躉售,稉種(蓬萊),台北市,28.490,26.300,29.420,30.160,30.830,29.870,28.250,27.230,26.160,26.100,27.550,29.980,30.080
93,白米躉售,稉種(蓬萊),高雄市,27.510,25.140,28.460,29.030,30.600,28.120,27.120,25.710,25.000,25.370,26.680,29.560,29.370
94,白米躉售,稉種(蓬萊),新北市,29.090,30.580,30.510,29.890,29.890,29.030,26.700,26.510,27.500,27.870,29.560,30.420,30.590
94,白米躉售,稉種(蓬萊),宜蘭縣,28.110,29.170,29.170,29.170,29.170,28.420,25.830,25.830,26.330,27.160,28.810,29.020,29.230
94,白米躉售,稉種(蓬萊),桃園市,28.330,29.670,29.670,29.410,29.470,28.510,25.590,25.970,26.330,27.120,28.850,29.420,30.000
94,白米躉售,稉種(蓬萊),新竹縣,28.450,29.670,29.670,29.520,29.430,29.190,27.080,25.800,26.000,26.920,28.700,29.380,30.000
94,白米躉售,稉種(蓬萊),苗栗縣,28.420,29.960,29.670,29.280,29.320,28.350,25.710,26.050,26.670,27.230,29.040,29.780,30.000
94,白米躉售,稉種(蓬萊),台中縣,28.720,30.190,30.000,29.470,29.440,28.610,25.400,26.240,26.990,27.500,29.580,30.440,30.780
94,白米躉售,稉種(蓬萊),彰化縣,29.010,30.700,30.020,29.870,30.000,29.620,25.940,26.530,27.000,27.600,29.530,30.460,30.830
94,白米躉售,稉種(蓬萊),南投縣,28.790,30.490,30.020,29.740,29.960,28.540,25.620,26.210,26.860,27.480,29.490,30.400,30.680
94,白米躉售,稉種(蓬萊),雲林縣,28.850,30.560,30.000,29.770,29.900,29.090,26.080,26.270,26.670,27.420,29.620,30.470,30.290
94,白米躉售,稉種(蓬萊),嘉義縣,28.800,30.700,30.000,29.820,29.920,28.800,25.800,25.930,26.670,27.390,29.610,30.430,30.480
94,白米躉售,稉種(蓬萊),台南縣,28.780,30.660,30.340,29.960,29.950,28.550,25.170,26.050,26.670,27.500,29.610,30.400,30.540
94,白米躉售,稉種(蓬萊),高雄縣,28.620,30.570,30.000,29.820,29.900,27.910,25.160,26.010,26.670,27.380,29.420,30.250,30.350
94,白米躉售,稉種(蓬萊),屏東縣,28.560,30.480,30.020,29.730,29.910,27.470,24.850,25.670,26.590,27.280,29.730,30.420,30.590
94,白米躉售,稉種(蓬萊),台東縣,31.400,31.350,31.350,31.080,30.830,30.830,30.830,30.830,30.830,30.830,31.790,32.890,33.330
94,白米躉售,稉種(蓬萊),花蓮縣,30.980,30.800,30.800,30.800,30.800,30.800,30.800,30.800,31.070,30.830,30.830,31.310,32.140
94,白米躉售,稉種(蓬萊),澎湖縣,30.310,32.200,31.500,31.340,31.410,30.530,27.440,27.360,28.170,28.760,31.000,31.930,32.030
94,白米躉售,稉種(蓬萊),基隆市,29.040,30.660,30.510,29.780,29.840,28.960,26.580,26.510,27.450,27.560,29.650,30.420,30.590
94,白米躉售,稉種(蓬萊),新竹市,28.480,29.670,29.670,29.520,29.430,29.190,27.240,25.840,26.100,26.960,28.740,29.390,30.000
94,白米躉售,稉種(蓬萊),台中市,28.940,30.380,30.000,29.780,29.950,29.150,25.760,26.440,26.960,27.730,29.660,30.530,30.880
94,白米躉售,稉種(蓬萊),嘉義市,28.800,30.700,30.000,29.820,29.920,28.800,25.800,25.930,26.670,27.390,29.610,30.430,30.480
94,白米躉售,稉種(蓬萊),台南市,28.780,30.660,30.340,29.960,29.950,28.550,25.170,26.050,26.670,27.500,29.610,30.400,30.540
94,白米躉售,稉種(蓬萊),台北市,29.510,30.750,30.680,30.180,30.300,29.330,27.420,27.210,28.000,28.330,29.900,30.850,31.180
94,白米躉售,稉種(蓬萊),高雄市,28.620,30.570,30.000,29.820,29.900,27.910,25.160,26.010,26.670,27.380,29.420,30.270,30.350
95,白米躉售,稉種(蓬萊),新北市,28.150,30.000,30.000,29.760,28.640,27.810,26.690,26.670,27.120,27.930,28.000,27.720,27.450
95,白米躉售,稉種(蓬萊),宜蘭縣,27.540,28.980,28.830,28.740,27.490,25.910,26.500,26.670,26.670,27.560,27.920,27.700,27.500
95,白米躉售,稉種(蓬萊),桃園市,28.100,30.000,30.000,29.490,28.500,27.880,26.670,26.670,27.160,27.750,28.000,27.650,27.440
95,白米躉售,稉種(蓬萊),新竹縣,28.140,30.000,30.000,29.950,28.610,27.750,26.670,26.670,27.130,27.780,28.000,27.730,27.440
95,白米躉售,稉種(蓬萊),苗栗縣,28.070,30.000,30.000,29.490,28.470,27.630,26.670,26.720,27.090,28.000,28.000,27.720,27.090
95,白米躉售,稉種(蓬萊),台中縣,28.130,30.110,30.130,29.870,28.740,27.500,26.670,26.840,27.130,27.860,27.980,27.730,26.960
95,白米躉售,稉種(蓬萊),彰化縣,28.500,30.550,30.500,30.100,28.780,27.770,27.230,26.960,27.470,28.470,28.430,28.100,27.600
95,白米躉售,稉種(蓬萊),南投縣,28.400,30.060,30.290,30.090,28.990,27.230,27.020,26.850,27.020,28.250,28.500,28.630,27.840
95,白米躉售,稉種(蓬萊),雲林縣,27.970,30.000,30.340,29.710,28.360,26.670,26.280,26.640,26.870,28.330,28.330,27.400,26.730
95,白米躉售,稉種(蓬萊),嘉義縣,28.190,30.000,30.270,29.810,28.510,27.270,26.670,26.670,26.990,28.230,28.330,27.900,27.670
95,白米躉售,稉種(蓬萊),台南縣,28.530,30.130,30.500,29.880,28.330,27.310,26.710,27.380,27.610,29.160,28.930,28.270,28.160
95,白米躉售,稉種(蓬萊),高雄縣,28.300,30.000,30.320,29.830,28.720,27.390,26.910,27.000,27.250,28.300,28.330,27.920,27.670
95,白米躉售,稉種(蓬萊),屏東縣,28.140,30.000,30.000,29.830,28.640,27.070,26.670,26.670,27.000,28.150,28.330,27.820,27.500
95,白米躉售,稉種(蓬萊),台東縣,33.330,33.330,33.330,33.330,33.330,33.330,33.330,33.330,33.330,33.330,33.330,33.330,33.330
95,白米躉售,稉種(蓬萊),花蓮縣,32.320,32.260,32.440,32.440,32.440,32.360,32.350,32.310,32.250,32.250,32.250,32.250,32.250
95,白米躉售,稉種(蓬萊),澎湖縣,29.790,31.500,31.770,31.370,30.350,29.030,28.660,28.250,28.460,29.700,29.830,29.420,29.170
95,白米躉售,稉種(蓬萊),基隆市,28.150,30.000,30.000,29.760,28.640,27.810,26.670,26.670,27.130,27.930,28.000,27.720,27.450
95,白米躉售,稉種(蓬萊),新竹市,28.200,30.000,30.000,30.000,28.780,28.080,26.670,26.670,27.130,27.780,28.000,27.820,27.450
95,白米躉售,稉種(蓬萊),台中市,28.280,30.320,30.490,30.070,28.860,27.480,26.500,26.960,27.490,27.860,27.990,28.000,27.310
95,白米躉售,稉種(蓬萊),嘉義市,28.200,30.000,30.270,29.810,28.530,27.270,26.670,26.670,26.990,28.230,28.330,27.900,27.670
95,白米躉售,稉種(蓬萊),台南市,28.910,30.130,30.500,30.230,29.550,28.130,27.940,27.540,27.800,29.600,29.050,28.230,28.160
95,白米躉售,稉種(蓬萊),台北市,28.750,30.830,30.830,30.450,29.130,28.150,27.500,27.500,27.850,28.290,28.330,28.140,27.950
95,白米躉售,稉種(蓬萊),高雄市,28.300,30.000,30.320,29.830,28.720,27.390,26.910,27.000,27.250,28.300,28.330,27.920,27.670
96,白米躉售,稉種(蓬萊),新北市,27.210,27.140,26.400,26.330,26.210,26.180,26.610,25.980,26.100,26.590,27.140,30.520,31.260
96,白米躉售,稉種(蓬萊),宜蘭縣,26.540,27.210,26.810,26.370,26.330,25.080,25.000,25.770,25.500,25.610,26.260,29.340,29.190
96,白米躉售,稉種(蓬萊),桃園市,26.710,27.040,26.120,25.830,25.740,25.790,25.830,25.660,25.500,25.810,26.790,29.960,30.460
96,白米躉售,稉種(蓬萊),新竹縣,26.990,27.120,26.420,25.920,25.900,25.780,26.610,26.270,26.180,26.350,26.970,29.970,30.390
96,白米躉售,稉種(蓬萊),苗栗縣,26.710,26.670,26.140,25.830,25.830,25.760,25.940,25.780,25.180,25.740,26.800,30.180,30.620
96,白米躉售,稉種(蓬萊),台中縣,26.800,26.650,26.080,25.830,25.510,25.600,26.330,25.810,25.650,26.000,26.740,30.320,31.040
96,白米躉售,稉種(蓬萊),彰化縣,27.680,27.150,27.030,26.770,26.420,26.700,26.480,26.160,26.340,27.140,27.950,31.630,32.350
96,白米躉售,稉種(蓬萊),南投縣,27.440,27.080,26.910,26.710,26.420,26.590,26.430,26.160,25.740,26.620,27.670,30.540,32.350
96,白米躉售,稉種(蓬萊),雲林縣,26.810,26.330,25.830,25.830,25.830,25.720,25.420,25.150,25.480,26.310,27.200,30.850,31.740
96,白米躉售,稉種(蓬萊),嘉義縣,27.140,27.640,26.420,26.330,26.410,25.960,25.880,25.460,25.890,26.160,27.010,31.040,31.520
96,白米躉售,稉種(蓬萊),台南縣,27.430,28.140,27.130,26.050,26.010,25.980,26.090,26.340,26.080,26.990,27.500,31.090,31.710
96,白米躉售,稉種(蓬萊),高雄縣,27.250,27.230,26.460,26.330,26.240,26.220,26.120,25.810,26.160,26.270,27.260,31.140,31.730
96,白米躉售,稉種(蓬萊),屏東縣,27.030,27.420,26.500,26.330,25.990,25.650,25.880,25.460,25.900,26.280,26.990,30.650,31.310
96,白米躉售,稉種(蓬萊),台東縣,33.390,33.330,33.330,33.330,33.330,33.330,33.330,33.330,33.330,33.230,33.230,33.530,34.030
96,白米躉售,稉種(蓬萊),花蓮縣,32.250,32.250,32.250,32.250,32.250,32.230,32.840,32.780,32.030,32.020,32.020,32.020,32.100
96,白米躉售,稉種(蓬萊),澎湖縣,28.520,29.150,27.950,27.840,27.890,27.400,27.570,27.030,26.610,27.630,28.320,32.030,32.860
96,白米躉售,稉種(蓬萊),基隆市,27.130,27.140,26.400,26.300,25.760,25.790,25.870,25.830,25.850,26.810,27.170,30.840,31.750
96,白米躉售,稉種(蓬萊),新竹市,27.570,27.120,26.890,26.130,25.870,26.400,26.700,26.910,27.300,27.380,27.720,30.690,31.690
96,白米躉售,稉種(蓬萊),台中市,27.200,26.830,26.220,26.000,26.000,26.590,27.140,26.770,26.050,26.600,26.890,30.480,30.800
96,白米躉售,稉種(蓬萊),嘉義市,27.260,27.640,26.420,26.330,26.860,25.910,26.030,26.000,26.000,26.190,26.970,31.180,31.560
96,白米躉售,稉種(蓬萊),台南市,27.520,28.140,27.130,26.050,26.100,26.340,26.110,26.660,26.680,26.770,27.100,31.390,31.770
96,白米躉售,稉種(蓬萊),台北市,27.680,27.640,26.900,26.820,26.470,26.180,26.670,26.530,26.470,27.510,27.660,31.310,32.010
96,白米躉售,稉種(蓬萊),高雄市,27.240,27.230,26.460,26.330,26.240,26.220,26.120,25.810,26.160,26.160,27.260,31.130,31.790
97,白米躉售,稉種(蓬萊),新北市,33.070,32.320,32.790,34.190,33.620,33.210,32.480,32.050,32.220,32.100,32.410,33.620,35.880
97,白米躉售,稉種(蓬萊),宜蘭縣,30.790,30.530,31.870,32.060,31.440,31.330,30.520,28.930,29.280,29.350,29.390,31.130,33.600
97,白米躉售,稉種(蓬萊),桃園市,31.300,31.640,32.290,33.000,32.760,32.340,30.570,28.940,29.240,29.170,29.630,31.580,34.480
97,白米躉售,稉種(蓬萊),新竹縣,31.670,31.720,32.310,33.190,33.190,32.670,31.200,29.630,29.980,29.990,29.940,31.420,34.830
97,白米躉售,稉種(蓬萊),苗栗縣,31.460,31.880,32.620,33.240,32.750,32.780,30.260,29.000,29.190,29.040,29.730,32.100,34.940
97,白米躉售,稉種(蓬萊),台中縣,31.740,32.380,33.340,34.430,33.570,32.840,29.770,28.510,29.400,29.290,30.040,32.280,35.080
97,白米躉售,稉種(蓬萊),彰化縣,32.870,33.640,34.580,35.440,35.160,34.090,30.750,29.660,30.690,30.400,30.780,33.130,36.070
97,白米躉售,稉種(蓬萊),南投縣,32.640,32.950,33.940,35.170,35.290,34.400,31.430,30.040,30.420,29.950,30.490,32.290,35.260
97,白米躉售,稉種(蓬萊),雲林縣,31.950,32.280,33.500,34.570,33.710,33.510,29.970,28.830,29.780,29.270,30.240,32.420,35.290
97,白米躉售,稉種(蓬萊),嘉義縣,32.040,32.340,33.190,33.710,34.120,33.810,30.840,29.330,30.000,29.530,30.060,32.300,35.220
97,白米躉售,稉種(蓬萊),台南縣,32.320,32.770,33.460,34.120,34.150,33.900,31.430,29.710,29.970,30.410,30.680,32.300,34.880
97,白米躉售,稉種(蓬萊),高雄縣,32.090,32.860,34.110,34.770,34.180,32.690,29.690,29.380,29.940,29.980,30.270,32.290,34.900
97,白米躉售,稉種(蓬萊),屏東縣,31.670,32.450,33.060,34.420,34.190,32.120,29.090,28.860,29.740,29.620,29.810,31.990,34.720
97,白米躉售,稉種(蓬萊),台東縣,38.210,35.390,36.550,36.960,37.440,37.400,37.350,37.270,38.510,38.770,39.780,40.760,42.300
97,白米躉售,稉種(蓬萊),花蓮縣,36.090,34.480,35.220,36.270,36.280,36.180,35.030,34.780,36.370,36.480,36.820,36.900,38.230
97,白米躉售,稉種(蓬萊),澎湖縣,33.500,33.690,34.620,35.200,35.480,35.420,32.690,30.970,31.430,31.060,31.320,33.430,36.630
97,白米躉售,稉種(蓬萊),基隆市,32.720,32.350,33.120,34.290,34.170,33.410,32.150,31.000,30.900,30.950,31.410,33.230,35.710
97,白米躉售,稉種(蓬萊),新竹市,32.320,32.370,32.700,34.380,34.060,34.200,31.800,30.050,30.250,30.560,30.460,31.990,34.980
97,白米躉售,稉種(蓬萊),台中市,32.440,32.770,33.950,35.000,34.650,34.000,30.850,28.580,30.100,30.400,30.500,32.840,35.630
97,白米躉售,稉種(蓬萊),嘉義市,32.000,32.490,33.370,34.120,34.000,33.540,30.810,29.370,29.610,29.540,29.830,32.030,35.300
97,白米躉售,稉種(蓬萊),台南市,32.040,32.240,32.710,34.400,34.370,33.700,31.640,29.130,29.680,29.640,29.860,32.230,34.890
97,白米躉售,稉種(蓬萊),台北市,33.350,32.690,33.620,34.980,34.800,34.580,33.020,31.730,31.750,31.750,32.000,33.420,35.880
97,白米躉售,稉種(蓬萊),高雄市,32.100,32.870,33.890,34.600,34.330,33.350,29.760,29.290,29.960,29.920,30.150,32.230,34.810
98,白米躉售,稉種(蓬萊),新北市,33.620,35.930,36.030,36.070,35.830,35.830,33.070,31.530,31.510,32.110,32.310,31.760,31.480
98,白米躉售,稉種(蓬萊),宜蘭縣,31.820,34.200,34.540,34.110,34.170,34.180,31.520,29.290,29.470,30.210,30.280,29.880,29.930
98,白米躉售,稉種(蓬萊),桃園市,31.750,34.820,34.790,34.220,34.130,34.080,30.920,29.400,29.320,30.120,30.020,29.490,29.710
98,白米躉售,稉種(蓬萊),新竹縣,32.200,35.570,35.600,35.170,34.370,33.980,31.650,29.720,29.530,30.280,30.250,29.940,30.310
98,白米躉售,稉種(蓬萊),苗栗縣,31.670,34.850,34.650,34.210,34.110,33.600,30.810,29.340,29.360,30.120,29.830,29.310,29.820
98,白米躉售,稉種(蓬萊),台中縣,31.620,35.280,35.020,34.100,33.910,33.520,30.130,29.220,29.160,30.130,29.930,29.300,29.750
98,白米躉售,稉種(蓬萊),彰化縣,32.840,36.410,36.040,35.470,35.330,34.940,31.030,30.420,30.760,31.320,31.130,30.070,31.200
98,白米躉售,稉種(蓬萊),南投縣,33.140,36.180,36.170,35.510,35.240,34.920,31.630,31.040,31.240,31.570,31.640,31.340,31.180
98,白米躉售,稉種(蓬萊),雲林縣,31.790,35.560,35.280,34.440,34.420,33.870,29.850,28.990,29.580,30.350,29.860,29.360,29.910
98,白米躉售,稉種(蓬萊),嘉義縣,32.030,35.650,35.300,34.520,34.720,34.260,30.340,29.430,29.630,30.340,30.160,29.890,30.140
98,白米躉售,稉種(蓬萊),台南縣,32.390,35.980,36.200,35.340,35.080,33.950,30.720,30.040,30.190,30.390,30.340,30.040,30.370
98,白米躉售,稉種(蓬萊),高雄縣,32.290,35.820,35.590,35.130,34.850,33.320,30.670,30.100,30.310,30.500,30.700,30.110,30.360
98,白米躉售,稉種(蓬萊),屏東縣,31.940,35.560,35.590,34.580,34.580,32.730,30.300,29.370,29.880,30.260,30.240,29.920,30.250
98,白米躉售,稉種(蓬萊),台東縣,41.030,42.950,42.380,41.660,40.850,40.880,40.770,40.630,40.570,40.590,40.410,40.250,40.380
98,白米躉售,稉種(蓬萊),花蓮縣,38.250,38.940,38.860,38.570,38.410,38.670,37.970,37.850,38.050,38.210,38.060,37.780,37.640
98,白米躉售,稉種(蓬萊),澎湖縣,33.590,37.150,36.920,36.050,36.150,35.890,32.440,30.920,31.100,31.780,31.670,31.410,31.600
98,白米躉售,稉種(蓬萊),基隆市,33.610,36.040,36.070,35.850,35.840,36.060,33.800,31.430,31.390,31.840,31.850,31.540,31.630
98,白米躉售,稉種(蓬萊),新竹市,33.110,35.600,36.080,36.170,35.730,35.360,32.410,30.830,30.830,31.220,31.260,31.040,30.750
98,白米躉售,稉種(蓬萊),台中市,32.280,35.700,35.710,34.180,34.470,34.330,31.200,29.900,29.890,31.000,30.830,29.990,30.170
98,白米躉售,稉種(蓬萊),嘉義市,32.050,35.720,35.060,34.580,34.830,34.400,30.170,29.290,29.650,30.490,30.390,29.970,30.100
98,白米躉售,稉種(蓬萊),台南市,32.360,35.910,36.090,35.090,35.250,33.970,30.700,29.970,30.230,30.460,30.340,29.980,30.350
98,白米躉售,稉種(蓬萊),台北市,33.580,35.990,36.030,35.990,35.860,35.890,32.880,31.700,31.670,31.950,32.000,31.520,31.430
98,白米躉售,稉種(蓬萊),高雄市,32.370,35.670,35.480,35.180,34.930,33.710,31.080,30.150,30.290,30.780,30.610,30.160,30.440
99,白米躉售,稉種(蓬萊),新北市,31.550,32.590,33.600,33.200,32.480,32.390,32.150,30.930,30.550,30.550,30.470,29.630,30.000
99,白米躉售,稉種(蓬萊),宜蘭縣,29.700,30.980,31.490,30.900,29.980,29.540,29.430,29.190,29.220,29.660,29.220,28.340,28.500
99,白米躉售,稉種(蓬萊),桃園市,29.760,31.180,31.860,31.250,30.610,30.490,30.210,29.390,28.830,28.780,28.420,27.510,28.600
99,白米躉售,稉種(蓬萊),新竹縣,30.150,31.280,32.060,31.610,30.750,30.550,30.690,30.000,29.520,29.460,28.950,27.970,28.990
99,白米躉售,稉種(蓬萊),苗栗縣,29.700,31.350,31.870,31.110,30.360,30.180,30.000,29.190,28.900,28.860,28.380,27.470,28.730
99,白米躉售,稉種(蓬萊),台中縣,29.590,31.220,31.850,31.200,30.490,30.270,29.900,28.340,28.630,28.780,28.190,27.440,28.750
99,白米躉售,稉種(蓬萊),彰化縣,31.070,32.750,33.240,32.590,32.000,31.960,31.310,30.230,30.240,30.450,29.710,28.750,29.550
99,白米躉售,稉種(蓬萊),南投縣,31.360,32.140,33.020,32.650,32.140,32.060,31.760,30.940,30.570,30.570,30.360,29.820,30.340
99,白米躉售,稉種(蓬萊),雲林縣,29.810,31.640,32.410,31.390,30.630,30.350,29.660,28.690,28.790,28.870,28.210,28.040,29.040
99,白米躉售,稉種(蓬萊),嘉義縣,29.970,31.620,32.560,31.680,31.070,30.780,30.060,28.870,28.830,28.670,28.150,28.110,29.190
99,白米躉售,稉種(蓬萊),台南縣,30.070,31.580,32.350,31.850,31.250,30.760,30.420,29.060,28.860,28.880,28.370,28.250,29.150
99,白米躉售,稉種(蓬萊),高雄縣,30.140,31.640,32.680,31.970,31.190,30.710,30.100,29.140,29.000,29.050,28.780,28.240,29.190
99,白米躉售,稉種(蓬萊),屏東縣,30.080,31.610,32.440,31.710,31.060,30.700,31.240,29.050,28.930,28.920,28.370,27.800,29.170
99,白米躉售,稉種(蓬萊),台東縣,40.930,40.770,40.940,41.020,40.970,41.670,42.110,41.790,41.090,41.090,41.070,40.050,38.560
99,白米躉售,稉種(蓬萊),花蓮縣,37.590,37.980,38.260,38.120,38.130,38.070,37.820,37.660,37.650,37.590,37.140,36.600,36.080
99,白米躉售,稉種(蓬萊),澎湖縣,31.500,33.000,34.020,33.370,32.630,32.350,31.710,30.470,30.330,30.200,29.710,29.550,30.680
99,白米躉售,稉種(蓬萊),基隆市,32.390,33.080,33.840,33.600,32.890,32.810,32.660,32.180,32.080,31.770,31.720,30.910,31.150
99,白米躉售,稉種(蓬萊),新竹市,30.950,31.750,32.990,32.740,32.010,31.700,31.420,30.480,30.110,29.990,29.730,28.690,29.760
99,白米躉售,稉種(蓬萊),台中市,30.430,31.840,32.890,32.280,31.350,31.170,30.630,29.250,29.320,29.340,29.030,28.350,29.700
99,白米躉售,稉種(蓬萊),嘉義市,30.000,31.620,32.550,31.760,30.990,30.780,30.220,29.000,29.050,28.680,28.220,27.960,29.160
99,白米躉售,稉種(蓬萊),台南市,30.080,31.580,32.350,31.870,31.350,30.760,30.480,29.010,28.840,28.880,28.380,28.180,29.250
99,白米躉售,稉種(蓬萊),台北市,31.950,33.180,33.990,33.470,32.740,32.510,32.330,31.570,31.240,31.080,31.030,30.040,30.170
99,白米躉售,稉種(蓬萊),高雄市,30.180,31.740,32.680,32.020,31.080,30.860,30.280,29.350,28.980,28.990,28.600,28.270,29.360
100,白米躉售,稉種(蓬萊),新北市,32.050,30.000,30.000,29.950,29.180,33.550,32.490,30.960,33.080,33.530,33.940,33.890,34.050
100,白米躉售,稉種(蓬萊),宜蘭縣,31.020,28.320,28.060,27.910,28.400,34.380,32.940,31.230,31.580,32.130,32.440,32.430,32.440
100,白米躉售,稉種(蓬萊),桃園市,30.590,28.000,27.810,27.770,28.750,33.180,31.480,30.520,31.450,32.010,32.140,31.750,32.220
100,白米躉售,稉種(蓬萊),新竹縣,31.140,28.790,28.650,28.780,29.430,33.330,32.050,30.800,31.770,32.190,32.870,32.470,32.600
100,白米躉售,稉種(蓬萊),苗栗縣,30.940,28.480,28.290,28.090,29.580,33.490,31.480,30.410,31.610,32.400,32.630,32.300,32.530
100,白米躉售,稉種(蓬萊),彰化縣,32.260,29.950,30.000,29.910,30.870,34.850,32.850,31.570,32.790,33.240,33.430,33.570,34.050
100,白米躉售,稉種(蓬萊),南投縣,32.340,30.330,30.220,30.130,30.870,34.380,33.430,32.000,32.640,33.140,33.510,33.400,33.970
100,白米躉售,稉種(蓬萊),雲林縣,31.150,28.850,28.850,28.610,29.790,34.450,31.210,30.580,31.990,32.400,32.250,32.020,32.770
100,白米躉售,稉種(蓬萊),嘉義縣,30.990,28.840,28.770,28.610,29.470,34.540,31.420,30.480,31.530,31.650,32.140,32.120,32.280
100,白米躉售,稉種(蓬萊),屏東縣,31.290,29.200,29.170,28.990,29.710,34.460,31.530,30.840,31.700,32.200,32.630,32.540,32.560
100,白米躉售,稉種(蓬萊),台東縣,40.720,39.450,39.880,39.910,39.950,40.470,40.840,41.050,41.380,41.380,41.360,41.480,41.540
100,白米躉售,稉種(蓬萊),花蓮縣,36.910,35.730,35.710,35.730,35.950,37.580,37.210,36.840,37.010,37.630,37.850,37.770,37.860
100,白米躉售,稉種(蓬萊),澎湖縣,32.470,30.360,30.260,30.160,30.780,35.910,33.070,31.920,33.030,33.140,33.630,33.630,33.740
100,白米躉售,稉種(蓬萊),基隆市,31.980,31.150,31.150,31.060,29.180,33.270,32.240,30.990,32.660,32.970,33.110,32.920,33.070
100,白米躉售,稉種(蓬萊),新竹市,31.640,29.670,29.520,29.760,30.290,33.730,32.220,30.920,31.890,32.720,33.430,32.650,32.920
100,白米躉售,稉種(蓬萊),台中市,31.300,28.960,28.910,28.710,29.380,34.110,32.180,30.870,32.050,32.470,32.740,32.480,32.780
100,白米躉售,稉種(蓬萊),嘉義市,31.020,28.800,28.820,28.780,29.590,34.520,31.180,30.330,31.530,31.760,32.240,32.310,32.330
100,白米躉售,稉種(蓬萊),台南市,31.400,29.110,29.000,28.980,29.910,34.160,32.020,31.040,31.950,32.540,32.750,32.540,32.770
100,白米躉售,稉種(蓬萊),台北市,32.130,30.170,30.170,30.120,29.250,33.350,32.530,31.160,33.020,33.540,34.110,34.010,34.130
100,白米躉售,稉種(蓬萊),高雄市,31.360,29.090,29.170,28.970,29.830,33.830,31.790,30.990,32.040,32.650,32.800,32.550,32.660
101,白米躉售,稉種(蓬萊),新北市,34.000,34.410,34.540,34.540,34.760,34.380,33.530,33.240,33.240,33.330,33.610,33.890,34.540
101,白米躉售,稉種(蓬萊),宜蘭縣,33.550,33.000,33.300,33.300,34.000,34.360,33.650,33.340,33.480,33.600,33.600,33.510,33.420
101,白米躉售,稉種(蓬萊),桃園市,32.740,32.680,32.700,32.710,33.930,33.300,32.550,32.470,32.700,32.660,32.430,32.390,32.360
101,白米躉售,稉種(蓬萊),新竹縣,33.240,33.240,33.310,33.240,34.000,33.590,32.790,33.000,33.180,33.190,33.120,33.060,33.110
101,白米躉售,稉種(蓬萊),苗栗縣,32.990,33.150,33.330,33.330,33.930,33.340,32.480,32.510,33.060,32.830,32.530,32.600,32.790
101,白米躉售,稉種(蓬萊),彰化縣,34.280,34.550,34.650,34.630,34.970,34.780,33.120,33.590,34.300,34.290,34.030,34.040,34.460
101,白米躉售,稉種(蓬萊),南投縣,34.430,34.550,34.640,34.670,35.270,35.300,34.130,34.020,34.120,34.080,33.910,34.050,34.450
101,白米躉售,稉種(蓬萊),雲林縣,33.120,33.140,33.320,33.170,34.290,33.840,32.080,32.470,33.070,33.190,32.870,33.000,33.010
101,白米躉售,稉種(蓬萊),嘉義縣,33.040,32.880,32.890,33.030,34.670,34.130,32.810,32.720,32.850,32.790,32.540,32.520,32.620
101,白米躉售,稉種(蓬萊),屏東縣,32.910,32.830,32.970,33.000,33.540,33.530,32.290,32.160,32.680,33.110,33.130,32.880,32.810
101,白米躉售,稉種(蓬萊),台東縣,41.650,41.610,41.620,41.630,41.660,41.660,41.530,41.500,41.710,41.600,41.600,41.740,41.920
101,白米躉售,稉種(蓬萊),花蓮縣,38.420,38.010,38.030,37.860,38.730,39.170,38.220,38.380,38.580,38.520,38.510,38.510,38.540
101,白米躉售,稉種(蓬萊),澎湖縣,34.540,34.360,34.340,34.520,36.100,35.740,34.320,34.220,34.350,34.300,34.050,34.020,34.130
101,白米躉售,稉種(蓬萊),基隆市,32.500,33.070,33.120,33.080,33.260,33.050,31.710,31.250,31.260,31.800,32.600,32.730,33.120
101,白米躉售,稉種(蓬萊),新竹市,33.690,34.060,34.040,33.770,34.320,34.310,33.080,33.180,33.800,33.870,33.500,33.160,33.210
101,白米躉售,稉種(蓬萊),台中市,33.400,33.360,33.430,33.440,34.370,34.230,32.660,32.880,33.140,33.350,32.900,33.360,33.680
101,白米躉售,稉種(蓬萊),嘉義市,32.970,32.760,32.910,32.950,34.270,34.120,32.680,32.420,32.730,32.830,32.700,32.630,32.620
101,白米躉售,稉種(蓬萊),台南市,33.250,33.000,33.280,33.330,33.990,34.280,32.940,32.950,32.900,33.180,32.980,33.020,33.090
101,白米躉售,稉種(蓬萊),台北市,34.180,34.430,34.670,34.670,35.050,34.770,33.750,33.500,33.500,33.580,33.830,34.020,34.410
101,白米躉售,稉種(蓬萊),高雄市,33.310,33.110,33.400,33.380,34.430,34.040,32.490,32.890,33.250,33.360,33.100,33.070,33.200
102,白米躉售,稉種(蓬萊),新北市,34.270,34.540,34.540,34.400,34.010,33.390,33.390,34.130,34.170,34.400,34.550,34.750,34.990
102,白米躉售,稉種(蓬萊),宜蘭縣,32.450,33.160,33.090,32.590,32.130,31.560,31.370,32.270,32.430,32.410,32.470,32.600,33.280
102,白米躉售,稉種(蓬萊),桃園市,31.550,32.320,32.180,31.920,31.030,30.390,30.650,31.470,31.120,31.220,31.420,31.790,33.050
102,白米躉售,稉種(蓬萊),新竹縣,32.170,33.100,32.950,32.500,31.580,30.980,31.210,31.890,32.000,32.010,32.140,32.210,33.410
102,白米躉售,稉種(蓬萊),苗栗縣,31.940,32.590,32.400,31.840,31.090,30.610,31.160,32.290,31.850,31.800,31.930,32.280,33.490
102,白米躉售,稉種(蓬萊),彰化縣,33.310,34.260,34.060,33.400,32.670,32.400,32.470,33.250,33.100,33.100,33.030,33.460,34.460
102,白米躉售,稉種(蓬萊),南投縣,34.000,34.680,34.450,34.000,33.450,33.120,33.100,33.930,33.910,33.740,33.930,34.350,35.300
102,白米躉售,稉種(蓬萊),雲林縣,32.320,32.990,32.800,32.210,31.350,31.000,31.350,32.270,32.190,32.320,32.460,32.790,34.160
102,白米躉售,稉種(蓬萊),嘉義縣,31.830,32.560,32.380,31.470,30.790,30.540,31.070,32.010,31.740,31.680,31.900,32.190,33.590
102,白米躉售,稉種(蓬萊),屏東縣,32.240,32.840,32.670,32.230,31.400,31.220,31.370,31.960,32.290,32.290,32.290,32.510,33.750
102,白米躉售,稉種(蓬萊),台東縣,42.080,42.070,42.080,42.080,42.080,42.080,42.080,42.080,42.080,42.080,42.080,42.080,42.080
102,白米躉售,稉種(蓬萊),花蓮縣,38.320,38.540,38.530,38.450,38.220,37.920,37.930,38.120,38.320,38.310,38.240,38.360,38.900
102,白米躉售,稉種(蓬萊),澎湖縣,33.320,34.070,33.900,33.040,32.290,32.050,32.490,33.520,33.250,33.180,33.370,33.660,35.020
102,白米躉售,稉種(蓬萊),基隆市,33.720,33.120,33.120,33.050,32.510,32.480,32.950,34.140,34.170,34.530,34.650,34.920,35.000
102,白米躉售,稉種(蓬萊),新竹市,32.800,33.470,33.500,33.050,32.450,31.600,31.810,32.940,32.760,32.450,32.710,32.910,33.920
102,白米躉售,稉種(蓬萊),台中市,32.530,33.130,33.000,32.720,31.860,31.580,31.710,32.490,32.520,32.500,32.590,32.520,33.710
102,白米躉售,稉種(蓬萊),嘉義市,32.000,32.420,32.360,31.870,31.170,31.090,31.190,32.120,31.950,31.940,32.080,32.290,33.570
102,白米躉售,稉種(蓬萊),台南市,32.570,33.040,32.890,32.450,32.230,32.220,32.250,32.500,32.420,32.450,32.500,32.510,33.330
102,白米躉售,稉種(蓬萊),台北市,34.340,34.410,34.410,34.170,33.640,33.380,33.460,34.180,34.250,34.660,34.840,35.200,35.420
102,白米躉售,稉種(蓬萊),高雄市,32.430,33.080,32.890,32.470,31.770,31.090,31.470,32.430,32.450,32.460,32.490,32.620,33.920
103,白米躉售,稉種(蓬萊),新北市,35.750,35.000,35.460,36.260,36.210,36.120,35.970,35.280,35.510,35.560,35.740,35.930,35.930
103,白米躉售,稉種(蓬萊),宜蘭縣,35.650,34.430,36.910,37.690,37.670,37.440,36.370,33.770,33.990,34.720,34.930,34.930,34.930
103,白米躉售,稉種(蓬萊),桃園市,34.540,33.680,35.710,36.640,36.090,35.800,34.960,33.310,33.320,33.680,33.730,33.660,33.890
103,白米躉售,稉種(蓬萊),新竹縣,35.450,34.270,35.900,36.870,36.440,36.390,35.250,34.370,34.790,35.240,35.280,35.280,35.280
103,白米躉售,稉種(蓬萊),苗栗縣,34.720,34.320,35.970,36.560,36.130,35.960,34.240,33.170,34.020,34.120,33.990,33.860,34.260
103,白米躉售,稉種(蓬萊),彰化縣,35.390,35.250,37.310,37.770,37.150,36.790,35.250,33.480,34.040,34.460,34.320,34.360,34.470
103,白米躉售,稉種(蓬萊),南投縣,36.330,36.040,37.330,37.990,37.750,37.600,36.400,34.680,35.010,35.620,35.680,35.790,36.030
103,白米躉售,稉種(蓬萊),雲林縣,35.380,34.970,37.020,37.720,37.460,37.350,35.100,33.420,34.160,34.600,34.310,34.310,34.100
103,白米躉售,稉種(蓬萊),嘉義縣,35.430,34.830,37.090,37.640,37.380,37.280,35.500,33.890,34.210,34.640,34.350,34.250,34.090
103,白米躉售,稉種(蓬萊),屏東縣,35.370,34.550,37.000,37.390,37.370,37.370,36.430,33.670,34.020,34.140,34.200,34.140,34.100
103,白米躉售,稉種(蓬萊),台東縣,43.770,42.120,43.340,44.310,44.310,44.130,43.460,43.680,44.210,44.210,44.030,43.740,43.740
103,白米躉售,稉種(蓬萊),花蓮縣,40.260,39.270,40.350,40.690,40.710,40.920,40.610,40.270,40.100,40.040,40.040,40.030,40.140
103,白米躉售,稉種(蓬萊),澎湖縣,36.940,36.310,38.490,39.150,38.890,38.790,37.120,35.390,35.690,36.100,35.880,35.740,35.720
103,白米躉售,稉種(蓬萊),基隆市,35.750,35.000,35.460,36.570,36.570,36.200,36.030,35.470,35.500,35.520,35.620,35.590,35.520
103,白米躉售,稉種(蓬萊),新竹市,36.040,35.470,36.790,37.770,37.450,37.330,36.240,35.000,35.210,35.280,35.310,35.310,35.310
103,白米躉售,稉種(蓬萊),台中市,35.450,34.860,36.740,37.370,37.010,37.160,35.570,33.580,34.100,34.770,34.860,34.720,34.620
103,白米躉售,稉種(蓬萊),嘉義市,35.700,34.650,37.150,37.650,37.430,37.410,36.110,34.320,34.640,35.090,34.850,34.550,34.540
103,白米躉售,稉種(蓬萊),台南市,35.760,34.840,37.360,37.890,37.730,37.750,36.290,33.740,34.450,34.930,34.750,34.710,34.680
103,白米躉售,稉種(蓬萊),台北市,35.830,35.420,35.730,36.420,36.420,36.200,36.080,35.230,35.300,35.330,35.570,36.050,36.170
103,白米躉售,稉種(蓬萊),高雄市,35.900,34.900,37.130,37.880,37.760,37.650,36.270,34.350,34.850,35.160,35.010,34.900,34.970
104,白米躉售,稉種(蓬萊),新北市,36.140,35.980,36.020,36.100,36.110,36.260,36.220,36.040,36.140,36.200,36.200,36.200,36.200
104,白米躉售,稉種(蓬萊),宜蘭縣,34.180,34.930,34.930,34.950,35.000,34.830,34.410,33.550,33.350,33.260,33.260,33.560,34.180
104,白米躉售,稉種(蓬萊),桃園市,33.490,33.990,34.290,34.370,34.080,33.550,33.100,32.940,32.630,32.650,32.760,33.310,34.160
104,白米躉售,稉種(蓬萊),新竹縣,34.380,35.260,35.200,35.220,35.220,34.310,33.760,33.460,33.390,33.390,33.430,34.110,35.820
104,白米躉售,稉種(蓬萊),苗栗縣,33.400,34.160,34.160,34.120,34.030,33.840,33.450,33.130,32.670,32.670,32.670,32.670,33.180
104,白米躉售,稉種(蓬萊),彰化縣,33.820,34.410,34.570,34.690,34.510,33.910,33.060,32.790,32.670,32.820,32.910,33.310,36.160
104,白米躉售,稉種(蓬萊),南投縣,35.450,35.920,35.900,35.900,35.550,35.440,35.120,34.940,34.960,35.030,35.010,35.040,36.610
104,白米躉售,稉種(蓬萊),雲林縣,33.940,34.330,34.450,34.530,34.490,34.000,33.490,32.820,32.770,32.830,32.910,34.240,36.460
104,白米躉售,稉種(蓬萊),嘉義縣,33.370,34.080,34.070,34.090,34.070,33.700,32.310,31.860,31.820,31.830,32.190,34.200,36.270
104,白米躉售,稉種(蓬萊),屏東縣,33.720,34.040,34.120,34.270,34.350,34.240,33.900,33.100,32.440,32.400,32.400,32.990,36.330
104,白米躉售,稉種(蓬萊),台東縣,43.740,43.740,43.740,43.740,43.740,43.740,43.740,43.740,43.740,43.740,43.740,43.740,43.740
104,白米躉售,稉種(蓬萊),花蓮縣,40.420,40.080,40.240,40.290,40.370,40.530,40.520,40.340,40.280,40.320,40.360,40.450,41.270
104,白米躉售,稉種(蓬萊),澎湖縣,34.870,35.600,35.570,35.580,35.570,35.260,33.870,33.380,33.320,33.330,33.660,35.500,37.750
104,白米躉售,稉種(蓬萊),基隆市,35.660,35.700,35.730,35.730,35.730,35.660,35.520,35.670,35.690,35.630,35.630,35.630,35.630
104,白米躉售,稉種(蓬萊),新竹市,34.660,35.240,35.490,35.570,35.570,34.930,33.940,33.590,33.530,33.750,33.850,34.440,35.960
104,白米躉售,稉種(蓬萊),台中市,34.030,34.570,34.570,34.540,34.520,34.310,33.770,33.250,32.910,32.610,33.010,34.000,36.260
104,白米躉售,稉種(蓬萊),嘉義市,33.710,34.540,34.540,34.540,34.520,34.010,32.900,32.030,32.090,32.150,32.410,34.110,36.660
104,白米躉售,稉種(蓬萊),台南市,34.570,34.890,35.060,34.980,35.060,34.690,34.520,33.410,33.220,33.250,33.380,35.300,37.040
104,白米躉售,稉種(蓬萊),台北市,36.430,35.990,36.170,36.220,36.250,36.290,36.360,36.630,36.690,36.630,36.630,36.630,36.630
104,白米躉售,稉種(蓬萊),高雄市,34.370,34.970,35.020,34.930,34.930,34.440,33.660,33.460,33.490,33.480,33.450,34.110,36.530
105,白米躉售,稉種(蓬萊),新北市,37.020,36.210,36.520,36.940,37.150,37.150,37.150,36.960,37.040,37.040,37.040,37.210,37.770
105,白米躉售,稉種(蓬萊),宜蘭縣,34.370,34.500,34.500,34.500,34.670,34.710,34.670,33.440,33.490,33.250,33.510,35.000,36.250
105,白米躉售,稉種(蓬萊),桃園市,34.140,34.490,34.840,34.970,34.790,34.660,34.320,33.240,32.850,32.730,33.030,34.200,35.550
105,白米躉售,稉種(蓬萊),新竹縣,35.470,36.250,36.250,36.000,35.780,35.570,34.920,34.540,34.450,34.440,34.760,35.690,36.970
105,白米躉售,稉種(蓬萊),苗栗縣,34.900,34.310,35.640,35.590,35.320,34.510,33.970,34.330,34.030,33.990,33.990,35.670,37.490
105,白米躉售,稉種(蓬萊),彰化縣,35.320,36.640,36.620,36.630,36.360,35.990,35.070,33.690,32.810,32.970,33.430,35.720,37.850
105,白米躉售,稉種(蓬萊),南投縣,37.090,37.440,37.630,37.820,37.770,37.530,37.360,36.900,36.440,36.420,35.430,36.220,38.080
105,白米躉售,稉種(蓬萊),雲林縣,35.370,36.560,36.440,36.320,36.140,35.810,34.780,33.550,33.400,33.350,34.000,36.180,37.960
105,白米躉售,稉種(蓬萊),嘉義縣,34.690,36.150,36.090,35.890,35.790,35.340,32.780,32.470,32.290,32.170,33.530,35.960,37.870
105,白米躉售,稉種(蓬萊),屏東縣,35.020,37.140,37.090,37.090,37.070,36.230,34.820,32.530,32.530,32.530,32.530,32.780,37.880
105,白米躉售,稉種(蓬萊),台東縣,43.790,43.740,43.740,43.740,43.740,43.740,43.740,43.740,43.740,43.740,43.740,43.890,44.170
105,白米躉售,稉種(蓬萊),花蓮縣,42.610,42.490,42.420,42.620,42.620,42.710,42.650,42.550,42.500,42.500,42.500,42.500,43.310
105,白米躉售,稉種(蓬萊),澎湖縣,36.190,37.650,37.590,37.390,37.290,36.890,34.320,33.960,33.800,33.670,35.020,37.300,39.360
105,白米躉售,稉種(蓬萊),基隆市,36.840,35.630,36.320,36.560,36.600,36.600,36.520,36.540,36.930,36.880,36.880,37.170,39.410
105,白米躉售,稉種(蓬萊),新竹市,35.710,36.650,36.670,36.250,35.960,35.760,35.090,34.420,34.420,34.410,34.680,36.270,37.940
105,白米躉售,稉種(蓬萊),台中市,35.370,36.700,36.730,36.560,36.130,36.090,35.500,33.760,33.300,33.300,33.530,35.410,37.370
105,白米躉售,稉種(蓬萊),嘉義市,34.800,36.640,36.430,36.040,35.800,35.520,32.880,32.480,32.300,32.130,33.320,35.800,38.200
105,白米躉售,稉種(蓬萊),台南市,35.880,37.150,37.160,36.950,36.870,36.520,35.180,33.710,33.590,33.560,34.360,36.870,38.590
105,白米躉售,稉種(蓬萊),台北市,37.100,36.650,37.220,37.470,37.530,37.420,37.230,36.830,36.800,36.800,36.850,36.960,37.400
105,白米躉售,稉種(蓬萊),高雄市,35.770,36.960,37.140,36.970,36.880,36.400,34.840,33.550,33.890,33.900,34.640,36.070,38.030
106,白米躉售,稉種(蓬萊),新北市,38.260,38.610,38.990,38.890,38.830,38.810,38.690,38.100,37.710,37.710,37.710,37.650,37.380
106,白米躉售,稉種(蓬萊),宜蘭縣,34.910,36.490,36.580,36.580,36.440,36.340,34.890,34.090,34.090,33.690,33.460,33.210,33.070
106,白米躉售,稉種(蓬萊),桃園市,34.200,36.820,36.820,36.100,35.600,35.410,33.770,32.810,33.100,33.100,33.030,31.900,31.980
106,白米躉售,稉種(蓬萊),新竹縣,34.940,37.080,37.100,37.020,36.770,36.310,34.750,33.940,33.610,33.330,33.190,33.060,33.060
106,白米躉售,稉種(蓬萊),苗栗縣,35.040,37.630,37.630,37.720,37.620,37.160,34.420,33.730,33.670,32.920,32.920,32.500,32.500
106,白米躉售,稉種(蓬萊),彰化縣,34.740,38.170,38.070,37.320,36.790,36.100,34.660,32.790,32.680,32.810,32.810,32.430,32.230
106,白米躉售,稉種(蓬萊),南投縣,37.160,39.080,39.310,39.180,38.960,38.840,37.770,35.900,35.760,35.280,35.300,35.270,35.280
106,白米躉售,稉種(蓬萊),雲林縣,34.650,38.200,38.180,37.340,36.710,36.190,33.690,32.610,32.580,32.640,32.530,32.360,32.750
106,白米躉售,稉種(蓬萊),嘉義縣,33.940,37.980,37.830,37.080,36.350,35.270,31.980,31.800,31.860,31.860,31.840,31.650,31.720
106,白米躉售,稉種(蓬萊),屏東縣,35.820,38.360,38.360,38.360,38.360,37.260,35.650,34.100,34.100,34.080,33.500,33.760,33.930
106,白米躉售,稉種(蓬萊),台東縣,44.920,45.040,45.320,45.460,45.480,44.820,44.570,44.570,44.690,44.760,44.760,44.760,44.760
106,白米躉售,稉種(蓬萊),花蓮縣,43.270,43.330,43.330,43.660,43.740,43.640,43.410,43.390,42.980,42.940,43.000,42.930,42.850
106,白米躉售,稉種(蓬萊),澎湖縣,35.490,39.480,39.350,38.640,37.880,37.370,33.480,33.300,33.360,33.360,33.340,33.160,33.200
106,白米躉售,稉種(蓬萊),基隆市,39.310,39.710,39.780,39.780,39.800,39.830,39.750,38.770,38.730,38.960,39.120,38.930,38.600
106,白米躉售,稉種(蓬萊),新竹市,35.870,38.400,38.450,38.300,37.600,36.960,35.350,34.380,34.290,34.290,34.290,34.030,34.050
106,白米躉售,稉種(蓬萊),台中市,34.680,37.740,37.790,37.480,36.790,36.470,35.010,33.230,32.870,32.600,32.270,32.020,31.940
106,白米躉售,稉種(蓬萊),嘉義市,34.050,38.290,38.020,37.160,36.330,35.390,32.250,31.960,31.840,31.850,31.840,31.720,31.990
106,白米躉售,稉種(蓬萊),台南市,34.860,38.650,38.480,37.550,37.010,36.380,33.830,33.030,32.820,32.740,32.700,32.400,32.680
106,白米躉售,稉種(蓬萊),台北市,37.540,38.150,38.350,38.350,38.350,38.340,38.170,37.370,36.660,36.720,36.720,36.640,36.650
106,白米躉售,稉種(蓬萊),高雄市,35.390,38.390,38.410,38.180,37.620,36.760,34.510,33.720,33.480,33.530,33.500,33.240,33.360
107,白米躉售,稉種(蓬萊),新北市,37.010,37.080,37.080,37.130,37.170,37.180,37.190,37.150,37.090,36.960,36.720,36.700,36.680
107,白米躉售,稉種(蓬萊),宜蘭縣,31.920,32.830,32.680,32.540,32.540,33.270,33.170,31.210,31.090,31.080,30.940,30.870,30.870
107,白米躉售,稉種(蓬萊),桃園市,31.840,32.310,32.110,32.110,32.110,32.110,32.110,32.110,32.000,31.200,31.160,31.460,31.300
107,白米躉售,稉種(蓬萊),新竹縣,32.540,33.060,33.060,33.060,33.200,33.330,33.290,32.480,31.800,31.800,31.800,31.800,31.800
107,白米躉售,稉種(蓬萊),苗栗縣,33.270,32.500,32.500,32.500,32.650,33.640,33.640,33.640,33.640,33.640,33.640,33.640,33.640
107,白米躉售,稉種(蓬萊),彰化縣,32.080,32.350,32.580,32.610,32.870,33.480,32.970,31.540,31.340,31.320,31.350,31.250,31.270
107,白米躉售,稉種(蓬萊),南投縣,34.910,35.410,35.580,35.560,35.540,35.640,35.610,35.050,34.330,34.120,34.090,34.070,33.880
107,白米躉售,稉種(蓬萊),雲林縣,32.050,32.830,32.550,32.620,33.010,33.750,32.670,31.630,31.340,31.350,31.160,30.750,30.880
107,白米躉售,稉種(蓬萊),嘉義縣,31.420,31.840,31.910,32.040,32.250,32.860,31.530,30.980,30.810,30.810,30.810,30.700,30.510
107,白米躉售,稉種(蓬萊),屏東縣,33.610,33.970,34.120,34.120,34.120,34.120,34.120,33.720,33.690,33.690,33.690,32.750,31.190
107,白米躉售,稉種(蓬萊),台東縣,45.790,44.790,45.550,45.410,45.320,45.320,45.320,45.320,45.320,46.320,46.820,46.970,47.020
107,白米躉售,稉種(蓬萊),花蓮縣,41.590,42.630,42.630,42.670,42.880,42.880,41.590,40.610,40.640,40.640,40.640,40.640,40.640
107,白米躉售,稉種(蓬萊),澎湖縣,32.930,33.340,33.430,33.550,33.710,34.340,33.120,32.480,32.310,32.310,32.310,32.210,32.020
107,白米躉售,稉種(蓬萊),基隆市,38.410,38.300,38.210,38.350,38.450,38.460,38.500,38.500,38.500,38.500,38.500,38.360,38.330
107,白米躉售,稉種(蓬萊),新竹市,33.780,34.220,34.220,34.280,34.460,34.970,34.520,33.400,33.030,33.010,33.090,33.090,33.050
107,白米躉售,稉種(蓬萊),台中市,31.820,31.940,32.000,32.060,32.110,32.840,32.630,32.110,31.440,31.280,31.280,31.160,30.990
107,白米躉售,稉種(蓬萊),嘉義市,31.490,32.060,31.980,31.980,32.120,33.000,31.980,31.070,30.870,30.860,30.830,30.570,30.500
107,白米躉售,稉種(蓬萊),台南市,32.260,32.730,32.690,32.700,32.880,33.630,32.610,31.900,31.770,31.710,31.650,31.520,31.270
107,白米躉售,稉種(蓬萊),台北市,36.620,36.750,36.750,36.750,36.750,36.750,36.740,36.710,36.640,36.630,36.420,36.290,36.200
107,白米躉售,稉種(蓬萊),高雄市,33.320,33.610,33.550,33.560,33.620,34.100,34.020,33.600,33.180,33.090,32.790,32.420,32.300
108,白米躉售,稉種(蓬萊),新北市,36.160,36.640,36.500,36.470,36.250,36.140,36.030,35.860,36.000,36.000,36.000,36.000,36.000
108,白米躉售,稉種(蓬萊),宜蘭縣,32.030,30.870,30.870,30.870,30.870,30.870,30.900,31.830,32.700,33.650,33.890,33.550,33.500
108,白米躉售,稉種(蓬萊),桃園市,31.580,31.420,31.060,30.520,30.390,30.370,30.480,31.360,32.270,32.670,32.620,32.950,32.890
108,白米躉售,稉種(蓬萊),新竹縣,32.420,31.800,31.800,31.780,31.580,31.580,31.590,31.970,32.750,33.580,33.660,33.470,33.420
108,白米躉售,稉種(蓬萊),苗栗縣,33.380,33.640,33.640,33.640,33.640,33.410,32.220,32.220,32.220,33.450,34.170,34.170,34.170
108,白米躉售,稉種(蓬萊),彰化縣,32.090,31.260,31.260,31.230,31.130,30.990,30.700,31.750,33.310,33.570,33.390,33.290,33.200
108,白米躉售,稉種(蓬萊),南投縣,33.570,33.190,32.920,32.920,32.880,32.880,32.840,33.120,34.180,34.440,34.410,34.470,34.550
108,白米躉售,稉種(蓬萊),雲林縣,31.790,30.900,30.860,30.730,30.480,30.080,30.180,31.990,33.390,33.450,33.180,33.240,32.980
108,白米躉售,稉種(蓬萊),嘉義縣,31.440,30.480,30.480,30.330,30.210,29.980,30.020,31.450,33.260,33.380,32.830,32.640,32.210
108,白米躉售,稉種(蓬萊),屏東縣,32.000,31.190,31.250,30.950,30.880,30.740,30.750,31.310,32.710,33.520,33.580,33.580,33.510
108,白米躉售,稉種(蓬萊),台東縣,45.780,46.990,46.050,46.050,46.050,46.100,45.890,45.660,45.330,45.220,45.340,45.340,45.340
108,白米躉售,稉種(蓬萊),花蓮縣,40.430,40.640,40.640,40.640,40.640,40.620,40.420,40.280,40.260,40.260,40.260,40.260,40.260
108,白米躉售,稉種(蓬萊),澎湖縣,32.930,31.980,31.980,31.840,31.770,31.490,31.500,32.920,34.630,34.900,34.330,34.150,33.720
108,白米躉售,稉種(蓬萊),基隆市,38.630,38.550,38.550,38.620,38.670,38.380,38.210,38.510,38.810,38.810,38.810,38.810,38.810
108,白米躉售,稉種(蓬萊),新竹市,33.550,33.050,33.050,33.040,32.980,32.680,32.380,33.120,34.110,34.630,34.550,34.520,34.530
108,白米躉售,稉種(蓬萊),台中市,32.210,31.200,31.440,31.360,31.050,31.020,30.970,32.050,33.220,33.630,33.480,33.420,33.700
108,白米躉售,稉種(蓬萊),嘉義市,31.420,30.360,30.310,30.170,30.110,29.750,29.850,31.410,33.720,33.560,32.790,32.620,32.390
108,白米躉售,稉種(蓬萊),台南市,32.010,31.140,31.130,30.960,30.620,30.510,30.630,31.970,33.490,33.700,33.360,33.330,33.270
108,白米躉售,稉種(蓬萊),台北市,35.890,36.210,36.220,36.120,35.970,35.910,35.790,35.680,35.710,35.820,35.790,35.750,35.750
108,白米躉售,稉種(蓬萊),高雄市,32.960,32.270,32.250,32.160,32.050,31.780,31.550,32.560,33.780,34.490,34.360,34.170,34.090
109,白米躉售,稉種(蓬萊),新北市,35.850,36.000,36.000,36.000,35.900,35.820,35.820,35.820,35.820,35.820,35.820,35.820,35.580
109,白米躉售,稉種(蓬萊),宜蘭縣,32.200,33.500,33.430,33.110,33.170,32.890,32.690,31.330,31.330,31.260,31.040,30.830,31.760
109,白米躉售,稉種(蓬萊),桃園市,31.960,33.590,33.550,33.530,32.440,32.150,31.930,31.080,30.860,30.840,30.920,31.230,31.390
109,白米躉售,稉種(蓬萊),新竹縣,32.990,33.420,33.360,33.330,33.330,33.330,32.890,32.720,32.690,32.700,32.720,32.720,32.720
109,白米躉售,稉種(蓬萊),苗栗縣,32.280,33.200,32.780,32.740,32.720,32.720,32.140,32.030,31.900,31.780,31.580,31.560,32.150
109,白米躉售,稉種(蓬萊),彰化縣,31.980,33.020,32.780,32.520,32.730,32.720,31.820,31.600,31.510,31.410,31.120,31.030,31.460
109,白米躉售,稉種(蓬萊),南投縣,32.960,34.390,34.320,34.090,34.090,34.010,34.030,33.790,33.770,31.810,30.340,30.300,30.560
109,白米躉售,稉種(蓬萊),雲林縣,31.650,32.750,32.480,32.340,32.740,32.590,31.120,30.930,30.730,30.690,30.640,30.660,32.160
109,白米躉售,稉種(蓬萊),嘉義縣,30.980,32.010,31.810,31.690,32.000,31.790,30.190,30.180,30.110,30.110,30.060,30.080,31.710
109,白米躉售,稉種(蓬萊),屏東縣,31.890,33.480,33.370,33.350,33.350,33.350,31.240,31.240,30.770,30.430,30.250,30.310,31.550
109,白米躉售,稉種(蓬萊),台東縣,45.950,45.340,45.270,45.330,45.580,45.640,45.640,45.880,46.310,46.590,46.600,46.620,46.620
109,白米躉售,稉種(蓬萊),花蓮縣,40.260,40.260,40.260,40.260,40.260,40.260,40.260,40.260,40.260,40.260,40.260,40.260,40.260
109,白米躉售,稉種(蓬萊),澎湖縣,32.480,33.520,33.320,33.160,33.510,33.310,31.710,31.680,31.630,31.610,31.560,31.550,33.190
109,白米躉售,稉種(蓬萊),基隆市,38.750,38.810,38.810,38.810,38.750,38.690,38.690,38.690,38.690,38.690,38.690,38.690,38.950
109,白米躉售,稉種(蓬萊),新竹市,33.390,34.570,34.270,34.080,34.160,34.050,33.140,32.960,32.820,32.580,32.500,32.440,33.110
109,白米躉售,稉種(蓬萊),台中市,32.380,33.630,33.370,33.280,33.070,33.230,32.090,31.830,31.680,31.540,31.460,31.250,32.180
109,白米躉售,稉種(蓬萊),嘉義市,30.990,31.920,31.810,31.720,32.200,31.890,30.170,30.110,30.090,30.060,30.060,30.100,31.710
109,白米躉售,稉種(蓬萊),台南市,31.840,32.990,32.680,32.430,32.620,32.550,31.190,31.250,31.120,31.000,30.940,30.810,32.450
109,白米躉售,稉種(蓬萊),台北市,35.710,35.750,35.790,35.740,35.790,35.740,35.740,35.720,35.650,35.650,35.650,35.650,35.700
109,白米躉售,稉種(蓬萊),高雄市,33.020,33.880,33.790,33.630,33.700,33.610,32.900,32.610,32.400,32.370,32.200,32.220,32.980
110,白米躉售,稉種(蓬萊),新北市,36.900,35.280,35.350,36.120,36.430,36.580,36.780,37.310,37.780,37.780,37.780,37.780,37.850
110,白米躉售,稉種(蓬萊),宜蘭縣,33.260,32.500,33.960,34.170,34.170,33.800,33.610,33.610,32.640,32.500,32.500,32.620,33.040
110,白米躉售,稉種(蓬萊),桃園市,32.810,31.530,32.550,33.280,33.490,33.200,33.000,32.890,32.630,32.800,32.800,32.800,32.800
110,白米躉售,稉種(蓬萊),新竹縣,33.680,32.790,33.700,33.850,33.890,33.900,34.120,33.780,33.530,33.550,33.610,33.630,33.750
110,白米躉售,稉種(蓬萊),苗栗縣,33.690,32.640,34.720,34.910,35.000,34.430,34.370,33.540,32.780,32.690,32.640,32.720,33.860
110,白米躉售,稉種(蓬萊),彰化縣,33.360,32.220,34.440,34.620,34.010,33.790,33.960,33.400,32.810,32.790,32.560,32.690,33.060
110,白米躉售,稉種(蓬萊),南投縣,33.190,31.900,33.850,34.070,33.740,33.970,34.200,33.360,32.900,32.750,32.550,32.500,32.500
110,白米躉售,稉種(蓬萊),雲林縣,33.140,32.870,34.460,34.550,33.900,33.650,33.560,32.420,32.270,32.140,31.980,32.310,33.520
110,白米躉售,稉種(蓬萊),嘉義縣,32.970,32.580,34.860,34.770,33.630,33.390,32.970,32.200,32.200,32.220,32.050,31.910,32.910
110,白米躉售,稉種(蓬萊),屏東縣,33.340,31.600,33.350,34.130,33.900,33.810,33.740,33.680,33.400,33.120,33.120,33.120,33.120
110,白米躉售,稉種(蓬萊),台東縣,47.900,46.620,46.690,47.390,47.970,47.970,47.970,48.140,48.420,48.420,48.420,48.420,48.420
110,白米躉售,稉種(蓬萊),花蓮縣,40.260,40.260,40.260,40.260,40.260,40.260,40.260,40.260,40.260,40.260,40.260,40.260,40.260
110,白米躉售,稉種(蓬萊),澎湖縣,34.470,33.990,36.320,36.310,35.160,34.880,34.550,33.710,33.700,33.720,33.550,33.370,34.380
110,白米躉售,稉種(蓬萊),基隆市,39.310,39.310,39.310,39.310,39.310,39.310,39.310,39.310,39.310,39.310,39.310,39.310,39.310
110,白米躉售,稉種(蓬萊),新竹市,34.420,34.100,34.620,34.880,34.880,34.920,34.980,34.800,33.930,33.880,33.880,33.880,34.290
110,白米躉售,稉種(蓬萊),台中市,33.870,32.940,34.440,34.720,34.630,34.520,34.640,33.860,33.470,33.230,33.200,33.160,33.670
110,白米躉售,稉種(蓬萊),嘉義市,32.880,32.400,34.590,34.660,33.680,33.300,33.250,32.210,32.140,32.140,32.110,31.980,32.060
110,白米躉售,稉種(蓬萊),台南市,33.750,33.160,35.030,35.270,34.330,34.150,34.220,33.200,33.040,33.020,32.870,32.870,33.890
110,白米躉售,稉種(蓬萊),台北市,36.130,35.740,35.800,36.060,36.100,36.020,36.020,36.220,36.290,36.290,36.290,36.310,36.390
110,白米躉售,稉種(蓬萊),高雄市,35.180,33.310,34.620,35.450,35.320,35.430,35.430,35.430,35.430,35.430,35.430,35.430,35.430
111,白米躉售,稉種(蓬萊),新北市,37.960,38.260,38.290,38.410,38.130,37.980,36.920,37.910,37.910,37.910,37.910,37.910,37.970
111,白米躉售,稉種(蓬萊),宜蘭縣,33.950,33.330,33.330,33.330,33.450,33.970,34.400,34.360,34.170,34.170,34.170,34.310,34.390
111,白米躉售,稉種(蓬萊),桃園市,33.350,33.130,33.150,33.150,33.160,33.180,33.210,33.370,33.400,33.420,33.440,33.670,33.940
111,白米躉售,稉種(蓬萊),新竹縣,34.360,34.030,34.170,34.170,34.220,34.310,34.310,34.310,34.310,34.350,34.580,34.760,34.800
111,白米躉售,稉種(蓬萊),苗栗縣,34.390,33.860,33.860,33.860,33.640,33.860,33.930,34.360,34.700,34.770,35.260,35.270,35.320
111,白米躉售,稉種(蓬萊),彰化縣,33.880,33.470,33.500,33.440,33.480,33.990,34.160,33.920,33.870,33.770,33.850,34.270,34.800
111,白米躉售,稉種(蓬萊),南投縣,34.200,33.800,34.420,34.000,34.300,34.510,34.780,34.420,34.380,33.750,33.750,34.070,34.230
111,白米躉售,稉種(蓬萊),雲林縣,33.750,33.400,33.380,33.230,33.560,33.870,33.770,33.620,33.540,33.620,33.860,34.210,34.880
111,白米躉售,稉種(蓬萊),嘉義縣,33.620,33.150,33.170,32.920,33.340,33.610,33.770,33.710,33.680,33.680,33.850,34.100,34.440
111,白米躉售,稉種(蓬萊),屏東縣,33.180,33.120,33.120,33.120,32.830,32.830,32.830,32.830,33.040,33.340,33.670,33.690,33.740
111,白米躉售,稉種(蓬萊),台東縣,48.060,48.060,48.060,48.060,48.060,48.060,48.060,48.060,48.060,48.060,48.060,48.060,48.060
111,白米躉售,稉種(蓬萊),花蓮縣,40.950,40.260,40.260,41.400,41.400,41.400,41.400,41.400,40.950,40.740,40.740,40.740,40.740
111,白米躉售,稉種(蓬萊),澎湖縣,35.110,34.650,34.660,34.410,34.820,35.090,35.270,35.210,35.180,35.170,35.350,35.580,35.920
111,白米躉售,稉種(蓬萊),基隆市,39.700,39.170,39.170,39.310,39.860,39.860,39.860,39.860,39.860,39.860,39.860,39.860,39.860
111,白米躉售,稉種(蓬萊),新竹市,35.160,34.830,35.000,35.000,35.060,35.180,35.190,35.190,35.190,35.210,35.310,35.310,35.390
111,白米躉售,稉種(蓬萊),台中市,34.490,33.930,34.050,34.070,34.150,34.530,34.590,34.570,34.660,34.740,34.740,34.870,34.970
111,白米躉售,稉種(蓬萊),嘉義市,33.370,33.230,33.060,32.820,32.900,33.440,33.570,33.470,33.400,33.360,33.430,33.680,34.100
111,白米躉售,稉種(蓬萊),台南市,34.230,34.110,34.000,33.770,33.880,34.330,34.130,34.030,33.880,34.030,34.280,34.920,35.390
111,白米躉售,稉種(蓬萊),台北市,37.440,36.570,36.570,36.480,36.850,37.200,37.740,37.960,37.970,37.970,37.970,37.970,37.970
111,白米躉售,稉種(蓬萊),高雄市,35.700,35.430,35.430,35.430,35.430,35.430,35.680,35.680,35.680,35.880,36.010,36.110,36.240
112,白米躉售,稉種(蓬萊),新北市,38.580,38.210,38.370,38.370,38.410,38.440,38.510,38.570,38.570,38.620,38.760,38.820,39.350
112,白米躉售,稉種(蓬萊),宜蘭縣,34.840,34.390,34.390,34.380,34.390,34.390,34.390,34.440,34.720,34.720,34.720,35.280,37.820
112,白米躉售,稉種(蓬萊),桃園市,34.960,34.120,34.300,34.560,35.050,35.170,35.240,35.100,35.010,34.860,34.850,35.050,36.170
112,白米躉售,稉種(蓬萊),新竹縣,36.140,35.020,35.180,35.620,36.420,36.430,36.580,36.370,36.190,36.070,35.680,36.240,37.880
112,白米躉售,稉種(蓬萊),苗栗縣,36.210,35.730,35.830,35.970,36.110,36.110,36.080,35.830,35.830,35.830,35.830,36.530,38.800
112,白米躉售,稉種(蓬萊),彰化縣,35.160,35.080,35.200,35.200,35.480,35.690,35.270,34.080,33.930,34.050,34.540,35.660,37.760
112,白米躉售,稉種(蓬萊),南投縣,35.330,34.250,34.660,35.370,35.420,36.330,35.910,35.170,34.170,34.310,34.590,35.210,38.580
112,白米躉售,稉種(蓬萊),雲林縣,35.200,35.000,35.120,35.320,35.910,35.790,35.080,34.040,33.790,34.080,34.360,35.500,38.350
112,白米躉售,稉種(蓬萊),嘉義縣,35.120,35.000,35.060,35.290,35.660,35.740,35.580,34.320,33.950,33.740,33.780,35.090,38.220
112,白米躉售,稉種(蓬萊),屏東縣,35.490,34.540,34.930,35.070,35.460,35.570,35.760,35.760,35.760,35.760,35.760,35.760,35.760
112,白米躉售,稉種(蓬萊),台東縣,48.060,48.060,48.060,48.060,48.060,48.060,48.060,48.060,48.060,48.060,48.060,48.060,48.060
112,白米躉售,稉種(蓬萊),花蓮縣,40.780,40.740,40.740,40.740,40.740,40.740,40.740,40.740,40.740,40.760,40.770,40.770,41.180
112,白米躉售,稉種(蓬萊),澎湖縣,36.620,36.510,36.560,36.760,37.150,37.240,37.110,35.830,35.460,35.240,35.280,36.580,39.720
112,白米躉售,稉種(蓬萊),基隆市,39.990,39.860,39.790,39.720,39.720,39.720,39.720,39.720,39.720,39.950,40.560,40.560,40.860
112,白米躉售,稉種(蓬萊),新竹市,38.070,36.270,36.840,37.670,37.510,37.960,38.140,38.360,38.330,38.310,38.310,38.840,40.290
112,白米躉售,稉種(蓬萊),台中市,35.910,35.170,36.130,36.290,36.060,36.210,36.120,35.250,35.150,35.260,35.570,35.960,37.750
112,白米躉售,稉種(蓬萊),嘉義市,34.940,34.870,34.870,34.990,35.030,35.130,35.400,34.780,34.020,33.650,33.640,34.790,38.060
112,白米躉售,稉種(蓬萊),台南市,35.660,35.800,35.860,35.960,36.290,36.400,35.780,34.660,34.570,34.660,34.670,35.390,37.820
112,白米躉售,稉種(蓬萊),台北市,38.860,37.970,38.060,38.550,38.740,38.740,38.880,39.020,39.020,39.080,39.240,39.300,39.720
112,白米躉售,稉種(蓬萊),高雄市,36.520,36.260,36.260,36.270,36.470,36.470,36.530,36.540,36.650,36.680,36.690,36.700,36.700
113,白米躉售,稉種(蓬萊),新北市,40.680,40.400,40.440,40.370,40.370,40.330,40.220,40.110,40.220,40.450,40.810,41.730,42.710
113,白米躉售,稉種(蓬萊),宜蘭縣,37.050,38.050,38.050,38.050,38.050,38.050,37.350,35.830,35.830,35.830,35.830,36.470,37.220
113,白米躉售,稉種(蓬萊),桃園市,36.670,37.360,37.800,37.650,37.650,37.510,36.790,35.740,35.430,35.450,35.390,35.910,37.370
113,白米躉售,稉種(蓬萊),新竹縣,37.400,38.100,38.100,38.100,38.100,38.100,37.320,36.310,36.310,36.420,36.430,37.130,38.320
113,白米躉售,稉種(蓬萊),苗栗縣,37.440,39.120,39.010,38.790,38.570,37.930,36.200,35.660,35.930,35.830,35.960,37.180,39.120
113,白米躉售,稉種(蓬萊),彰化縣,36.990,37.890,38.130,38.390,38.370,37.470,35.310,34.920,35.240,35.710,35.810,37.450,39.240
113,白米躉售,稉種(蓬萊),南投縣,37.280,38.870,38.870,38.520,38.340,38.170,37.400,34.730,35.000,35.000,35.000,37.450,39.950
113,白米躉售,稉種(蓬萊),雲林縣,36.860,38.680,38.470,38.290,38.230,37.390,34.980,34.500,35.080,35.570,35.620,36.950,38.540
113,白米躉售,稉種(蓬萊),嘉義縣,36.880,38.720,38.700,38.350,38.150,37.660,34.960,34.430,34.570,35.580,35.760,37.030,38.610
113,白米躉售,稉種(蓬萊),屏東縣,35.620,35.760,35.760,35.760,35.760,35.590,35.550,35.550,35.550,35.550,35.550,35.550,35.550
113,白米躉售,稉種(蓬萊),台東縣,46.590,48.060,48.060,48.060,48.060,48.060,47.750,45.180,45.180,45.180,45.180,45.180,45.180
113,白米躉售,稉種(蓬萊),花蓮縣,41.370,41.350,41.350,41.350,41.350,41.280,41.220,41.220,41.220,41.220,41.220,41.220,42.450
113,白米躉售,稉種(蓬萊),澎湖縣,38.380,40.190,40.200,39.860,39.650,39.180,36.540,35.930,36.070,37.080,37.260,38.530,40.110
113,白米躉售,稉種(蓬萊),基隆市,42.550,41.360,41.580,42.180,42.560,42.560,42.560,42.600,42.690,42.690,42.730,43.080,44.030
113,白米躉售,稉種(蓬萊),新竹市,39.840,40.420,40.420,40.240,39.960,39.900,39.900,39.380,39.380,39.380,39.380,39.600,40.160
113,白米躉售,稉種(蓬萊),台中市,37.950,39.060,39.320,39.290,39.190,39.230,37.500,37.180,36.790,36.680,36.400,36.720,38.030
113,白米躉售,稉種(蓬萊),嘉義市,36.830,38.590,38.630,38.440,38.220,37.620,34.860,34.300,34.490,35.580,35.750,36.960,38.530
113,白米躉售,稉種(蓬萊),台南市,37.450,38.140,38.150,38.520,38.500,38.430,37.320,37.140,36.290,36.000,36.000,36.000,38.960
113,白米躉售,稉種(蓬萊),台北市,41.090,40.670,40.830,40.830,40.830,40.860,40.910,40.930,41.020,41.020,41.020,41.480,42.680
113,白米躉售,稉種(蓬萊),高雄市,36.700,36.700,36.700,36.700,36.700,36.700,36.700,36.700,36.700,36.700,36.700,36.700,36.700
114,白米躉售,稉種(蓬萊),新北市,43.300,43.040,43.110,43.150,43.240,43.240,43.330,43.280,43.340,43.370,43.370,43.370,43.730
114,白米躉售,稉種(蓬萊),宜蘭縣,37.220,37.220,37.220,37.220,37.220,37.220,37.220,37.220,37.220,37.220,37.220,37.220,37.220
114,白米躉售,稉種(蓬萊),桃園市,38.190,37.950,38.110,38.070,38.050,38.100,38.170,38.240,38.240,38.240,38.240,38.270,38.600
114,白米躉售,稉種(蓬萊),新竹縣,39.340,38.570,38.980,39.410,39.520,39.420,39.400,39.400,39.400,39.400,39.400,39.400,39.730
114,白米躉售,稉種(蓬萊),苗栗縣,39.440,39.170,39.170,39.170,39.170,39.170,39.170,39.380,39.440,39.440,39.610,39.720,40.670
114,白米躉售,稉種(蓬萊),彰化縣,39.130,39.270,39.150,39.110,39.100,39.110,39.140,39.020,39.030,39.070,39.070,39.070,39.420
114,白米躉售,稉種(蓬萊),南投縣,40.000,40.000,40.000,40.000,40.000,40.000,40.000,40.000,40.000,40.000,40.000,40.000,40.000
114,白米躉售,稉種(蓬萊),雲林縣,38.830,38.850,38.810,38.780,38.880,38.920,38.820,38.660,38.580,38.580,38.650,38.800,39.620
114,白米躉售,稉種(蓬萊),嘉義縣,38.630,38.930,38.650,38.520,38.420,38.760,38.610,38.520,38.500,38.500,38.500,38.560,39.140
114,白米躉售,稉種(蓬萊),屏東縣,37.120,35.550,35.550,35.550,35.550,35.550,35.910,37.740,38.330,38.330,38.330,38.330,40.670
114,白米躉售,稉種(蓬萊),台東縣,46.050,45.180,45.900,46.350,46.350,46.350,46.350,46.110,46.010,46.010,46.010,46.010,46.010
114,白米躉售,稉種(蓬萊),花蓮縣,44.440,43.650,44.170,44.170,44.170,44.370,44.370,44.570,44.680,44.740,44.810,44.810,44.810
114,白米躉售,稉種(蓬萊),澎湖縣,40.130,40.430,40.150,40.020,39.920,40.260,40.110,40.020,40.000,40.000,40.000,40.040,40.620
114,白米躉售,稉種(蓬萊),基隆市,44.120,44.210,44.200,43.670,43.470,43.510,43.750,43.750,44.250,44.300,44.390,44.540,45.360
114,白米躉售,稉種(蓬萊),新竹市,40.570,40.310,40.310,40.310,40.350,40.590,40.630,40.630,40.630,40.630,40.630,40.630,41.230
114,白米躉售,稉種(蓬萊),台中市,39.180,39.060,39.060,39.060,39.590,39.880,39.870,39.310,38.810,38.790,38.830,38.830,39.010
114,白米躉售,稉種(蓬萊),嘉義市,38.660,38.910,38.650,38.500,38.380,38.760,38.630,38.590,38.590,38.590,38.590,38.630,39.090
114,白米躉售,稉種(蓬萊),台南市,38.970,38.990,38.790,38.770,38.860,39.380,39.570,38.980,38.730,38.730,38.730,38.730,39.320
114,白米躉售,稉種(蓬萊),台北市,43.820,43.510,43.800,43.800,43.800,43.800,43.800,43.880,43.890,43.870,43.860,43.860,43.950
114,白米躉售,稉種(蓬萊),高雄市,37.410,36.700,36.800,36.930,36.990,36.990,36.990,37.620,37.820,37.820,37.820,38.010,38.430
115,白米躉售,稉種(蓬萊),新北市,44.790,43.960,44.160,44.780,45.440,45.600,45.190,44.680,44.520,,,,
115,白米躉售,稉種(蓬萊),宜蘭縣,37.220,37.220,37.220,37.220,37.220,37.220,37.220,37.220,37.220,,,,
115,白米躉售,稉種(蓬萊),桃園市,39.480,38.830,39.120,39.860,40.490,40.580,40.160,38.700,38.060,,,,
115,白米躉售,稉種(蓬萊),新竹縣,40.580,40.160,40.420,40.650,41.330,41.330,41.070,39.830,39.830,,,,
115,白米躉售,稉種(蓬萊),苗栗縣,41.080,40.700,40.700,41.900,42.080,42.030,41.170,40.850,39.210,,,,
115,白米躉售,稉種(蓬萊),彰化縣,40.120,39.430,41.150,41.590,41.620,41.240,39.290,38.440,38.190,,,,
115,白米躉售,稉種(蓬萊),南投縣,40.340,39.670,40.230,41.560,41.670,41.530,40.830,38.890,38.330,,,,
115,白米躉售,稉種(蓬萊),雲林縣,39.690,40.060,40.600,41.190,41.340,40.400,38.700,37.750,37.440,,,,
115,白米躉售,稉種(蓬萊),嘉義縣,39.760,39.140,39.280,40.490,40.440,40.430,40.420,39.630,38.230,,,,
115,白米躉售,稉種(蓬萊),屏東縣,40.990,40.990,40.990,40.990,40.990,40.990,40.990,40.990,40.990,,,,
115,白米躉售,稉種(蓬萊),台東縣,46.810,46.010,46.010,46.010,46.010,46.010,46.010,48.610,49.800,,,,
115,白米躉售,稉種(蓬萊),花蓮縣,44.810,44.810,44.810,44.810,44.810,44.810,44.810,44.810,44.810,,,,
115,白米躉售,稉種(蓬萊),澎湖縣,41.260,40.640,40.780,41.990,41.940,41.930,41.920,41.130,39.760,,,,
115,白米躉售,稉種(蓬萊),基隆市,47.000,45.500,45.710,46.190,47.830,47.830,47.830,47.830,47.250,,,,
115,白米躉售,稉種(蓬萊),新竹市,42.180,41.880,41.880,42.250,43.330,43.330,42.850,40.940,40.940,,,,
115,白米躉售,稉種(蓬萊),台中市,40.280,39.550,39.630,40.130,40.170,40.690,40.690,40.690,40.690,,,,
115,白米躉售,稉種(蓬萊),嘉義市,39.870,39.090,39.290,40.770,40.800,40.620,40.500,39.830,38.020,,,,
115,白米躉售,稉種(蓬萊),台南市,40.030,40.030,40.030,40.030,40.030,40.030,40.030,40.030,40.030,,,,
115,白米躉售,稉種(蓬萊),台北市,45.280,44.540,44.930,45.060,45.660,45.870,45.730,45.300,45.110,,,,
115,白米躉售,稉種(蓬萊),高雄市,40.430,39.040,38.980,39.480,40.770,41.300,41.300,41.300,41.300,,,,
82,白米躉售,硬秈(在來),新北市,27.120,26.670,26.670,26.670,26.800,27.000,27.000,27.000,27.000,27.000,27.000,28.250,28.330
82,白米躉售,硬秈(在來),宜蘭縣,26.930,26.670,26.670,27.470,27.500,27.500,27.360,26.670,26.670,26.670,26.670,26.670,26.670
82,白米躉售,硬秈(在來),桃園市,27.220,26.670,26.750,27.040,27.170,27.170,27.170,27.170,27.170,27.180,27.500,27.820,27.830
82,白米躉售,硬秈(在來),雲林縣,25.260,24.530,24.650,25.950,25.950,25.950,25.340,24.220,24.700,24.700,25.350,25.880,25.950
82,白米躉售,硬秈(在來),屏東縣,27.140,25.370,25.370,26.990,28.270,28.270,27.250,26.090,26.520,27.500,27.890,28.570,27.530
82,白米躉售,硬秈(在來),花蓮縣,27.270,26.670,27.100,28.350,28.530,28.240,27.440,25.830,26.400,26.670,26.990,27.500,27.500
82,白米躉售,硬秈(在來),基隆市,27.120,26.670,26.670,26.670,26.800,27.000,27.000,27.000,27.000,27.000,27.000,28.250,28.330
82,白米躉售,硬秈(在來),台北市,27.120,26.670,26.670,26.670,26.800,27.000,27.000,27.000,27.000,27.000,27.000,28.250,28.330
83,白米躉售,硬秈(在來),新北市,27.480,28.330,28.330,28.330,28.070,27.500,27.270,27.000,27.000,26.920,26.720,27.070,27.170
83,白米躉售,硬秈(在來),宜蘭縣,26.670,26.670,26.670,26.670,26.670,26.670,26.670,26.670,26.670,26.670,26.670,26.670,26.670
83,白米躉售,硬秈(在來),桃園市,27.140,27.940,28.000,27.890,27.670,27.640,26.750,26.500,26.650,26.670,26.670,26.670,26.670
83,白米躉售,硬秈(在來),苗栗縣,28.580,,,,,,,28.330,29.780,28.190,27.900,28.670,28.590
83,白米躉售,硬秈(在來),台中縣,27.370,,,,,,27.860,26.640,27.140,27.140,27.140,27.800,27.850
83,白米躉售,硬秈(在來),雲林縣,25.180,26.190,26.450,26.450,26.450,26.300,25.950,23.380,23.970,24.150,23.950,24.320,24.650
83,白米躉售,硬秈(在來),屏東縣,27.120,28.260,28.980,28.980,27.820,26.780,26.090,26.090,26.400,26.820,25.960,26.610,26.670
83,白米躉售,硬秈(在來),花蓮縣,26.430,27.500,27.500,27.500,27.390,26.670,25.950,25.130,25.330,25.560,25.380,26.590,26.670
83,白米躉售,硬秈(在來),基隆市,27.450,28.330,28.330,28.330,28.080,27.500,27.250,27.000,27.000,26.920,26.670,27.000,27.000
83,白米躉售,硬秈(在來),台中市,27.410,,,,,,27.860,27.260,27.140,27.140,28.060,27.240,27.140
83,白米躉售,硬秈(在來),台北市,27.480,28.330,28.330,28.330,28.070,27.500,27.270,27.000,27.000,26.920,26.720,27.070,27.170
84,白米躉售,硬秈(在來),新北市,31.610,27.950,29.650,30.370,30.750,30.830,30.830,30.850,32.030,32.500,32.520,33.980,37.050
84,白米躉售,硬秈(在來),宜蘭縣,29.610,26.670,27.680,28.810,30.000,30.000,30.000,30.000,31.670,31.670,,,
84,白米躉售,硬秈(在來),桃園市,30.870,27.830,28.330,28.400,29.540,30.000,30.000,30.050,31.670,31.670,32.450,33.680,36.840
84,白米躉售,硬秈(在來),苗栗縣,30.500,27.990,29.170,30.750,30.830,30.830,30.830,30.830,31.640,31.670,,,
84,白米躉售,硬秈(在來),台中縣,31.930,28.490,31.020,32.600,32.430,32.430,30.830,30.730,31.430,31.430,32.080,34.240,35.490
84,白米躉售,硬秈(在來),雲林縣,28.700,25.300,27.720,28.500,28.500,28.500,28.500,27.720,28.300,28.500,28.650,30.220,33.980
84,白米躉售,硬秈(在來),屏東縣,30.480,27.120,29.240,31.590,31.420,30.590,28.840,28.540,29.890,30.000,30.560,32.130,35.790
84,白米躉售,硬秈(在來),花蓮縣,30.320,26.990,28.220,28.380,29.610,30.000,30.420,28.920,29.300,30.000,32.420,32.500,37.020
84,白米躉售,硬秈(在來),基隆市,31.490,27.480,29.440,30.180,30.710,30.830,30.830,30.830,31.990,32.500,32.500,33.850,36.690
84,白米躉售,硬秈(在來),台中市,32.110,28.310,31.020,32.860,32.860,32.860,31.360,30.730,31.430,31.430,32.080,34.240,36.130
84,白米躉售,硬秈(在來),台北市,31.610,27.950,29.650,30.370,30.750,30.830,30.830,30.850,32.030,32.500,32.520,33.980,37.050
85,白米躉售,硬秈(在來),新北市,43.370,43.870,45.000,45.000,44.610,44.410,44.170,44.160,44.170,43.690,43.220,40.000,38.190
85,白米躉售,硬秈(在來),桃園市,42.900,43.330,43.330,43.330,42.780,43.330,43.330,43.330,44.200,44.330,43.400,41.330,38.790
85,白米躉售,硬秈(在來),台中縣,43.310,42.530,43.330,43.650,45.000,44.930,44.290,44.290,44.290,44.290,43.870,40.900,38.330
85,白米躉售,硬秈(在來),雲林縣,35.260,37.270,37.590,37.590,37.590,37.590,37.590,32.770,33.640,33.640,33.640,33.130,31.070
85,白米躉售,硬秈(在來),屏東縣,44.500,43.340,46.370,46.370,46.370,45.040,45.000,45.000,45.000,43.780,42.680,41.890,43.190
85,白米躉售,硬秈(在來),花蓮縣,42.900,44.500,45.320,47.410,47.500,47.500,47.500,47.500,46.100,36.670,36.670,33.220,34.940
85,白米躉售,硬秈(在來),基隆市,43.430,43.650,45.000,45.000,45.000,44.440,44.170,44.130,44.170,43.750,43.330,40.250,38.210
85,白米躉售,硬秈(在來),台中市,43.380,42.720,43.330,43.650,45.000,44.980,44.290,44.290,44.290,44.290,43.870,41.330,38.570
85,白米躉售,硬秈(在來),台北市,43.410,43.870,45.000,45.000,45.000,44.410,44.170,44.160,44.170,43.690,43.220,40.000,38.190
86,白米躉售,硬秈(在來),新北市,34.840,38.000,37.500,37.500,37.500,36.950,33.780,31.400,32.150,33.330,33.330,33.330,33.330
86,白米躉售,硬秈(在來),桃園市,33.230,38.330,38.330,38.330,37.920,34.160,33.330,31.240,29.170,29.170,29.170,29.610,30.000
86,白米躉售,硬秈(在來),台中縣,33.390,38.280,36.670,37.080,37.140,35.480,33.110,32.860,30.090,30.000,30.000,30.000,30.000
86,白米躉售,硬秈(在來),雲林縣,28.020,31.070,31.070,31.070,31.070,30.240,25.670,25.640,25.900,25.950,25.950,26.180,26.450
86,白米躉售,硬秈(在來),屏東縣,34.310,43.470,41.160,39.920,36.990,31.480,30.000,30.000,31.740,31.740,31.740,31.740,31.740
86,白米躉售,硬秈(在來),花蓮縣,33.260,38.330,38.330,38.330,38.110,31.880,27.940,26.780,31.560,31.670,31.830,32.720,31.670
86,白米躉售,硬秈(在來),基隆市,33.940,38.000,37.570,37.500,37.500,37.100,34.170,31.510,30.190,30.000,30.430,31.670,31.670
86,白米躉售,硬秈(在來),台中市,33.800,38.570,37.620,37.140,37.140,35.480,33.110,32.860,30.780,30.710,30.710,30.710,30.710
86,白米躉售,硬秈(在來),台北市,33.970,38.000,37.500,37.500,37.500,36.950,33.780,31.400,30.750,30.000,30.920,31.670,31.670
87,白米躉售,硬秈(在來),新北市,31.210,33.330,31.670,31.740,32.450,31.900,30.840,29.220,29.170,29.170,29.890,32.100,33.000
87,白米躉售,硬秈(在來),桃園市,28.890,30.000,28.660,28.330,28.330,28.330,28.330,28.330,28.330,28.330,28.490,30.330,30.830
87,白米躉售,硬秈(在來),台中縣,30.090,30.000,30.000,30.000,30.000,30.000,30.000,30.000,30.000,30.000,30.000,30.330,30.710
87,白米躉售,硬秈(在來),雲林縣,26.360,26.450,26.450,26.450,26.450,26.390,25.590,26.280,26.330,26.330,26.330,26.620,26.670
87,白米躉售,硬秈(在來),屏東縣,30.150,31.740,31.740,31.740,31.740,30.730,30.430,30.230,28.400,27.740,28.300,29.320,29.710
87,白米躉售,硬秈(在來),花蓮縣,29.860,31.670,31.670,31.670,31.670,31.400,27.720,27.900,28.330,28.330,28.330,28.830,30.830
87,白米躉售,硬秈(在來),基隆市,31.850,31.670,31.670,31.670,31.670,31.670,31.670,31.670,31.670,31.670,31.670,32.110,33.330
87,白米躉售,硬秈(在來),台中市,30.710,30.710,30.710,30.710,30.710,30.710,30.710,30.710,30.710,30.710,30.710,30.710,30.710
87,白米躉售,硬秈(在來),台北市,31.070,31.670,31.670,31.740,32.450,31.900,30.840,29.220,29.170,29.170,29.890,32.100,33.000
88,白米躉售,硬秈(在來),新北市,32.240,33.280,33.330,34.120,34.170,34.170,34.170,30.810,30.220,29.530,29.170,30.860,33.060
88,白米躉售,硬秈(在來),桃園市,30.830,30.830,30.830,30.830,30.830,30.830,30.830,30.830,30.830,30.830,30.830,30.830,30.830
88,白米躉售,硬秈(在來),台中縣,32.870,31.290,32.220,32.860,32.860,32.860,32.860,32.860,32.860,32.860,32.860,33.190,34.810
88,白米躉售,硬秈(在來),雲林縣,26.670,26.670,26.670,26.670,26.670,26.670,26.670,26.670,26.670,26.670,26.670,26.670,26.670
88,白米躉售,硬秈(在來),屏東縣,30.780,31.410,31.890,32.500,32.500,31.720,29.440,29.670,28.000,27.830,31.640,29.580,33.220
88,白米躉售,硬秈(在來),花蓮縣,32.610,30.930,33.330,34.840,35.000,35.000,33.750,30.940,30.300,30.440,32.850,32.250,31.670
88,白米躉售,硬秈(在來),基隆市,34.000,33.330,33.790,35.000,35.000,35.000,35.000,33.330,33.330,33.330,33.330,33.330,34.250
88,白米躉售,硬秈(在來),台中市,32.540,31.290,32.220,32.860,32.860,32.860,32.860,32.860,32.860,32.860,32.860,31.950,32.120
88,白米躉售,硬秈(在來),台北市,32.110,33.280,33.330,34.120,34.170,34.170,32.950,30.480,30.220,29.530,29.170,30.860,33.060
89,白米躉售,硬秈(在來),新北市,31.340,33.330,33.330,33.330,32.170,30.560,29.330,30.000,30.640,30.830,30.840,30.840,30.840
89,白米躉售,硬秈(在來),桃園市,30.830,30.830,,,,,,,,,,,
89,白米躉售,硬秈(在來),新竹縣,36.150,,,,,,38.330,,,,,36.270,33.850
89,白米躉售,硬秈(在來),台中縣,31.530,32.740,32.140,32.030,31.190,30.710,31.000,31.430,31.430,31.430,31.430,31.430,31.430
89,白米躉售,硬秈(在來),雲林縣,29.900,28.170,30.000,30.000,30.000,30.000,30.000,30.000,30.000,30.000,30.000,30.000,30.580
89,白米躉售,硬秈(在來),屏東縣,30.710,34.090,33.330,31.110,30.310,29.430,29.310,30.190,31.520,30.980,29.970,29.270,28.970
89,白米躉售,硬秈(在來),花蓮縣,31.530,32.790,33.330,32.900,32.390,31.110,29.800,29.900,30.000,,,,
89,白米躉售,硬秈(在來),基隆市,33.520,35.000,35.000,35.000,35.000,35.000,35.000,32.740,32.500,31.970,31.670,31.670,31.670
89,白米躉售,硬秈(在來),新竹市,32.090,,,,,,30.000,,,,,33.280,33.000
89,白米躉售,硬秈(在來),台中市,31.530,32.440,32.140,32.140,31.330,30.710,31.070,31.430,31.430,31.430,31.430,31.430,31.430
89,白米躉售,硬秈(在來),台北市,31.340,33.330,33.330,33.330,32.170,30.560,29.330,30.000,30.640,30.830,30.840,30.840,30.840
90,白米躉售,硬秈(在來),新北市,30.080,30.840,30.840,30.840,30.840,30.790,29.170,29.170,29.170,29.170,29.360,30.000,30.750
90,白米躉售,硬秈(在來),台中縣,30.720,30.780,30.710,30.710,30.710,30.710,30.710,30.710,30.710,30.710,30.710,30.710,30.710
90,白米躉售,硬秈(在來),雲林縣,28.880,31.000,31.330,30.220,28.970,28.330,28.330,28.330,28.330,26.780,27.370,28.410,29.120
90,白米躉售,硬秈(在來),台南縣,28.360,,,,,27.640,26.660,27.200,27.500,27.500,28.880,30.640,30.830
90,白米躉售,硬秈(在來),屏東縣,28.140,28.320,28.320,28.320,28.320,26.660,25.000,27.290,27.500,27.580,28.860,31.170,30.280
90,白米躉售,硬秈(在來),基隆市,31.160,31.670,31.670,31.670,31.670,31.670,31.670,31.670,31.670,30.500,30.000,30.000,30.000
90,白米躉售,硬秈(在來),台中市,30.720,30.780,30.710,30.710,30.710,30.710,30.710,30.710,30.710,30.710,30.710,30.710,30.710
90,白米躉售,硬秈(在來),嘉義市,27.500,,,,27.500,27.500,,,,,,,
90,白米躉售,硬秈(在來),台南市,28.350,,,,,27.640,26.660,27.200,27.500,27.500,28.830,30.640,30.830
90,白米躉售,硬秈(在來),台北市,30.080,30.840,30.840,30.840,30.840,30.790,29.170,29.170,29.170,29.170,29.360,30.000,30.750
91,白米躉售,硬秈(在來),新北市,33.600,31.240,33.150,33.330,33.330,33.330,33.330,33.330,34.330,35.000,34.540,34.170,34.170
91,白米躉售,硬秈(在來),台中縣,32.890,30.710,31.570,31.670,31.670,31.670,31.670,34.290,34.290,34.290,34.290,34.290,34.290
91,白米躉售,硬秈(在來),雲林縣,32.640,30.100,32.120,32.500,32.500,32.230,31.890,33.200,34.350,34.860,34.170,32.090,31.670
91,白米躉售,硬秈(在來),台南縣,32.500,31.380,32.500,32.780,33.330,,,,,,,,
91,白米躉售,硬秈(在來),屏東縣,33.090,31.810,32.770,33.330,34.360,34.330,33.330,33.330,33.330,32.970,32.500,32.500,32.500
91,白米躉售,硬秈(在來),基隆市,33.030,31.290,32.500,32.580,33.330,33.330,33.330,33.330,33.330,33.330,33.330,33.330,33.330
91,白米躉售,硬秈(在來),台中市,32.890,30.710,31.570,31.670,31.670,31.670,31.670,34.290,34.290,34.290,34.290,34.290,34.290
91,白米躉售,硬秈(在來),台南市,32.500,31.380,32.500,32.780,33.330,,,,,,,,
91,白米躉售,硬秈(在來),台北市,33.600,31.240,33.150,33.330,33.330,33.330,33.330,33.330,34.320,35.000,34.540,34.170,34.170
92,白米躉售,硬秈(在來),新北市,30.820,33.550,33.330,33.330,32.940,30.380,30.000,30.000,29.630,29.170,29.170,29.170,29.170
92,白米躉售,硬秈(在來),宜蘭縣,23.500,,,,23.660,23.330,,,,,,,
92,白米躉售,硬秈(在來),台中縣,31.670,32.080,32.350,32.430,31.660,31.490,31.430,31.430,31.430,31.430,31.430,31.430,31.430
92,白米躉售,硬秈(在來),雲林縣,27.060,31.910,30.990,28.790,27.540,26.670,26.670,26.670,26.670,26.250,24.170,24.170,24.170
92,白米躉售,硬秈(在來),屏東縣,28.810,32.500,32.500,30.810,30.000,29.220,28.330,28.060,27.500,26.730,26.670,26.670,26.670
92,白米躉售,硬秈(在來),基隆市,32.150,33.330,33.330,33.330,32.390,31.670,31.670,31.670,31.670,31.670,31.670,31.670,31.670
92,白米躉售,硬秈(在來),台中市,31.880,32.080,32.350,32.860,33.140,32.170,31.430,31.430,31.430,31.430,31.430,31.430,31.430
92,白米躉售,硬秈(在來),台北市,30.750,33.550,33.330,33.330,32.940,30.050,30.000,30.000,29.630,29.170,29.170,28.610,29.170
93,白米躉售,硬秈(在來),新北市,29.180,29.170,29.170,29.170,29.700,29.090,28.330,28.330,28.330,28.330,28.840,30.830,30.830
93,白米躉售,硬秈(在來),台中縣,31.430,31.430,31.430,31.430,31.430,31.430,31.430,31.430,31.430,31.430,31.430,31.430,31.430
93,白米躉售,硬秈(在來),雲林縣,25.900,24.170,24.170,24.170,24.170,24.170,24.590,24.890,26.080,26.790,28.090,30.330,29.170
93,白米躉售,硬秈(在來),屏東縣,26.810,26.670,25.890,25.830,25.830,25.830,25.830,25.830,25.830,26.220,27.520,30.390,30.000
93,白米躉售,硬秈(在來),基隆市,29.950,30.750,30.000,30.000,30.000,30.000,29.920,27.500,27.630,28.330,28.730,33.200,33.330
93,白米躉售,硬秈(在來),台中市,31.430,31.430,31.430,31.430,31.430,31.430,31.430,31.430,31.430,31.430,31.430,31.430,31.430
93,白米躉售,硬秈(在來),台北市,29.730,29.170,29.170,29.170,29.700,29.810,29.170,29.170,29.170,29.170,29.680,31.670,31.670
94,白米躉售,硬秈(在來),新北市,31.570,30.830,30.830,30.830,30.830,30.830,30.830,30.830,30.830,32.250,33.330,33.330,33.330
94,白米躉售,硬秈(在來),台中縣,31.870,31.430,31.430,31.430,31.430,31.430,31.430,31.330,31.430,32.480,32.860,32.860,32.860
94,白米躉售,硬秈(在來),雲林縣,29.250,29.170,29.170,28.760,28.500,29.170,28.470,28.330,28.440,30.000,30.970,30.000,30.000
94,白米躉售,硬秈(在來),屏東縣,29.230,30.000,30.000,29.730,29.670,29.600,27.500,27.500,27.550,29.200,30.000,30.000,30.000
94,白米躉售,硬秈(在來),基隆市,33.280,33.330,33.330,33.330,33.330,33.330,32.690,32.500,32.500,33.030,33.870,34.170,33.930
94,白米躉售,硬秈(在來),台中市,31.430,31.430,31.430,31.430,31.430,31.430,31.430,31.430,31.430,31.430,31.430,31.430,31.430
94,白米躉售,硬秈(在來),台北市,32.050,31.670,31.670,31.670,32.000,32.500,31.220,30.830,30.830,32.250,33.330,33.330,33.330
95,白米躉售,硬秈(在來),新北市,32.230,33.330,33.330,33.330,32.830,32.290,31.670,31.670,31.670,31.670,31.670,31.670,31.670
95,白米躉售,硬秈(在來),台中縣,31.200,32.860,32.860,31.220,30.830,30.830,30.830,30.830,30.830,30.830,30.830,30.830,30.830
95,白米躉售,硬秈(在來),雲林縣,29.510,30.000,29.790,29.970,28.440,28.330,28.410,29.220,30.000,30.000,30.000,30.000,30.000
95,白米躉售,硬秈(在來),屏東縣,30.000,30.000,30.000,30.000,30.000,30.000,30.000,30.000,30.000,30.000,30.000,30.000,30.000
95,白米躉售,硬秈(在來),基隆市,32.290,33.330,33.330,33.040,32.500,32.290,31.670,31.670,31.670,31.670,31.670,32.140,32.500
95,白米躉售,硬秈(在來),台中市,31.430,31.430,31.430,31.430,31.430,31.430,31.430,31.430,31.430,31.430,31.430,31.430,31.430
95,白米躉售,硬秈(在來),台北市,32.740,33.330,33.330,33.330,32.830,32.500,32.500,32.500,32.500,32.500,32.500,32.500,32.500
96,白米躉售,硬秈(在來),新北市,31.870,31.670,31.670,31.670,31.340,30.000,30.170,31.670,31.660,32.400,32.260,33.860,34.010
96,白米躉售,硬秈(在來),新竹縣,33.650,,,,,,33.030,33.330,33.600,33.330,33.600,34.440,34.210
96,白米躉售,硬秈(在來),苗栗縣,32.690,,,,,,31.670,31.670,31.720,33.250,32.530,33.850,34.170
96,白米躉售,硬秈(在來),台中縣,31.350,30.830,30.830,30.830,33.080,30.480,30.000,30.000,30.080,32.570,32.460,32.390,32.650
96,白米躉售,硬秈(在來),彰化縣,30.380,,,,,30.000,29.890,29.980,29.950,29.590,30.360,31.540,31.750
96,白米躉售,硬秈(在來),雲林縣,29.900,30.000,30.000,29.360,29.920,30.000,30.000,29.220,29.470,30.140,29.580,30.300,30.780
96,白米躉售,硬秈(在來),嘉義縣,31.790,,,,31.140,30.550,32.150,31.120,30.000,30.000,30.000,35.070,36.090
96,白米躉售,硬秈(在來),屏東縣,30.410,30.000,30.000,30.000,30.000,30.000,30.000,30.000,30.000,30.210,31.140,31.760,31.800
96,白米躉售,硬秈(在來),基隆市,33.210,32.500,32.500,32.500,32.500,32.500,32.610,33.330,33.360,34.170,34.170,34.170,34.170
96,白米躉售,硬秈(在來),新竹市,31.440,,,,,,30.000,31.080,30.980,29.930,31.410,32.370,34.330
96,白米躉售,硬秈(在來),台中市,30.830,31.430,31.430,30.000,30.000,30.000,30.000,30.000,30.030,30.950,31.340,32.380,32.390
96,白米躉售,硬秈(在來),嘉義市,35.500,,,,35.500,,,,,,,,
96,白米躉售,硬秈(在來),台北市,32.460,32.500,32.500,32.500,32.330,31.670,31.670,31.670,31.680,32.270,32.380,33.990,34.370
97,白米躉售,硬秈(在來),新北市,34.880,34.310,35.110,35.540,35.290,34.930,34.780,34.520,34.500,34.520,34.520,34.890,35.700
97,白米躉售,硬秈(在來),新竹縣,35.220,34.870,35.250,35.410,35.350,35.160,34.540,34.780,34.930,35.070,35.090,35.860,36.300
97,白米躉售,硬秈(在來),苗栗縣,34.560,34.170,34.170,34.190,34.720,34.720,34.720,34.280,34.170,34.170,34.730,34.890,35.790
97,白米躉售,硬秈(在來),台中縣,34.910,33.870,34.400,35.160,36.300,35.830,35.040,34.780,34.760,34.900,34.760,34.070,35.070
97,白米躉售,硬秈(在來),彰化縣,32.860,32.210,32.330,33.390,33.360,33.500,33.020,32.690,32.650,32.680,32.610,32.370,33.540
97,白米躉售,硬秈(在來),雲林縣,31.750,31.010,31.810,32.090,31.870,32.480,31.940,30.510,31.270,31.100,31.860,32.090,32.910
97,白米躉售,硬秈(在來),嘉義縣,34.350,35.840,35.680,35.680,36.020,35.220,33.130,33.000,33.330,33.330,33.330,33.710,33.930
97,白米躉售,硬秈(在來),屏東縣,34.110,33.310,33.460,34.660,34.790,33.990,33.160,33.110,33.310,33.330,34.040,35.740,36.390
97,白米躉售,硬秈(在來),基隆市,35.520,34.530,35.140,35.840,35.820,35.810,35.630,35.540,35.420,35.420,35.420,35.420,36.220
97,白米躉售,硬秈(在來),新竹市,34.830,34.060,33.830,35.000,35.200,35.470,34.350,33.530,35.090,35.030,34.830,35.260,36.260
97,白米躉售,硬秈(在來),台中市,34.830,33.360,34.000,34.050,35.200,34.990,34.860,35.070,34.790,35.660,35.200,35.310,35.480
97,白米躉售,硬秈(在來),台北市,35.280,34.730,35.420,36.100,35.840,35.650,35.370,35.310,34.970,34.910,34.670,34.850,35.510
98,白米躉售,硬秈(在來),新北市,35.930,35.810,35.830,35.930,36.190,36.190,35.970,35.710,35.710,35.930,35.950,35.950,36.030
98,白米躉售,硬秈(在來),新竹縣,35.750,36.190,36.190,35.880,35.710,35.230,34.650,35.010,35.410,36.260,36.070,36.070,36.290
98,白米躉售,硬秈(在來),苗栗縣,34.190,35.840,35.360,33.820,33.330,33.330,33.640,33.740,34.170,34.170,34.170,34.170,34.540
98,白米躉售,硬秈(在來),台中縣,34.810,34.800,34.670,35.640,36.760,36.060,35.590,34.540,32.790,33.570,34.380,34.760,34.150
98,白米躉售,硬秈(在來),彰化縣,33.240,34.350,34.170,33.100,33.100,33.100,33.100,32.570,33.210,33.060,32.840,32.850,33.450
98,白米躉售,硬秈(在來),雲林縣,31.540,33.360,32.420,31.490,31.040,31.130,31.280,30.690,31.510,31.450,31.910,31.480,30.720
98,白米躉售,硬秈(在來),屏東縣,35.770,36.390,36.390,36.390,36.390,35.280,33.750,,,,,,
98,白米躉售,硬秈(在來),基隆市,36.230,36.250,36.250,36.370,36.380,36.250,36.250,35.920,35.840,36.240,36.250,36.250,36.490
98,白米躉售,硬秈(在來),新竹市,35.740,36.500,36.230,36.010,35.070,35.030,35.270,36.000,35.550,35.740,35.730,35.630,36.100
98,白米躉售,硬秈(在來),台中市,34.780,35.220,35.380,35.020,34.780,34.650,34.520,34.520,34.560,34.620,34.620,34.510,34.940
98,白米躉售,硬秈(在來),台北市,35.210,35.670,35.670,35.720,35.830,35.720,34.990,34.720,34.720,34.940,35.090,34.740,34.660
99,白米躉售,硬秈(在來),新北市,36.530,36.800,37.350,37.380,37.230,37.140,37.070,36.800,36.760,36.310,36.120,34.720,34.640
99,白米躉售,硬秈(在來),新竹縣,36.160,36.180,35.770,36.540,36.940,36.990,36.950,36.530,36.020,35.510,35.810,35.010,35.690
99,白米躉售,硬秈(在來),苗栗縣,35.050,35.000,35.630,35.000,35.000,35.000,35.000,35.000,35.000,35.000,35.000,35.000,35.000
99,白米躉售,硬秈(在來),台中縣,34.730,34.450,34.860,34.860,35.170,35.330,35.020,35.000,34.970,34.580,34.580,34.290,33.670
99,白米躉售,硬秈(在來),彰化縣,34.550,34.960,35.090,34.910,34.670,34.550,34.450,34.250,34.250,34.250,34.390,34.370,34.490
99,白米躉售,硬秈(在來),雲林縣,32.410,32.180,32.920,33.160,32.440,32.360,32.300,32.590,32.720,33.260,32.660,31.430,30.900
99,白米躉售,硬秈(在來),基隆市,37.340,37.210,37.500,37.500,37.500,37.500,37.500,37.500,37.490,37.090,37.090,37.090,37.090
99,白米躉售,硬秈(在來),新竹市,36.010,36.540,36.370,36.690,36.680,36.500,36.500,35.510,35.650,36.340,35.890,34.790,34.690
99,白米躉售,硬秈(在來),台中市,36.410,36.250,36.520,36.520,36.470,36.430,36.430,36.430,36.430,36.430,36.430,36.430,36.150
99,白米躉售,硬秈(在來),台北市,35.320,35.650,36.280,36.200,35.760,35.650,35.540,34.980,34.920,35.000,34.950,34.470,34.440
100,白米躉售,硬秈(在來),新北市,34.650,34.640,34.640,34.640,34.640,34.640,34.640,34.640,34.640,34.640,34.640,34.640,34.780
100,白米躉售,硬秈(在來),桃園市,31.570,32.500,32.890,31.210,31.250,31.940,30.000,30.300,31.630,31.500,32.060,32.090,31.510
100,白米躉售,硬秈(在來),新竹縣,35.790,35.690,35.420,35.420,35.590,36.250,36.280,35.450,35.860,36.110,36.100,35.670,35.670
100,白米躉售,硬秈(在來),苗栗縣,33.430,34.570,33.330,33.330,33.330,33.330,33.330,33.330,33.330,33.330,33.330,33.330,33.330
100,白米躉售,硬秈(在來),彰化縣,35.090,34.720,34.670,34.670,34.950,36.230,35.450,35.400,35.330,34.750,34.990,34.940,34.940
100,白米躉售,硬秈(在來),雲林縣,31.900,31.400,31.550,30.790,31.160,32.060,31.820,31.880,31.830,32.610,32.400,32.110,33.150
100,白米躉售,硬秈(在來),基隆市,37.030,37.090,37.090,37.090,37.090,37.090,37.090,37.090,37.090,37.090,37.090,37.090,36.410
100,白米躉售,硬秈(在來),新竹市,34.770,34.370,34.830,35.030,35.220,35.530,35.420,35.140,34.990,34.300,34.080,34.170,34.170
100,白米躉售,硬秈(在來),台中市,34.310,34.690,34.690,34.770,34.790,34.980,34.460,34.440,33.780,33.780,33.780,33.780,33.780
100,白米躉售,硬秈(在來),台北市,34.740,34.440,34.440,34.440,34.440,34.860,34.920,34.920,34.920,34.920,34.920,34.920,34.710
101,白米躉售,硬秈(在來),新北市,34.220,34.880,34.880,34.880,34.960,34.660,33.700,33.570,33.570,33.570,33.570,33.890,34.450
101,白米躉售,硬秈(在來),桃園市,32.960,31.420,33.000,32.700,32.650,32.780,32.500,32.500,32.500,33.170,34.170,34.170,34.010
101,白米躉售,硬秈(在來),新竹縣,35.430,35.670,35.670,35.670,35.670,35.490,35.330,35.330,35.330,35.330,35.410,35.680,34.580
101,白米躉售,硬秈(在來),苗栗縣,34.800,33.330,34.310,35.000,35.000,35.000,35.000,35.000,35.000,35.000,35.000,35.000,35.000
101,白米躉售,硬秈(在來),彰化縣,34.570,34.940,34.800,34.520,34.520,34.550,34.520,34.130,34.350,34.560,34.430,34.260,35.260
101,白米躉售,硬秈(在來),雲林縣,33.180,33.600,33.780,33.180,32.810,32.730,32.860,32.770,33.500,33.000,33.400,33.240,33.320
101,白米躉售,硬秈(在來),花蓮縣,38.330,,,,,,,,,,,,38.330
101,白米躉售,硬秈(在來),基隆市,35.390,36.250,36.250,36.250,36.250,36.050,35.300,35.000,35.000,35.000,35.000,34.540,33.750
101,白米躉售,硬秈(在來),新竹市,34.910,34.170,34.170,34.350,34.890,35.000,35.070,35.130,35.140,35.140,35.440,35.210,35.160
101,白米躉售,硬秈(在來),台中市,34.490,34.010,34.130,34.130,34.130,34.130,34.130,34.130,34.220,34.830,35.140,35.470,35.430
101,白米躉售,硬秈(在來),台北市,33.970,34.420,34.420,34.420,34.480,34.340,33.690,33.500,33.500,33.500,33.500,33.750,34.170
102,白米躉售,硬秈(在來),新北市,34.890,34.450,34.450,34.450,34.450,34.450,34.760,35.280,35.280,35.280,35.280,35.280,35.280
102,白米躉售,硬秈(在來),桃園市,33.130,32.920,33.540,33.310,32.920,32.550,32.560,33.260,31.940,32.230,33.300,33.330,35.660
102,白米躉售,硬秈(在來),新竹縣,36.010,34.800,35.000,35.350,35.840,35.840,35.840,35.890,36.670,36.670,36.670,36.670,36.880
102,白米躉售,硬秈(在來),苗栗縣,35.000,35.000,35.000,35.000,35.000,35.000,35.000,35.000,35.000,35.000,35.000,35.000,35.000
102,白米躉售,硬秈(在來),彰化縣,33.850,34.800,34.040,33.640,33.520,33.570,33.570,33.720,33.960,33.630,33.750,33.960,34.080
102,白米躉售,硬秈(在來),南投縣,36.990,,37.140,37.140,37.140,37.140,37.140,37.140,37.140,36.910,36.670,36.670,36.670
102,白米躉售,硬秈(在來),雲林縣,32.990,33.310,33.270,33.270,32.700,32.130,32.090,32.550,32.970,33.150,33.110,33.250,34.090
102,白米躉售,硬秈(在來),基隆市,34.000,33.750,33.750,33.750,33.750,33.750,33.840,34.160,34.170,34.170,34.170,34.300,34.380
102,白米躉售,硬秈(在來),新竹市,36.010,35.250,35.330,35.610,36.000,36.000,36.060,36.280,36.260,36.330,36.330,36.330,36.330
102,白米躉售,硬秈(在來),台中市,35.120,35.160,35.160,35.060,34.870,34.940,34.970,34.970,35.320,35.080,34.870,35.470,35.570
102,白米躉售,硬秈(在來),台南市,38.330,,,,38.330,38.330,38.330,38.330,38.330,38.330,38.330,38.330,38.330
102,白米躉售,硬秈(在來),台北市,34.550,34.170,34.170,34.170,34.170,34.170,34.380,34.810,34.810,34.830,34.910,34.970,35.000
103,白米躉售,硬秈(在來),新北市,35.630,35.280,35.280,35.280,35.280,35.280,35.250,35.420,35.880,35.970,35.970,36.170,36.520
103,白米躉售,硬秈(在來),桃園市,34.890,36.110,36.110,34.290,34.970,35.000,34.760,34.720,34.720,34.700,34.440,34.440,34.440
103,白米躉售,硬秈(在來),新竹縣,36.790,36.700,36.630,36.330,36.330,36.330,36.330,36.330,37.080,37.340,37.340,37.340,37.340
103,白米躉售,硬秈(在來),苗栗縣,35.480,35.510,35.830,35.830,35.830,35.830,35.830,35.830,35.270,35.000,35.000,35.000,35.000
103,白米躉售,硬秈(在來),彰化縣,35.410,34.660,35.870,35.670,35.550,35.310,35.310,35.250,35.430,35.520,35.590,35.460,35.330
103,白米躉售,硬秈(在來),南投縣,33.970,36.670,36.430,34.410,34.410,34.410,34.300,33.930,33.930,32.740,32.140,32.140,32.140
103,白米躉售,硬秈(在來),雲林縣,34.650,34.250,34.330,34.530,34.450,34.260,34.440,34.580,34.880,35.170,35.070,34.990,34.790
103,白米躉售,硬秈(在來),基隆市,34.770,34.380,34.380,34.380,34.380,34.380,34.380,35.000,35.030,35.000,35.000,35.130,35.760
103,白米躉售,硬秈(在來),新竹市,36.130,36.350,36.240,36.040,36.040,36.010,36.000,36.000,36.150,36.170,36.170,36.170,36.170
103,白米躉售,硬秈(在來),台中市,35.950,36.030,36.510,35.820,35.660,35.610,35.350,35.350,35.440,35.670,35.620,37.020,37.290
103,白米躉售,硬秈(在來),台南市,38.330,38.330,38.330,38.330,38.330,38.330,38.330,,,,,,
103,白米躉售,硬秈(在來),台北市,35.140,35.000,35.000,35.000,35.000,35.000,35.000,35.000,35.000,35.000,35.000,35.440,36.270
104,白米躉售,硬秈(在來),新北市,36.110,36.200,36.250,36.380,36.390,36.220,35.950,35.950,35.950,35.950,35.950,35.950,36.220
104,白米躉售,硬秈(在來),桃園市,34.400,34.550,35.000,35.000,34.660,33.990,34.170,34.040,34.170,34.720,34.170,34.170,34.170
104,白米躉售,硬秈(在來),新竹縣,37.330,37.340,37.340,37.340,37.340,37.060,37.000,37.290,37.290,37.290,37.350,37.500,37.780
104,白米躉售,硬秈(在來),苗栗縣,35.320,35.610,35.830,35.830,35.720,35.280,35.280,35.230,35.000,35.000,35.000,35.000,35.110
104,白米躉售,硬秈(在來),彰化縣,35.290,35.060,33.780,35.410,35.620,35.460,35.360,35.360,35.460,35.390,35.390,35.390,35.840
104,白米躉售,硬秈(在來),南投縣,33.160,32.140,34.680,35.360,35.360,35.360,32.140,32.140,32.140,32.140,32.140,32.140,32.140
104,白米躉售,硬秈(在來),雲林縣,34.960,34.790,34.830,34.850,34.830,34.830,34.830,34.830,34.830,34.830,34.830,35.000,36.260
104,白米躉售,硬秈(在來),屏東縣,34.000,,34.000,34.000,,,,,,,,,
104,白米躉售,硬秈(在來),基隆市,36.150,35.130,35.550,35.630,35.630,35.810,36.250,36.450,36.670,36.670,36.670,36.670,36.660
104,白米躉售,硬秈(在來),新竹市,35.580,35.840,36.160,36.340,36.340,35.780,35.670,35.180,35.120,35.120,35.120,35.120,35.120
104,白米躉售,硬秈(在來),台中市,36.760,37.230,36.930,36.130,36.110,36.420,36.690,36.720,36.610,36.840,36.890,36.880,37.630
104,白米躉售,硬秈(在來),台南市,36.020,,,,,,,,35.750,35.750,35.770,36.420,36.420
104,白米躉售,硬秈(在來),台北市,37.170,35.340,36.490,36.560,36.560,36.670,36.950,37.490,37.950,38.020,38.020,38.020,38.020
105,白米躉售,硬秈(在來),新北市,37.160,36.430,36.550,36.950,37.170,37.110,37.000,37.000,37.000,37.070,37.140,37.720,38.810
105,白米躉售,硬秈(在來),桃園市,34.460,34.930,34.900,33.740,34.170,34.170,34.170,34.170,34.080,34.450,34.450,34.450,35.850
105,白米躉售,硬秈(在來),新竹縣,37.910,37.920,37.920,37.920,37.920,37.670,37.500,37.500,37.920,37.920,37.920,38.130,38.660
105,白米躉售,硬秈(在來),苗栗縣,35.330,35.330,,,,,,,,,,,
105,白米躉售,硬秈(在來),彰化縣,36.420,36.140,36.320,36.160,36.160,35.920,35.910,35.980,36.130,36.130,36.560,37.130,38.440
105,白米躉售,硬秈(在來),南投縣,32.140,32.140,,,,,,,,,,,
105,白米躉售,硬秈(在來),雲林縣,36.560,36.260,36.380,36.340,36.330,36.300,36.140,36.190,36.260,36.260,36.750,37.190,38.290
105,白米躉售,硬秈(在來),基隆市,36.600,36.460,36.570,36.500,36.500,36.180,35.660,36.110,36.560,36.390,36.390,37.060,38.860
105,白米躉售,硬秈(在來),新竹市,37.040,35.840,36.070,37.060,37.260,37.260,37.260,37.260,37.140,37.140,37.140,37.140,37.900
105,白米躉售,硬秈(在來),台中市,38.180,38.140,38.150,38.180,38.390,38.390,38.250,38.370,37.920,37.920,37.920,37.970,38.600
105,白米躉售,硬秈(在來),台南市,36.140,36.670,36.750,35.830,35.830,35.830,35.830,35.830,35.830,35.830,35.830,36.390,37.170
105,白米躉售,硬秈(在來),台北市,38.290,38.030,38.280,38.400,38.420,38.390,38.420,38.130,38.130,38.130,38.130,38.310,38.690
106,白米躉售,硬秈(在來),新北市,40.910,39.050,40.050,40.270,40.270,40.270,40.240,40.940,41.670,41.760,41.760,41.860,42.760
106,白米躉售,硬秈(在來),桃園市,37.560,36.670,36.670,36.670,36.670,36.670,36.670,36.930,38.000,38.000,38.120,39.860,39.830
106,白米躉售,硬秈(在來),新竹縣,39.310,39.180,39.580,39.580,39.250,39.170,39.170,39.170,39.170,39.310,39.380,39.380,39.380
106,白米躉售,硬秈(在來),彰化縣,39.670,38.660,38.800,38.530,38.870,39.020,38.970,39.550,40.390,41.070,41.070,41.070,40.090
106,白米躉售,硬秈(在來),雲林縣,38.570,38.580,38.530,38.230,38.150,38.290,38.660,38.670,38.750,38.750,38.850,38.890,38.460
106,白米躉售,硬秈(在來),基隆市,40.670,39.000,39.160,39.270,39.270,39.370,39.550,41.010,42.160,42.290,42.290,42.230,42.380
106,白米躉售,硬秈(在來),新竹市,38.470,38.570,38.570,38.570,38.570,38.570,38.480,38.450,38.450,38.450,38.450,38.310,38.200
106,白米躉售,硬秈(在來),台中市,38.900,38.890,39.170,39.250,39.150,38.900,38.700,38.460,39.270,38.860,38.760,38.680,38.680
106,白米躉售,硬秈(在來),台南市,36.090,37.170,37.170,37.020,37.020,36.530,35.610,35.420,35.420,35.420,35.420,35.420,35.420
106,白米躉售,硬秈(在來),台北市,40.160,38.610,38.890,38.960,38.950,38.920,38.910,39.830,41.690,41.880,41.880,41.810,41.580
107,白米躉售,硬秈(在來),新北市,42.330,42.360,42.360,42.360,42.360,42.360,42.360,42.360,42.360,42.420,42.460,42.260,41.940
107,白米躉售,硬秈(在來),桃園市,38.500,39.830,39.830,39.830,39.830,39.830,39.830,39.830,39.830,37.620,36.440,34.760,34.580
107,白米躉售,硬秈(在來),新竹縣,39.380,39.380,39.380,39.380,39.380,39.380,39.380,39.380,39.380,39.380,39.380,39.380,39.420
107,白米躉售,硬秈(在來),彰化縣,39.680,39.970,39.810,39.820,40.090,40.090,40.090,39.620,39.490,39.320,39.320,39.320,39.240
107,白米躉售,硬秈(在來),雲林縣,37.290,37.400,37.270,37.430,37.370,37.820,38.120,37.900,37.140,37.080,36.980,36.500,36.520
107,白米躉售,硬秈(在來),屏東縣,36.900,,,,,,,,,,,37.330,36.470
107,白米躉售,硬秈(在來),基隆市,42.110,42.500,42.500,42.500,42.500,42.500,42.500,42.210,41.460,41.460,41.500,41.710,42.020
107,白米躉售,硬秈(在來),新竹市,38.460,38.320,38.470,38.470,38.470,38.470,38.470,38.470,38.470,38.470,38.470,38.470,38.470
107,白米躉售,硬秈(在來),台中市,38.350,38.680,38.480,38.440,38.440,38.520,38.530,38.440,38.440,38.160,38.020,37.980,38.040
107,白米躉售,硬秈(在來),台南市,35.180,35.420,35.420,35.420,35.420,35.420,35.420,35.090,34.920,34.920,34.920,34.920,34.920
107,白米躉售,硬秈(在來),台北市,41.020,41.360,41.250,41.250,41.250,41.290,41.340,41.310,40.930,40.880,40.600,40.470,40.310
108,白米躉售,硬秈(在來),新北市,40.120,41.860,41.830,40.950,40.370,40.100,40.040,39.630,39.320,39.320,39.320,39.320,39.320
108,白米躉售,硬秈(在來),桃園市,37.110,36.660,37.200,37.850,37.780,36.940,36.940,37.070,37.080,37.080,37.080,36.940,36.700
108,白米躉售,硬秈(在來),新竹縣,38.970,39.580,39.580,39.210,39.170,38.870,38.750,38.750,38.750,38.750,38.750,38.750,38.750
108,白米躉售,硬秈(在來),彰化縣,37.870,38.990,38.940,38.900,38.730,38.730,38.730,37.870,37.020,36.700,36.610,36.610,36.610
108,白米躉售,硬秈(在來),雲林縣,35.550,36.350,35.800,35.650,35.580,35.330,35.330,35.400,35.480,35.500,35.330,35.400,35.430
108,白米躉售,硬秈(在來),屏東縣,35.790,36.000,36.000,35.690,35.670,35.670,35.620,36.200,35.200,34.890,36.170,36.170,36.170
108,白米躉售,硬秈(在來),基隆市,42.450,42.090,42.300,42.500,42.500,42.500,42.500,42.500,42.500,42.500,42.500,42.500,42.500
108,白米躉售,硬秈(在來),新竹市,38.470,38.470,38.470,38.470,38.470,38.470,38.470,38.470,38.470,38.470,38.470,38.470,38.470
108,白米躉售,硬秈(在來),台中市,37.550,36.370,37.100,37.830,37.840,37.790,37.790,37.670,37.440,37.580,37.620,37.620,37.900
108,白米躉售,硬秈(在來),台南市,34.510,34.920,34.920,34.920,34.920,34.920,34.870,33.910,34.070,34.170,34.170,34.170,34.170
108,白米躉售,硬秈(在來),台北市,40.000,40.180,40.190,40.210,40.210,39.930,39.870,40.050,39.950,39.900,39.890,39.830,39.830
109,白米躉售,硬秈(在來),新北市,39.280,39.320,39.320,39.320,39.350,39.430,39.220,39.220,39.220,39.220,39.220,39.220,39.310
109,白米躉售,硬秈(在來),桃園市,34.210,34.830,34.830,34.830,33.740,35.330,34.090,32.610,32.280,32.700,32.980,36.170,36.120
109,白米躉售,硬秈(在來),新竹縣,38.760,38.750,38.750,38.750,38.750,38.750,38.750,38.750,38.750,38.750,38.750,38.750,38.900
109,白米躉售,硬秈(在來),彰化縣,36.520,36.610,36.610,36.610,36.610,36.610,36.590,36.430,36.430,36.430,36.430,36.430,36.430
109,白米躉售,硬秈(在來),雲林縣,35.780,35.340,35.330,35.370,35.800,36.000,35.600,35.980,35.600,35.590,35.660,35.760,37.360
109,白米躉售,硬秈(在來),屏東縣,36.630,36.170,36.170,36.540,37.440,37.440,34.560,36.070,35.920,37.260,37.160,37.010,37.850
109,白米躉售,硬秈(在來),基隆市,42.500,42.500,42.500,42.500,42.500,42.500,42.500,42.500,42.500,42.500,42.500,42.500,42.500
109,白米躉售,硬秈(在來),新竹市,38.270,38.470,38.470,38.470,38.330,38.330,38.330,38.310,38.060,38.060,38.060,38.060,38.320
109,白米躉售,硬秈(在來),台中市,38.540,37.740,37.550,37.770,38.330,39.020,39.040,38.930,38.930,38.760,38.590,38.670,39.120
109,白米躉售,硬秈(在來),台南市,34.240,34.170,34.170,34.170,34.170,34.170,34.170,34.170,34.170,34.170,34.170,34.170,34.950
109,白米躉售,硬秈(在來),台北市,40.120,39.830,40.020,40.050,40.200,40.190,40.120,40.310,40.140,40.140,40.140,40.140,40.190
110,白米躉售,硬秈(在來),新北市,40.570,39.430,39.430,39.430,39.430,39.510,39.640,40.480,41.600,41.960,41.960,41.960,41.960
110,白米躉售,硬秈(在來),桃園市,36.700,35.730,37.510,37.830,36.980,37.250,37.990,36.450,34.960,36.150,36.500,36.500,36.500
110,白米躉售,硬秈(在來),新竹縣,39.200,39.170,39.170,39.170,39.170,39.170,39.170,39.170,39.170,39.170,39.170,39.170,39.530
110,白米躉售,硬秈(在來),彰化縣,37.830,36.430,36.430,37.070,37.260,37.140,38.190,38.570,38.570,38.570,38.570,38.570,38.570
110,白米躉售,硬秈(在來),雲林縣,38.170,38.000,38.280,38.160,38.150,38.140,38.150,38.020,38.330,38.330,38.220,38.030,38.250
110,白米躉售,硬秈(在來),屏東縣,38.410,38.630,39.010,39.270,39.210,39.130,39.130,37.220,36.800,37.480,37.680,38.260,39.130
110,白米躉售,硬秈(在來),基隆市,42.500,42.500,42.500,42.500,42.500,42.500,42.500,42.500,42.500,42.500,42.500,42.500,42.500
110,白米躉售,硬秈(在來),新竹市,38.350,38.330,38.330,38.330,38.330,38.330,38.330,38.330,38.330,38.330,38.330,38.330,38.610
110,白米躉售,硬秈(在來),台中市,40.490,39.160,39.760,39.920,40.090,40.360,40.510,40.510,40.760,40.980,41.030,41.150,41.610
110,白米躉售,硬秈(在來),台南市,38.740,35.830,39.000,39.000,39.000,39.000,39.000,39.000,39.000,39.000,39.000,39.000,39.000
110,白米躉售,硬秈(在來),台北市,39.970,40.240,40.240,40.240,40.240,40.260,40.280,40.000,40.000,40.000,39.710,39.170,39.310
111,白米躉售,硬秈(在來),新北市,42.260,41.770,41.770,41.770,42.010,42.190,42.490,42.500,42.500,42.500,42.500,42.500,42.560
111,白米躉售,硬秈(在來),桃園市,39.140,38.340,38.680,39.000,39.030,39.310,39.330,39.330,39.330,39.330,39.330,39.330,39.330
111,白米躉售,硬秈(在來),新竹縣,41.230,40.120,41.250,41.250,41.250,41.250,41.250,41.250,41.250,41.250,41.250,41.670,41.670
111,白米躉售,硬秈(在來),彰化縣,40.560,39.290,39.930,41.070,40.830,40.360,40.360,40.430,40.490,40.780,41.070,41.070,41.070
111,白米躉售,硬秈(在來),雲林縣,38.410,39.120,39.150,38.300,38.000,38.110,38.160,38.220,38.250,38.230,38.490,38.340,38.580
111,白米躉售,硬秈(在來),屏東縣,40.030,39.130,39.130,39.130,40.570,40.570,40.570,40.570,40.310,40.100,40.100,40.100,40.100
111,白米躉售,硬秈(在來),基隆市,43.640,43.290,43.340,43.340,43.750,43.750,43.750,43.750,43.750,43.750,43.750,43.750,43.750
111,白米躉售,硬秈(在來),新竹市,39.550,39.250,39.450,39.450,39.450,39.450,39.450,39.470,39.720,39.720,39.720,39.720,39.750
111,白米躉售,硬秈(在來),台中市,42.180,42.110,41.890,41.970,42.310,42.240,42.220,42.220,42.220,42.220,42.220,42.220,42.310
111,白米躉售,硬秈(在來),台南市,39.550,39.500,39.500,39.500,39.500,39.500,39.810,,,,,,
111,白米躉售,硬秈(在來),台北市,40.440,39.310,39.310,39.310,39.580,40.230,40.870,41.110,41.110,41.110,41.110,41.110,41.110
112,白米躉售,硬秈(在來),新北市,42.830,42.610,42.610,42.610,42.610,42.610,42.710,42.810,42.810,42.920,43.230,43.230,43.250
112,白米躉售,硬秈(在來),桃園市,39.440,39.330,39.330,39.330,39.330,39.330,39.330,39.330,39.330,39.330,39.630,39.830,39.900
112,白米躉售,硬秈(在來),新竹縣,40.400,41.480,41.050,40.140,40.330,40.030,40.000,40.000,40.000,40.000,40.000,40.000,41.750
112,白米躉售,硬秈(在來),彰化縣,41.220,41.070,41.070,41.070,40.920,40.720,40.720,40.720,40.720,40.720,42.110,42.380,42.380
112,白米躉售,硬秈(在來),雲林縣,39.650,38.660,38.660,38.660,39.010,39.580,39.570,39.170,39.610,40.520,40.750,40.830,40.830
112,白米躉售,硬秈(在來),屏東縣,41.490,41.110,41.520,41.520,41.520,41.520,41.520,41.520,41.520,41.520,41.520,41.520,41.520
112,白米躉售,硬秈(在來),基隆市,44.860,43.750,43.870,44.450,44.450,44.450,44.310,44.170,44.170,44.660,46.670,46.670,46.670
112,白米躉售,硬秈(在來),新竹市,42.160,40.190,40.590,41.560,42.050,42.350,42.500,42.670,42.670,42.670,42.670,42.670,43.320
112,白米躉售,硬秈(在來),台中市,41.300,42.300,41.950,41.930,41.420,41.750,40.860,40.630,40.640,40.920,40.920,40.930,41.310
112,白米躉售,硬秈(在來),台北市,42.550,41.690,42.220,42.480,42.620,42.620,42.620,42.620,42.620,42.650,42.740,42.770,42.910
113,白米躉售,硬秈(在來),新北市,44.070,43.540,43.570,43.760,43.890,43.890,43.890,43.890,44.110,44.420,44.440,44.490,44.950
113,白米躉售,硬秈(在來),桃園市,41.530,40.560,41.120,41.670,41.670,41.670,41.670,41.670,41.670,41.670,41.670,41.670,41.670
113,白米躉售,硬秈(在來),新竹縣,42.170,42.170,42.170,42.170,42.170,42.170,42.170,42.170,42.170,42.170,42.170,42.170,42.170
113,白米躉售,硬秈(在來),彰化縣,41.680,42.460,42.740,42.740,43.000,41.720,41.320,40.610,41.200,41.020,41.000,40.850,41.550
113,白米躉售,硬秈(在來),雲林縣,40.510,40.830,40.790,40.890,40.870,40.480,40.290,40.090,40.000,40.000,40.120,40.730,41.030
113,白米躉售,硬秈(在來),屏東縣,41.520,41.520,41.520,41.520,41.520,41.520,41.520,41.520,41.520,41.520,41.520,41.520,41.520
113,白米躉售,硬秈(在來),基隆市,46.820,46.670,46.670,46.670,46.670,46.670,46.670,46.790,47.090,47.090,47.040,46.740,47.090
113,白米躉售,硬秈(在來),新竹市,43.450,43.450,43.450,43.450,43.450,43.450,43.450,43.450,43.450,43.450,43.450,43.450,43.450
113,白米躉售,硬秈(在來),台中市,42.030,42.070,42.160,42.160,42.160,42.160,42.160,42.160,41.890,41.800,41.570,41.840,42.230
113,白米躉售,硬秈(在來),台南市,41.490,41.520,41.520,41.520,41.520,41.520,41.460,41.460,41.460,41.460,41.460,41.460,41.460
113,白米躉售,硬秈(在來),台北市,43.680,43.150,43.220,43.120,43.100,43.100,43.080,43.580,44.270,44.270,44.270,44.400,44.590
114,白米躉售,硬秈(在來),新北市,45.360,45.540,45.460,45.280,45.280,45.280,45.280,45.280,45.280,45.380,45.340,45.310,45.570
114,白米躉售,硬秈(在來),桃園市,41.670,41.670,41.670,41.670,41.670,41.670,41.670,41.670,41.670,41.670,41.670,41.670,41.670
114,白米躉售,硬秈(在來),新竹縣,42.160,42.170,42.170,42.170,42.170,42.170,42.170,42.170,42.170,42.170,42.170,42.170,42.040
114,白米躉售,硬秈(在來),彰化縣,41.650,41.550,41.690,41.780,41.780,41.780,41.700,41.550,41.550,41.550,41.550,41.550,41.800
114,白米躉售,硬秈(在來),雲林縣,40.930,41.040,41.040,40.950,41.190,41.250,41.020,40.950,41.040,40.890,40.680,40.540,40.600
114,白米躉售,硬秈(在來),屏東縣,41.700,41.520,41.520,41.520,41.520,41.520,41.520,41.520,41.520,41.520,41.520,41.520,43.680
114,白米躉售,硬秈(在來),基隆市,48.200,47.470,47.500,48.110,48.330,48.330,48.330,48.330,48.330,48.330,48.680,49.170,47.480
114,白米躉售,硬秈(在來),新竹市,43.450,43.450,43.450,43.450,43.450,43.450,43.450,43.450,43.450,43.450,43.450,43.450,43.450
114,白米躉售,硬秈(在來),台中市,43.810,42.980,43.040,43.020,44.000,44.000,43.900,43.460,44.150,44.360,44.250,44.250,44.250
114,白米躉售,硬秈(在來),台南市,40.870,41.460,41.460,41.460,40.570,41.110,40.630,40.630,40.630,40.630,40.630,40.630,40.630
114,白米躉售,硬秈(在來),台北市,45.420,44.970,45.230,45.310,45.360,45.310,45.310,45.310,45.310,45.500,45.780,45.840,45.840
115,白米躉售,硬秈(在來),新北市,46.200,45.600,45.600,45.860,47.080,47.080,46.850,46.090,45.410,,,,
115,白米躉售,硬秈(在來),桃園市,41.550,41.670,41.670,41.670,41.670,41.670,41.570,41.250,41.250,,,,
115,白米躉售,硬秈(在來),新竹縣,42.200,41.880,41.880,41.880,41.880,41.880,42.060,43.060,43.060,,,,
115,白米躉售,硬秈(在來),彰化縣,42.600,42.200,43.810,42.920,42.380,42.380,42.380,42.490,42.270,,,,
115,白米躉售,硬秈(在來),雲林縣,40.860,40.540,40.540,41.240,41.790,41.160,40.540,40.540,40.540,,,,
115,白米躉售,硬秈(在來),屏東縣,44.000,44.000,44.000,44.000,44.000,44.000,44.000,44.000,44.000,,,,
115,白米躉售,硬秈(在來),基隆市,46.770,46.940,46.940,46.940,46.940,46.940,46.560,46.390,46.500,,,,
115,白米躉售,硬秈(在來),新竹市,43.460,43.450,43.450,43.450,43.450,43.450,43.460,43.470,43.470,,,,
115,白米躉售,硬秈(在來),台中市,44.420,44.250,44.280,44.480,44.480,44.470,44.470,44.470,44.470,,,,
115,白米躉售,硬秈(在來),台北市,48.250,46.700,48.060,48.180,48.610,48.610,48.610,48.610,48.610,,,,
115,白米躉售,硬秈(在來),高雄市,47.670,,49.170,47.160,47.240,47.530,47.530,47.530,47.530,,,,
82,白米躉售,軟秈,彰化縣,28.180,26.140,26.770,28.920,30.540,30.710,30.090,26.270,26.420,26.860,27.370,28.990,29.100
82,白米躉售,軟秈,嘉義縣,27.260,26.170,27.130,28.170,28.970,29.480,27.490,25.190,25.820,26.170,26.610,28.220,27.740
82,白米躉售,軟秈,嘉義市,27.260,26.170,27.130,28.170,28.970,29.480,27.490,25.190,25.820,26.170,26.610,28.220,27.740
83,白米躉售,軟秈,台中縣,26.230,,,,,,27.230,25.710,25.710,25.710,25.710,26.400,27.140
83,白米躉售,軟秈,彰化縣,27.950,29.570,30.900,31.980,31.140,28.610,27.050,24.700,25.290,25.360,25.230,27.430,28.090
83,白米躉售,軟秈,嘉義縣,25.710,28.000,28.330,27.840,26.820,24.470,22.800,23.450,24.560,24.770,24.260,26.630,26.640
83,白米躉售,軟秈,台中市,25.990,,,,,,25.710,25.710,25.710,25.710,25.210,26.740,27.140
83,白米躉售,軟秈,嘉義市,25.710,28.000,28.330,27.840,26.740,24.470,22.800,23.450,24.560,24.770,24.260,26.630,26.640
84,白米躉售,軟秈,宜蘭縣,28.740,,,,,,,,28.330,28.330,28.330,29.130,29.600
84,白米躉售,軟秈,桃園市,28.960,,,,,,,,28.600,28.400,28.480,29.110,30.190
84,白米躉售,軟秈,台中縣,29.950,27.760,28.140,,33.330,32.860,31.930,29.170,29.050,29.170,28.900,29.270,29.910
84,白米躉售,軟秈,彰化縣,30.750,28.760,31.490,32.560,34.290,33.650,31.480,28.640,29.280,29.130,29.060,30.000,30.670
84,白米躉售,軟秈,嘉義縣,29.230,27.670,30.980,31.890,32.000,31.350,27.820,27.360,28.330,27.760,27.760,28.800,29.070
84,白米躉售,軟秈,台中市,30.110,27.980,28.570,,33.570,32.860,31.930,29.170,29.270,29.290,29.290,29.290,29.980
84,白米躉售,軟秈,嘉義市,29.230,27.670,30.980,31.890,32.000,31.350,27.820,27.360,28.330,27.760,27.760,28.800,29.070
85,白米躉售,軟秈,新北市,34.340,,,,34.340,,,,,,,,
85,白米躉售,軟秈,宜蘭縣,30.790,31.990,32.500,33.390,33.390,33.330,33.490,30.880,29.170,28.650,27.370,26.830,28.460
85,白米躉售,軟秈,桃園市,31.100,32.250,32.500,32.870,33.250,33.670,33.670,32.080,29.760,28.870,27.470,27.330,29.480
85,白米躉售,軟秈,台中縣,31.680,32.240,32.860,33.270,35.000,34.560,34.290,33.000,30.540,29.550,28.090,27.500,29.220
85,白米躉售,軟秈,彰化縣,31.860,33.170,33.570,34.710,34.680,34.590,33.960,31.570,30.710,29.460,28.190,28.240,29.480
85,白米躉售,軟秈,嘉義縣,30.200,30.950,30.990,31.950,32.000,32.310,31.710,30.280,29.950,29.230,27.330,27.110,28.550
85,白米躉售,軟秈,台中市,31.800,32.560,32.860,33.270,35.000,34.820,34.290,33.000,30.550,29.790,28.360,27.860,29.260
85,白米躉售,軟秈,嘉義市,30.200,30.950,30.990,31.950,32.000,32.310,31.710,30.280,29.950,29.230,27.330,27.110,28.550
86,白米躉售,軟秈,新北市,28.630,,,,30.170,29.400,27.200,26.880,27.850,27.500,28.230,29.170,31.290
86,白米躉售,軟秈,宜蘭縣,27.320,29.170,29.170,29.170,28.810,26.460,25.080,25.110,25.650,25.600,26.450,28.050,29.170
86,白米躉售,軟秈,桃園市,28.140,30.000,30.000,30.000,29.530,27.060,25.300,25.730,26.330,26.330,27.390,29.450,30.500
86,白米躉售,軟秈,台中縣,27.830,30.000,30.000,30.000,29.940,27.670,26.130,25.450,25.710,25.710,26.360,27.640,29.290
86,白米躉售,軟秈,彰化縣,28.480,30.350,30.500,30.500,29.700,27.480,26.140,26.180,26.670,26.670,27.610,29.470,30.500
86,白米躉售,軟秈,嘉義縣,27.090,29.260,28.950,28.830,28.350,27.050,24.850,25.120,25.640,25.000,25.910,28.040,28.100
86,白米躉售,軟秈,台中市,27.870,30.000,30.000,30.000,30.000,28.430,26.130,25.500,25.910,25.710,26.530,27.700,28.570
86,白米躉售,軟秈,嘉義市,27.090,29.260,28.950,28.830,28.350,27.050,24.850,25.120,25.640,25.000,25.910,28.040,28.100
86,白米躉售,軟秈,台北市,28.470,,,,30.170,29.400,27.200,26.880,27.500,27.500,28.230,29.170,30.160
87,白米躉售,軟秈,新北市,30.900,31.670,31.670,31.840,33.130,31.800,28.670,28.330,28.790,29.170,30.210,32.190,33.330
87,白米躉售,軟秈,宜蘭縣,29.260,29.360,30.000,31.200,32.170,31.020,28.750,27.420,26.860,27.000,27.860,29.450,30.070
87,白米躉售,軟秈,桃園市,30.090,30.690,31.230,31.610,32.000,30.900,28.940,27.680,28.270,28.330,28.760,30.920,31.760
87,白米躉售,軟秈,台中縣,29.300,29.290,29.290,30.410,31.420,31.420,29.570,27.140,27.140,27.140,27.420,29.900,31.430
87,白米躉售,軟秈,彰化縣,29.930,30.500,30.900,31.500,32.330,30.640,28.210,27.840,27.860,27.860,28.610,31.210,31.730
87,白米躉售,軟秈,嘉義縣,27.900,28.000,28.840,29.750,30.850,29.040,24.940,26.580,26.840,26.670,27.510,,
87,白米躉售,軟秈,台中市,29.150,28.570,28.570,30.130,31.420,31.420,29.570,27.140,27.140,27.140,27.420,29.900,31.430
87,白米躉售,軟秈,嘉義市,27.900,28.000,28.840,29.750,30.850,29.040,24.890,26.580,26.840,26.670,27.510,,
87,白米躉售,軟秈,台北市,30.750,30.190,31.500,31.840,33.000,31.800,28.670,28.330,28.790,29.170,30.210,32.190,33.330
88,白米躉售,軟秈,新北市,33.010,34.250,35.000,36.110,35.640,36.070,34.730,30.650,30.110,29.530,29.170,31.550,33.330
88,白米躉售,軟秈,宜蘭縣,30.490,31.870,33.040,34.200,33.000,33.330,31.940,28.220,27.450,27.500,26.930,28.380,30.000
88,白米躉售,軟秈,桃園市,31.640,33.480,34.000,35.270,34.110,33.330,33.330,30.720,28.830,28.830,27.230,29.130,31.360
88,白米躉售,軟秈,台中縣,31.030,32.000,33.070,34.610,33.860,33.570,32.240,29.170,29.170,28.580,26.630,28.640,30.780
88,白米躉售,軟秈,彰化縣,31.600,33.570,34.350,35.410,34.880,35.670,31.510,28.730,28.330,28.330,27.410,29.950,31.000
88,白米躉售,軟秈,花蓮縣,33.330,33.330,,,,,,,,,,,
88,白米躉售,軟秈,台中市,31.270,32.000,33.070,34.890,34.000,33.570,32.240,29.170,29.170,28.580,27.100,30.020,31.480
88,白米躉售,軟秈,台北市,33.010,34.250,35.000,36.110,35.640,36.070,34.730,30.650,30.100,29.530,29.170,31.550,33.330
89,白米躉售,軟秈,新北市,29.320,33.330,33.530,33.570,32.060,29.140,27.090,26.080,26.590,26.670,26.910,27.920,28.980
89,白米躉售,軟秈,宜蘭縣,27.670,30.750,30.830,30.650,29.910,27.090,26.340,24.950,25.060,25.000,25.710,27.160,28.560
89,白米躉售,軟秈,桃園市,28.470,33.160,33.290,31.870,30.600,27.810,26.500,25.570,25.580,25.420,25.890,27.270,28.650
89,白米躉售,軟秈,台中縣,28.110,32.000,32.140,31.370,30.920,27.620,25.930,25.120,25.030,25.290,25.940,27.370,28.620
89,白米躉售,軟秈,彰化縣,27.940,31.540,31.670,31.310,30.140,27.580,26.000,24.700,25.170,25.330,25.590,27.480,28.820
89,白米躉售,軟秈,屏東縣,28.350,33.330,33.100,31.790,30.740,29.160,25.990,24.630,24.840,25.000,25.880,26.720,28.970
89,白米躉售,軟秈,台中市,28.150,32.140,32.140,31.590,30.980,27.630,25.930,25.120,25.030,25.290,25.940,27.370,28.620
89,白米躉售,軟秈,台南市,16.670,,,,,16.670,16.670,,,,,,
89,白米躉售,軟秈,台北市,29.320,33.330,33.530,33.570,32.060,29.140,27.090,26.080,26.590,26.670,26.910,27.920,28.980
90,白米躉售,軟秈,新北市,29.870,29.810,30.000,30.000,29.970,28.470,27.390,29.090,28.470,28.340,30.220,33.340,33.340
90,白米躉售,軟秈,宜蘭縣,28.960,28.630,28.700,28.670,28.440,27.250,27.430,28.270,28.090,27.460,29.800,32.670,32.150
90,白米躉售,軟秈,桃園市,29.120,29.170,29.170,28.880,28.490,26.490,26.650,28.490,28.280,27.610,30.110,33.110,33.040
90,白米躉售,軟秈,台中縣,28.950,28.730,28.800,28.570,28.360,26.710,26.500,28.040,27.860,27.680,30.460,32.860,32.860
90,白米躉售,軟秈,彰化縣,28.570,28.950,28.990,28.650,28.040,25.900,26.170,27.450,27.240,26.860,30.100,32.400,32.050
90,白米躉售,軟秈,台南縣,27.740,,,,,25.250,25.060,26.440,27.170,27.170,29.250,30.740,30.830
90,白米躉售,軟秈,屏東縣,28.460,29.350,29.160,28.540,28.100,26.210,26.000,27.960,27.260,26.790,29.320,31.420,31.410
90,白米躉售,軟秈,台中市,29.020,29.050,29.000,28.670,28.360,26.770,26.500,28.220,27.820,27.620,30.460,32.860,32.860
90,白米躉售,軟秈,台南市,27.740,,,,,25.250,25.060,26.440,27.170,27.170,29.250,30.740,30.830
90,白米躉售,軟秈,台北市,29.870,29.810,30.000,30.000,29.970,28.470,27.390,29.090,28.470,28.340,30.220,33.340,33.340
91,白米躉售,軟秈,新北市,30.990,34.620,36.070,36.670,36.670,35.650,30.170,29.650,28.900,27.610,25.860,25.000,25.000
91,白米躉售,軟秈,宜蘭縣,29.680,33.750,37.000,34.510,35.100,34.260,29.300,28.640,26.910,25.450,24.080,23.780,23.360
91,白米躉售,軟秈,桃園市,30.050,34.310,36.400,35.910,36.160,33.970,29.570,28.740,27.960,25.610,24.710,23.750,23.500
91,白米躉售,軟秈,台中縣,30.260,33.910,36.190,36.420,37.140,34.080,28.570,28.570,28.020,26.810,24.770,24.290,24.290
91,白米躉售,軟秈,彰化縣,29.530,33.540,35.710,35.910,36.670,33.440,28.090,27.900,26.910,25.380,23.950,23.330,23.490
91,白米躉售,軟秈,雲林縣,28.470,,,34.460,35.000,32.980,29.170,27.680,27.350,25.440,24.630,24.000,24.000
91,白米躉售,軟秈,台南縣,28.990,32.340,34.850,35.150,35.520,32.570,28.130,27.890,26.930,25.140,23.300,23.000,23.000
91,白米躉售,軟秈,屏東縣,29.860,33.340,35.170,35.800,36.210,35.480,29.080,28.790,27.980,25.830,23.980,23.330,23.330
91,白米躉售,軟秈,台中市,30.260,33.970,36.190,36.420,37.140,34.080,28.570,28.570,28.020,26.810,24.770,24.290,24.290
91,白米躉售,軟秈,台南市,28.990,32.340,34.850,35.150,35.520,32.570,28.160,27.890,26.930,25.140,23.300,23.000,23.000
91,白米躉售,軟秈,台北市,30.990,34.620,36.070,36.670,36.670,35.650,30.170,29.650,28.910,27.610,25.860,25.000,25.000
92,白米躉售,軟秈,新北市,25.300,25.000,26.070,26.670,26.670,25.860,25.830,25.000,24.470,23.730,23.330,24.330,26.680
92,白米躉售,軟秈,宜蘭縣,23.450,23.230,24.340,24.370,23.980,23.140,22.930,22.500,22.500,22.500,22.240,24.020,25.590
92,白米躉售,軟秈,桃園市,24.040,23.520,24.360,25.700,25.330,24.680,24.500,23.150,22.830,22.590,22.460,24.390,25.000
92,白米躉售,軟秈,台中縣,24.430,24.290,25.200,25.460,25.000,25.000,24.830,23.510,22.860,22.860,23.030,24.720,26.430
92,白米躉售,軟秈,彰化縣,23.840,23.560,24.680,25.000,24.970,24.070,23.410,22.500,22.500,22.170,21.960,24.770,26.490
92,白米躉售,軟秈,雲林縣,23.340,23.230,24.170,25.000,25.000,24.630,23.340,22.670,22.220,21.670,22.290,22.500,
92,白米躉售,軟秈,台南縣,23.670,23.000,24.200,25.000,25.000,24.130,23.500,22.610,22.500,22.470,22.340,23.960,25.310
92,白米躉售,軟秈,屏東縣,23.740,23.330,24.340,25.000,24.810,23.900,23.330,22.940,22.830,22.490,22.330,23.740,25.810
92,白米躉售,軟秈,台中市,24.960,24.290,25.200,25.710,25.950,25.180,24.830,23.510,22.860,22.860,23.060,26.090,30.000
92,白米躉售,軟秈,台南市,23.660,23.000,24.200,25.000,25.000,24.130,23.500,22.610,22.500,22.470,22.340,23.880,25.310
92,白米躉售,軟秈,台北市,25.580,25.000,26.070,26.670,26.670,25.860,25.830,25.500,24.900,24.100,23.830,24.990,27.500
93,白米躉售,軟秈,新北市,29.840,26.780,29.200,30.050,31.890,32.500,30.500,29.110,27.500,27.500,28.520,32.000,32.500
93,白米躉售,軟秈,宜蘭縣,28.840,26.510,29.050,29.760,31.500,30.590,29.640,25.620,25.000,26.910,28.710,31.610,31.160
93,白米躉售,軟秈,桃園市,29.790,26.450,29.910,30.260,33.000,32.580,30.000,27.370,26.330,27.550,29.030,32.470,32.500
93,白米躉售,軟秈,台中縣,29.740,26.710,30.650,30.860,32.460,32.500,30.080,26.760,26.000,26.810,28.850,32.320,32.860
93,白米躉售,軟秈,彰化縣,29.340,27.170,30.280,30.610,32.620,31.070,28.870,26.350,26.000,27.160,28.360,31.580,32.050
93,白米躉售,軟秈,台南縣,28.790,25.830,28.550,29.480,30.790,29.860,28.250,27.110,26.580,26.780,28.300,31.650,32.310
93,白米躉售,軟秈,屏東縣,28.740,25.940,28.710,29.000,30.770,30.320,29.550,27.500,26.000,26.490,27.780,31.200,31.670
93,白米躉售,軟秈,台中市,30.000,28.920,30.650,30.880,32.910,32.500,30.080,26.760,26.000,26.930,29.050,32.480,32.860
93,白米躉售,軟秈,台南市,28.790,25.830,28.550,29.480,30.790,29.860,28.250,27.110,26.580,26.790,28.300,31.680,32.310
93,白米躉售,軟秈,台北市,30.560,27.610,30.030,30.880,32.720,33.330,31.330,29.940,28.330,28.330,29.300,32.440,32.500
94,白米躉售,軟秈,新北市,31.780,32.500,32.500,32.500,32.500,32.100,30.750,30.000,30.000,30.900,31.670,32.610,33.330
94,白米躉售,軟秈,宜蘭縣,29.990,31.060,30.830,30.830,30.830,30.460,27.830,27.500,29.030,29.730,30.370,30.540,30.830
94,白米躉售,軟秈,桃園市,31.430,32.500,32.500,32.500,32.500,31.260,29.550,29.730,30.830,30.830,31.400,31.670,31.910
94,白米躉售,軟秈,台中縣,31.390,32.860,32.860,32.860,31.950,30.270,30.000,29.270,30.710,30.710,31.230,31.670,32.280
94,白米躉售,軟秈,彰化縣,30.890,32.260,32.200,31.740,31.560,30.400,27.890,29.080,30.000,30.060,30.800,32.120,32.520
94,白米躉售,軟秈,台南縣,30.840,32.570,32.500,32.040,31.670,30.380,28.060,28.320,30.000,30.030,30.630,31.510,32.310
94,白米躉售,軟秈,屏東縣,30.750,31.670,31.670,31.670,31.670,31.560,28.330,29.030,30.000,30.000,30.400,30.830,32.180
94,白米躉售,軟秈,台中市,31.620,32.860,32.860,32.860,32.620,31.110,29.900,29.490,30.710,30.900,31.430,31.860,32.860
94,白米躉售,軟秈,台南市,30.840,32.570,32.500,32.040,31.670,30.380,28.060,28.320,30.000,30.030,30.630,31.510,32.310
94,白米躉售,軟秈,台北市,31.800,32.500,32.500,32.500,32.500,32.260,30.830,30.000,30.000,30.900,31.670,32.610,33.330
95,白米躉售,軟秈,新北市,32.150,33.330,33.330,33.040,32.500,31.880,31.670,31.670,31.670,31.670,31.670,31.670,31.670
95,白米躉售,軟秈,宜蘭縣,29.460,30.780,30.340,30.130,29.020,27.960,27.870,29.490,29.830,29.830,29.660,29.440,29.170
95,白米躉售,軟秈,桃園市,31.330,32.500,32.500,31.990,31.670,31.430,30.830,30.830,30.830,30.830,30.830,30.830,30.830
95,白米躉售,軟秈,台中縣,30.580,32.500,32.350,31.580,30.950,30.190,29.330,30.000,30.000,30.000,30.000,30.000,30.000
95,白米躉售,軟秈,彰化縣,29.880,32.470,31.250,31.180,30.640,29.700,27.830,29.110,29.030,29.700,30.000,29.110,28.510
95,白米躉售,軟秈,台南縣,31.550,31.970,32.290,32.390,31.330,31.330,31.330,31.330,31.330,31.330,31.330,31.330,31.330
95,白米躉售,軟秈,屏東縣,30.810,32.500,32.500,32.280,30.830,30.830,30.720,30.000,30.000,30.000,30.000,30.000,30.000
95,白米躉售,軟秈,台中市,30.690,32.860,32.450,32.140,31.000,30.160,29.650,30.000,30.000,30.000,30.000,30.000,30.000
95,白米躉售,軟秈,台南市,32.200,31.970,32.290,32.450,31.850,31.670,31.640,30.730,31.770,33.000,33.000,33.000,33.000
95,白米躉售,軟秈,台北市,32.150,33.330,33.330,33.040,32.500,31.880,31.670,31.670,31.670,31.670,31.670,31.670,31.670
96,白米躉售,軟秈,新北市,29.760,31.670,31.670,31.560,28.500,28.330,28.330,28.300,27.830,29.180,28.910,31.220,31.670
96,白米躉售,軟秈,宜蘭縣,27.280,29.020,28.090,27.500,27.500,26.080,26.670,26.270,25.650,25.630,26.250,29.270,29.480
96,白米躉售,軟秈,桃園市,28.920,30.830,30.830,30.720,28.430,28.000,28.000,27.550,26.670,26.680,27.800,30.590,30.970
96,白米躉售,軟秈,台中縣,28.670,30.000,30.000,28.570,27.560,28.570,28.030,27.630,27.060,27.180,27.560,30.800,31.100
96,白米躉售,軟秈,彰化縣,28.240,28.340,28.330,28.150,27.230,27.390,27.510,27.290,27.220,26.750,27.470,31.330,31.860
96,白米躉售,軟秈,台南縣,28.840,31.330,31.330,30.970,27.750,27.120,26.770,27.140,26.960,26.980,27.030,31.040,31.600
96,白米躉售,軟秈,屏東縣,29.650,30.000,30.000,29.910,28.670,,,,,,,,
96,白米躉售,軟秈,台中市,29.000,30.000,30.000,28.570,28.570,28.570,28.570,28.130,27.700,28.330,28.440,30.490,30.650
96,白米躉售,軟秈,台南市,29.660,33.000,32.170,31.140,28.200,28.140,28.010,27.730,27.880,27.880,28.010,31.560,32.160
96,白米躉售,軟秈,台北市,30.040,31.670,31.670,31.560,29.390,28.710,28.330,28.300,27.800,29.380,29.260,31.870,32.590
97,白米躉售,軟秈,新北市,34.530,32.410,33.640,34.850,34.850,35.150,35.000,34.580,34.540,34.540,34.540,34.610,35.630
97,白米躉售,軟秈,宜蘭縣,32.400,30.720,32.000,32.680,33.050,33.720,33.900,31.890,30.880,30.910,30.920,32.830,35.320
97,白米躉售,軟秈,桃園市,33.800,32.070,32.820,34.360,34.870,35.040,34.670,34.090,32.890,32.910,32.910,33.350,35.560
97,白米躉售,軟秈,台中縣,33.040,31.920,32.930,34.260,34.030,34.150,33.810,31.730,31.500,31.350,31.460,33.300,36.070
97,白米躉售,軟秈,彰化縣,33.370,32.770,33.580,34.530,34.820,34.530,33.720,31.260,31.610,31.370,31.850,33.840,36.530
97,白米躉售,軟秈,台南縣,32.480,32.180,32.980,33.940,34.840,34.310,31.720,31.340,30.970,30.840,31.130,31.300,34.230
97,白米躉售,軟秈,台中市,33.550,32.070,33.630,34.470,34.470,34.450,33.980,32.380,31.580,32.880,32.380,34.140,36.160
97,白米躉售,軟秈,台南市,32.940,31.840,32.480,34.070,34.160,33.880,33.610,32.810,32.200,31.770,31.770,31.820,34.920
97,白米躉售,軟秈,台北市,34.430,32.920,33.920,35.050,35.170,35.400,35.180,34.610,33.820,33.470,33.620,34.430,35.550
98,白米躉售,軟秈,新北市,35.960,36.080,36.170,36.390,36.560,36.560,36.380,35.880,35.640,35.470,35.560,35.440,35.370
98,白米躉售,軟秈,宜蘭縣,33.790,35.880,36.310,36.090,35.920,36.100,34.920,31.640,31.010,31.910,32.030,31.690,31.980
98,白米躉售,軟秈,桃園市,35.600,35.760,36.980,37.380,37.380,37.380,35.750,35.170,35.170,35.170,34.050,33.500,33.470
98,白米躉售,軟秈,台中縣,34.140,36.280,35.870,36.650,36.510,36.640,33.690,31.600,31.470,32.520,32.590,32.470,33.350
98,白米躉售,軟秈,彰化縣,34.300,36.950,36.890,36.480,36.480,36.300,33.450,31.870,32.060,32.710,32.600,32.440,33.310
98,白米躉售,軟秈,台南縣,34.080,35.620,35.830,35.830,35.980,36.120,34.270,31.940,31.730,32.830,32.830,32.830,33.130
98,白米躉售,軟秈,高雄縣,36.230,,,,,,36.230,,,,,,
98,白米躉售,軟秈,台中市,35.030,36.570,37.230,37.170,37.090,37.550,34.610,32.780,32.580,33.800,33.910,33.400,33.720
98,白米躉售,軟秈,台南市,34.020,35.550,35.550,35.550,35.830,36.060,34.400,32.010,31.710,32.830,32.830,32.830,33.110
98,白米躉售,軟秈,台北市,35.320,36.000,36.070,36.310,36.340,36.340,35.810,34.820,34.640,34.450,34.500,34.270,34.280
99,白米躉售,軟秈,新北市,35.240,35.470,35.900,35.930,35.900,35.740,35.700,35.380,35.350,34.810,34.720,33.990,33.980
99,白米躉售,軟秈,宜蘭縣,30.960,32.940,33.380,32.910,31.870,31.320,30.940,30.360,29.980,30.160,29.860,28.840,28.970
99,白米躉售,軟秈,桃園市,33.400,33.470,33.470,33.880,34.000,34.000,34.000,34.000,33.590,33.090,32.670,32.330,32.330
99,白米躉售,軟秈,台中縣,32.160,34.120,34.390,34.260,33.560,33.500,32.640,31.360,31.060,30.590,30.390,29.500,30.580
99,白米躉售,軟秈,彰化縣,32.300,34.540,34.860,34.430,33.890,33.490,32.620,31.310,31.010,31.090,30.480,29.780,30.090
99,白米躉售,軟秈,台南縣,32.590,34.160,34.610,34.270,34.160,34.030,33.360,32.020,31.800,31.460,30.990,30.150,30.100
99,白米躉售,軟秈,台中市,33.340,34.710,35.420,35.410,34.740,34.400,33.960,32.680,32.280,32.280,31.860,30.950,31.360
99,白米躉售,軟秈,台南市,32.760,34.210,34.640,34.260,34.160,34.160,33.800,32.580,32.140,31.770,31.170,30.150,30.100
99,白米躉售,軟秈,台北市,35.030,35.550,36.230,36.250,36.180,36.000,35.950,35.560,35.480,34.830,34.550,32.090,31.670
100,白米躉售,軟秈,新北市,32.640,33.980,33.980,33.910,31.670,32.240,32.320,32.320,32.320,32.320,32.320,32.320,31.980
100,白米躉售,軟秈,宜蘭縣,31.270,28.520,28.260,28.120,28.490,34.280,32.850,31.740,31.850,32.460,32.880,32.900,32.900
100,白米躉售,軟秈,桃園市,32.140,31.750,30.790,29.890,29.740,32.640,33.470,31.960,32.450,32.940,33.300,33.400,33.340
100,白米躉售,軟秈,彰化縣,32.370,30.560,30.510,30.330,30.730,33.760,32.950,31.990,33.030,33.390,33.520,33.610,34.030
100,白米躉售,軟秈,台中市,32.570,30.960,30.920,30.550,30.510,34.350,33.630,32.360,32.940,33.320,33.820,33.730,33.760
100,白米躉售,軟秈,台南市,32.040,30.100,30.310,30.500,30.500,33.150,33.150,32.190,32.370,32.700,32.970,33.070,33.510
100,白米躉售,軟秈,台北市,31.220,31.670,31.670,31.630,30.420,31.070,31.170,31.170,31.170,31.170,31.170,31.170,31.190
101,白米躉售,軟秈,新北市,33.970,31.670,31.670,31.670,31.670,32.480,33.270,34.000,34.910,34.910,36.330,37.520,37.590
101,白米躉售,軟秈,宜蘭縣,35.660,33.200,33.600,33.610,34.330,34.610,34.420,35.350,37.460,37.870,37.870,37.850,37.750
101,白米躉售,軟秈,桃園市,35.470,33.510,33.640,33.700,34.610,34.490,33.860,35.000,37.440,37.400,37.430,37.320,37.230
101,白米躉售,軟秈,彰化縣,35.680,34.320,34.480,34.540,34.820,34.880,33.810,35.780,37.320,37.420,37.250,36.720,36.760
101,白米躉售,軟秈,南投縣,36.500,,,,,,33.570,35.110,38.410,37.200,37.000,37.070,37.140
101,白米躉售,軟秈,花蓮縣,41.670,,,,,,,,,,,,41.670
101,白米躉售,軟秈,台中市,35.710,34.140,34.070,34.040,34.710,35.220,34.280,35.370,36.900,37.950,37.340,37.300,37.250
101,白米躉售,軟秈,台南市,34.720,33.600,33.600,33.600,34.130,34.940,34.750,34.770,34.810,34.940,35.150,35.850,36.450
101,白米躉售,軟秈,台北市,33.870,31.330,31.330,31.330,31.390,32.140,33.190,34.140,35.000,35.000,36.240,37.540,37.750
102,白米躉售,軟秈,新北市,37.350,37.590,37.590,37.520,37.220,37.220,37.260,37.310,37.300,37.220,37.220,37.220,37.570
102,白米躉售,軟秈,宜蘭縣,36.180,37.430,37.140,36.130,35.300,34.910,34.680,35.400,36.520,36.590,36.590,36.600,36.830
102,白米躉售,軟秈,桃園市,35.910,36.890,36.610,36.420,35.880,35.360,35.210,35.600,35.520,35.550,35.720,35.890,36.250
102,白米躉售,軟秈,彰化縣,36.030,36.700,36.540,35.670,35.040,34.850,35.000,36.050,36.400,36.460,36.450,36.580,36.580
102,白米躉售,軟秈,南投縣,36.730,37.190,37.020,36.430,36.420,36.420,35.760,35.710,36.960,36.810,37.050,37.140,37.790
102,白米躉售,軟秈,台中市,36.480,36.920,36.780,36.510,36.150,35.860,35.620,36.250,36.470,36.840,36.630,36.690,37.000
102,白米躉售,軟秈,台南市,35.010,36.250,36.290,36.050,34.410,34.190,34.360,34.610,34.770,34.780,34.780,34.780,34.850
102,白米躉售,軟秈,台北市,37.880,37.750,37.750,37.720,37.580,37.580,37.790,38.080,38.080,38.080,38.080,38.070,38.000
103,白米躉售,軟秈,新北市,37.610,37.590,37.590,37.590,37.590,37.590,37.590,37.680,37.600,37.590,37.590,37.590,37.680
103,白米躉售,軟秈,宜蘭縣,36.360,37.220,37.390,37.670,37.670,37.670,37.220,36.670,35.100,34.840,34.940,34.940,34.980
103,白米躉售,軟秈,桃園市,36.670,36.560,37.670,37.870,37.580,37.500,37.390,36.280,36.200,36.300,35.880,35.460,35.310
103,白米躉售,軟秈,彰化縣,36.160,36.990,38.030,38.150,37.830,37.340,36.580,34.890,34.840,34.940,34.830,34.760,34.790
103,白米躉售,軟秈,南投縣,36.280,38.570,38.560,38.170,38.040,38.040,37.350,34.630,34.170,34.170,34.360,34.670,34.670
103,白米躉售,軟秈,台中市,37.060,37.320,38.470,38.790,38.590,38.680,37.820,36.360,35.710,35.720,35.750,35.710,35.770
103,白米躉售,軟秈,台南市,35.880,34.910,35.360,36.320,36.460,36.360,35.840,35.430,35.890,36.000,36.000,36.000,36.000
103,白米躉售,軟秈,台北市,37.920,38.000,38.000,38.000,38.000,38.000,38.000,37.830,37.830,37.830,37.830,37.830,37.830
104,白米躉售,軟秈,新北市,37.640,37.600,37.590,37.590,37.590,37.600,37.680,37.680,37.680,37.680,37.680,37.680,37.680
104,白米躉售,軟秈,宜蘭縣,35.170,34.980,35.110,35.440,35.550,35.360,34.700,34.750,35.010,35.090,35.110,35.320,35.590
104,白米躉售,軟秈,桃園市,35.310,35.400,35.420,35.520,35.420,35.290,35.230,35.230,35.210,35.220,35.100,35.090,35.610
104,白米躉售,軟秈,彰化縣,34.890,34.890,34.870,34.980,34.770,34.510,34.320,34.640,34.570,34.740,34.740,34.980,36.680
104,白米躉售,軟秈,南投縣,35.540,35.770,36.070,36.070,35.790,35.600,35.710,35.690,35.000,35.000,35.000,35.000,35.830
104,白米躉售,軟秈,屏東縣,37.000,,37.000,37.000,,,,,,,,,
104,白米躉售,軟秈,台中市,36.070,35.870,35.940,36.050,36.050,36.030,35.750,35.730,35.820,35.880,35.870,36.200,37.600
104,白米躉售,軟秈,台南市,35.870,35.890,36.080,36.080,36.040,35.580,35.080,35.450,35.460,35.440,35.460,36.170,37.660
104,白米躉售,軟秈,台北市,37.930,37.830,37.830,37.880,37.920,37.910,37.830,37.780,37.960,38.050,38.050,38.050,38.050
105,白米躉售,軟秈,新北市,37.930,37.680,37.680,37.680,37.680,37.680,37.680,37.720,37.910,37.960,38.020,38.330,39.160
105,白米躉售,軟秈,宜蘭縣,36.270,36.100,36.130,36.370,36.580,36.670,36.670,36.000,35.630,35.500,35.610,36.390,37.540
105,白米躉售,軟秈,桃園市,35.820,35.820,35.910,35.940,35.940,35.940,35.940,35.520,35.520,35.520,35.520,35.520,36.700
105,白米躉售,軟秈,彰化縣,36.380,37.300,37.390,37.280,36.990,36.610,36.210,35.240,34.680,34.820,35.280,36.330,38.390
105,白米躉售,軟秈,南投縣,36.890,37.120,38.330,38.330,38.330,37.530,37.500,37.500,34.170,34.170,35.000,35.530,39.140
105,白米躉售,軟秈,台中市,37.420,38.040,38.040,38.150,38.350,37.050,38.180,36.700,35.970,35.970,36.150,37.520,38.880
105,白米躉售,軟秈,台南市,37.080,38.170,38.120,37.500,37.500,37.450,36.960,35.320,35.280,35.280,37.040,38.030,38.330
105,白米躉售,軟秈,台北市,38.280,38.050,38.090,38.220,38.270,38.270,38.270,38.210,38.370,38.370,38.370,38.370,38.470
106,白米躉售,軟秈,新北市,40.200,39.310,39.350,39.470,39.500,39.500,39.540,40.330,40.740,41.100,41.100,41.210,41.270
106,白米躉售,軟秈,宜蘭縣,38.490,37.830,37.920,37.920,37.920,37.860,37.280,37.500,37.500,39.480,40.550,40.080,40.000
106,白米躉售,軟秈,桃園市,37.290,37.400,37.040,36.550,36.360,36.360,36.360,36.760,38.130,38.130,38.140,38.100,38.100
106,白米躉售,軟秈,彰化縣,38.320,38.680,38.660,37.980,37.080,36.950,36.470,37.110,39.110,39.670,39.650,39.360,39.150
106,白米躉售,軟秈,南投縣,38.970,39.170,39.020,38.330,38.330,38.330,38.080,36.800,39.630,40.000,40.000,40.000,40.000
106,白米躉售,軟秈,台中市,39.650,39.400,39.910,39.740,38.700,38.180,38.040,38.950,40.370,40.750,40.750,40.580,40.420
106,白米躉售,軟秈,台南市,38.680,38.330,38.330,37.950,37.410,36.680,36.410,37.920,40.300,40.550,40.550,39.720,39.960
106,白米躉售,軟秈,台北市,39.870,38.650,38.690,38.720,38.720,38.720,38.740,39.620,40.940,41.290,41.290,41.420,41.600
107,白米躉售,軟秈,新北市,41.760,41.350,41.680,41.680,41.680,41.680,41.680,41.790,42.190,42.190,42.130,41.810,41.300
107,白米躉售,軟秈,宜蘭縣,38.350,40.000,40.150,40.280,40.390,41.150,41.020,40.280,35.620,35.390,35.310,35.280,35.280
107,白米躉售,軟秈,桃園市,37.210,38.120,38.310,38.310,38.310,38.310,38.310,38.310,38.310,35.300,35.000,34.960,34.930
107,白米躉售,軟秈,彰化縣,37.020,38.940,38.840,38.930,38.950,38.980,38.520,36.890,35.490,34.880,34.790,34.550,34.530
107,白米躉售,軟秈,南投縣,37.300,40.000,40.000,40.000,40.000,40.000,40.000,40.000,34.250,33.330,33.330,33.330,33.330
107,白米躉售,軟秈,台中市,38.830,40.360,40.360,40.300,40.300,40.450,40.030,39.630,37.830,36.970,36.830,36.390,36.450
107,白米躉售,軟秈,台南市,37.890,40.000,39.930,39.720,39.980,40.970,39.280,36.720,35.940,35.840,35.840,35.750,34.680
107,白米躉售,軟秈,台北市,41.890,41.860,42.080,42.080,42.080,42.080,42.080,42.130,42.260,42.120,41.700,41.400,40.850
108,白米躉售,軟秈,新北市,39.040,40.600,40.280,40.110,39.630,39.100,38.940,38.620,38.240,38.240,38.240,38.240,38.240
108,白米躉售,軟秈,宜蘭縣,32.680,35.280,35.280,33.900,33.330,33.330,33.040,30.980,31.020,31.680,31.450,31.440,31.440
108,白米躉售,軟秈,桃園市,33.880,34.820,34.770,34.060,33.800,33.800,33.800,33.800,33.150,33.060,33.060,33.740,34.670
108,白米躉售,軟秈,彰化縣,31.900,34.140,34.040,33.290,32.260,32.160,32.040,30.310,30.830,31.310,31.160,30.620,30.640
108,白米躉售,軟秈,南投縣,31.460,33.330,33.330,33.330,33.330,32.100,31.670,30.480,30.000,30.000,30.000,30.000,30.000
108,白米躉售,軟秈,台中市,33.720,35.760,35.870,35.680,35.570,33.360,32.540,32.450,32.810,32.580,32.630,32.600,32.730
108,白米躉售,軟秈,台南市,32.100,34.170,34.170,34.030,33.170,32.500,31.790,30.470,30.730,30.840,30.850,31.250,31.250
108,白米躉售,軟秈,台北市,39.270,40.630,40.460,40.090,39.580,39.490,39.360,38.880,38.560,38.560,38.560,38.560,38.560
109,白米躉售,軟秈,新北市,38.350,38.240,38.240,38.240,38.300,38.520,38.330,38.330,38.330,38.330,38.330,38.330,38.630
109,白米躉售,軟秈,宜蘭縣,35.440,31.440,31.390,31.700,34.200,35.280,35.300,36.110,36.110,37.410,38.740,38.500,39.080
109,白米躉售,軟秈,桃園市,34.450,34.170,34.170,34.170,33.740,34.520,33.480,33.700,33.750,34.060,34.350,36.670,36.600
109,白米躉售,軟秈,彰化縣,34.860,30.820,30.920,32.220,33.940,34.230,33.810,36.750,37.780,37.110,36.840,36.610,37.300
109,白米躉售,軟秈,南投縣,34.790,30.000,30.000,31.640,33.780,34.170,33.330,36.830,37.730,37.500,37.500,37.500,37.500
109,白米躉售,軟秈,台中市,36.970,32.840,32.860,34.160,35.820,36.760,35.390,39.200,40.360,39.120,38.900,38.650,39.580
109,白米躉售,軟秈,台南市,35.960,31.250,31.050,32.550,34.710,34.830,33.880,38.510,40.080,38.630,38.100,38.080,39.810
109,白米躉售,軟秈,台北市,38.780,38.560,38.560,38.560,38.510,38.670,38.610,38.690,39.070,39.070,39.030,38.980,39.030
110,白米躉售,軟秈,新北市,40.070,39.020,39.110,39.370,39.480,39.470,39.330,40.130,40.960,40.980,40.980,40.980,40.980
110,白米躉售,軟秈,宜蘭縣,39.040,39.450,41.390,41.390,41.390,40.090,40.000,40.000,37.820,37.000,36.670,36.600,36.640
110,白米躉售,軟秈,桃園市,36.750,36.090,36.960,37.290,35.810,36.230,37.570,37.470,37.190,36.730,36.560,36.560,36.560
110,白米躉售,軟秈,彰化縣,37.460,37.990,39.360,39.920,39.550,39.280,38.640,37.350,35.360,35.500,35.500,35.500,35.540
110,白米躉售,軟秈,南投縣,37.030,37.500,37.500,38.690,39.170,39.360,39.450,37.690,35.000,35.000,35.000,35.000,35.000
110,白米躉售,軟秈,台中市,40.090,40.280,41.980,42.220,42.210,41.500,40.960,40.280,38.660,38.210,38.100,38.160,38.480
110,白米躉售,軟秈,台南市,38.690,40.310,41.670,41.870,40.830,40.190,39.880,38.330,36.250,36.250,36.250,36.250,36.250
110,白米躉售,軟秈,台北市,39.690,39.100,39.320,39.440,39.440,39.350,39.500,40.410,40.100,39.920,39.910,39.900,39.900
111,白米躉售,軟秈,新北市,41.440,41.510,41.520,41.520,41.530,41.660,41.560,41.350,41.330,41.330,41.330,41.330,41.310
111,白米躉售,軟秈,宜蘭縣,36.130,36.950,36.950,36.950,36.950,37.130,36.760,36.220,35.280,35.140,35.000,35.110,35.110
111,白米躉售,軟秈,桃園市,36.400,36.560,36.560,36.560,36.600,36.870,36.770,36.560,36.340,36.060,35.830,35.900,36.190
111,白米躉售,軟秈,彰化縣,34.550,35.540,35.000,35.000,35.200,35.480,35.880,34.280,33.660,33.660,33.630,33.630,33.670
111,白米躉售,軟秈,南投縣,34.600,35.000,35.000,35.000,35.000,35.000,35.000,34.330,34.170,34.170,34.170,34.170,34.170
111,白米躉售,軟秈,台中市,38.730,38.800,38.920,38.990,39.330,39.140,39.040,38.840,38.430,38.320,38.320,38.320,38.250
111,白米躉售,軟秈,台南市,35.400,36.310,36.420,36.250,36.690,37.810,37.040,34.500,33.590,33.670,33.750,34.150,34.670
111,白米躉售,軟秈,台北市,40.450,39.730,39.730,40.830,40.620,40.500,40.620,40.560,40.560,40.560,40.560,40.560,40.560
112,白米躉售,軟秈,新北市,41.340,41.340,41.390,41.390,41.430,41.460,41.340,41.220,41.220,41.250,41.310,41.310,41.450
112,白米躉售,軟秈,宜蘭縣,35.580,35.110,35.110,35.120,35.160,35.160,35.160,35.200,35.270,35.270,35.270,36.030,39.090
112,白米躉售,軟秈,桃園市,36.510,36.190,36.190,36.190,36.190,36.190,36.380,36.460,36.670,36.760,36.940,36.940,37.050
112,白米躉售,軟秈,彰化縣,35.770,33.840,33.840,34.160,35.320,35.420,35.420,35.560,35.960,36.690,36.870,37.600,38.550
112,白米躉售,軟秈,南投縣,34.170,34.170,34.170,34.170,34.170,34.170,34.170,34.170,,,,,
112,白米躉售,軟秈,新竹市,46.230,45.830,46.190,46.670,,,,,,,,,
112,白米躉售,軟秈,台中市,38.180,38.310,38.410,38.500,38.080,38.370,37.620,37.420,37.530,37.890,38.110,38.310,39.660
112,白米躉售,軟秈,台南市,36.240,35.240,35.670,36.000,36.660,36.840,36.130,36.040,36.290,36.460,36.500,36.500,36.500
112,白米躉售,軟秈,台北市,40.380,40.560,40.560,40.630,40.630,40.630,40.210,39.790,39.790,39.900,40.280,40.470,41.110
113,白米躉售,軟秈,新北市,42.700,42.280,42.350,42.200,42.200,42.150,42.030,41.940,42.190,42.790,43.210,44.180,44.880
113,白米躉售,軟秈,宜蘭縣,40.000,39.090,39.090,39.500,40.000,40.000,38.540,37.100,40.400,40.830,40.830,41.690,42.920
113,白米躉售,軟秈,桃園市,38.640,37.640,37.770,37.640,37.640,37.640,37.640,37.530,38.740,40.210,40.210,40.350,40.710
113,白米躉售,軟秈,彰化縣,38.740,38.560,38.360,38.500,38.490,36.440,34.900,36.940,39.290,40.410,40.550,40.850,41.640
113,白米躉售,軟秈,台中市,40.160,40.330,40.560,40.530,40.420,40.390,39.430,39.360,38.900,39.440,40.140,40.470,41.920
113,白米躉售,軟秈,台南市,37.820,36.500,36.500,36.500,37.010,38.420,38.420,38.420,38.420,38.420,38.420,38.420,38.350
113,白米躉售,軟秈,台北市,42.560,41.840,41.920,41.920,41.920,41.920,41.810,41.510,41.940,42.770,43.250,44.800,45.060
114,白米躉售,軟秈,新北市,48.930,45.450,45.690,46.170,46.530,47.000,47.770,49.070,50.610,51.620,52.210,52.330,52.680
114,白米躉售,軟秈,宜蘭縣,42.920,42.920,42.920,42.920,42.920,42.920,42.920,42.920,42.920,42.920,42.920,42.920,42.920
114,白米躉售,軟秈,桃園市,46.350,40.830,41.570,43.130,43.130,44.520,45.830,47.630,48.270,49.170,49.770,51.060,51.250
114,白米躉售,軟秈,彰化縣,45.640,41.810,41.980,42.510,42.840,43.210,44.510,46.040,48.510,48.580,49.180,49.270,49.270
114,白米躉售,軟秈,南投縣,48.330,,,,,,,,,,,,48.330
114,白米躉售,軟秈,台中市,48.070,43.670,44.040,45.510,46.050,46.270,46.780,49.590,50.460,51.200,51.130,51.130,50.980
114,白米躉售,軟秈,台南市,38.330,38.330,38.330,38.330,38.330,,,,,,,,
114,白米躉售,軟秈,台北市,48.710,46.070,46.170,46.000,47.210,48.250,48.490,49.640,49.660,49.890,50.710,50.770,51.670
114,白米躉售,軟秈,高雄市,42.000,,,,,,,,,,,,42.000
115,白米躉售,軟秈,新北市,51.690,52.760,52.760,52.950,53.240,52.990,51.430,48.900,48.500,,,,
115,白米躉售,軟秈,宜蘭縣,42.920,42.920,42.920,42.920,42.920,42.920,42.920,42.920,42.920,,,,
115,白米躉售,軟秈,桃園市,48.380,50.910,50.420,50.420,50.420,50.420,49.060,44.570,40.850,,,,
115,白米躉售,軟秈,彰化縣,45.370,48.980,48.690,48.460,48.130,45.970,42.960,41.030,38.730,,,,
115,白米躉售,軟秈,南投縣,48.650,48.980,50.000,48.550,48.330,48.330,48.330,48.330,48.330,,,,
115,白米躉售,軟秈,雲林縣,31.530,,,,,,,36.390,26.670,,,,
115,白米躉售,軟秈,台中市,50.460,50.490,50.560,50.970,50.920,50.180,50.180,50.180,50.180,,,,
115,白米躉售,軟秈,台北市,53.260,52.640,54.170,54.120,53.960,53.960,52.940,52.500,51.790,,,,
115,白米躉售,軟秈,高雄市,42.000,42.000,42.000,42.000,42.000,42.000,42.000,42.000,42.000,,,,
82,白米躉售,圓糯,新北市,34.140,30.830,30.830,30.830,30.830,30.830,32.940,31.670,33.010,35.000,38.200,43.150,41.540
82,白米躉售,圓糯,宜蘭縣,32.850,30.000,28.660,29.170,29.830,30.000,30.920,30.670,32.420,33.330,35.540,41.750,41.880
82,白米躉售,圓糯,桃園市,34.500,31.670,31.710,31.830,31.830,31.820,32.080,32.210,33.330,33.930,37.920,43.410,42.240
82,白米躉售,圓糯,苗栗縣,33.880,30.830,30.830,30.830,30.830,30.510,30.530,31.020,34.410,34.280,36.940,43.580,41.960
82,白米躉售,圓糯,台中縣,33.960,31.430,31.430,31.430,31.430,31.430,31.720,30.740,32.600,33.570,36.240,42.720,42.720
82,白米躉售,圓糯,彰化縣,32.610,30.000,30.000,30.000,30.000,30.000,30.000,30.000,30.970,31.430,35.550,41.690,41.640
82,白米躉售,圓糯,雲林縣,32.400,30.340,30.410,31.040,30.340,30.340,28.870,28.980,31.900,32.340,35.130,40.120,38.980
82,白米躉售,圓糯,嘉義縣,32.940,31.150,31.000,31.000,31.000,31.000,29.010,29.140,31.110,31.500,35.510,42.310,41.590
82,白米躉售,圓糯,台南縣,32.090,29.170,29.170,29.170,29.170,29.170,29.170,29.170,31.040,31.900,34.070,42.090,41.790
82,白米躉售,圓糯,屏東縣,32.770,29.710,29.710,29.710,29.710,29.710,29.710,29.800,31.200,33.330,34.550,42.800,43.240
82,白米躉售,圓糯,台東縣,31.850,28.330,28.420,28.980,28.980,28.980,33.000,29.680,31.250,31.430,33.290,39.490,40.330
82,白米躉售,圓糯,花蓮縣,32.310,28.670,28.560,28.790,29.170,29.170,31.360,29.140,31.720,32.500,33.470,42.550,42.580
82,白米躉售,圓糯,基隆市,34.120,30.830,30.830,30.830,30.830,30.830,32.890,31.670,33.010,35.000,38.040,43.090,41.640
82,白米躉售,圓糯,台中市,34.260,31.430,31.430,31.430,31.430,31.430,32.430,31.430,32.930,34.290,36.330,43.740,42.810
82,白米躉售,圓糯,嘉義市,32.940,31.150,31.000,31.000,31.000,31.000,29.010,29.140,31.110,31.500,35.510,42.310,41.590
82,白米躉售,圓糯,台南市,32.520,29.170,29.530,29.540,29.540,29.540,29.540,30.450,31.840,32.380,34.540,42.270,41.900
82,白米躉售,圓糯,台北市,34.140,30.830,30.830,30.830,30.830,30.830,32.940,31.670,33.010,35.000,38.200,43.150,41.540
82,白米躉售,圓糯,高雄市,34.110,31.450,31.150,31.150,31.150,31.150,32.920,31.230,32.300,32.940,36.820,44.470,42.590
83,白米躉售,圓糯,新北市,39.240,42.000,42.850,44.350,46.690,44.570,37.110,34.490,36.970,36.280,34.340,35.800,35.410
83,白米躉售,圓糯,宜蘭縣,39.060,42.290,43.330,44.460,45.830,44.650,37.610,34.080,35.780,34.780,33.330,36.560,35.970
83,白米躉售,圓糯,桃園市,39.750,42.210,42.070,45.490,48.090,44.390,38.420,34.410,37.900,36.430,35.230,37.070,35.300
83,白米躉售,圓糯,苗栗縣,39.240,42.040,42.500,44.220,46.050,44.090,36.660,35.190,38.040,36.450,34.410,36.420,34.810
83,白米躉售,圓糯,台中縣,39.800,41.870,42.860,45.070,46.190,45.900,38.560,35.160,36.400,36.690,34.790,36.950,37.140
83,白米躉售,圓糯,彰化縣,39.780,42.070,42.140,46.450,46.620,45.900,40.290,36.220,37.140,35.620,32.790,36.090,35.990
83,白米躉售,圓糯,雲林縣,36.960,39.810,39.810,44.650,46.020,42.620,32.800,32.550,35.360,33.750,31.610,32.760,31.780
83,白米躉售,圓糯,嘉義縣,37.860,41.890,42.000,42.000,46.560,42.850,36.420,32.500,36.990,34.640,32.020,34.010,32.490
83,白米躉售,圓糯,台南縣,38.460,41.930,43.590,45.320,46.140,44.870,36.220,33.820,34.500,35.110,32.670,35.220,32.140
83,白米躉售,圓糯,屏東縣,39.120,43.240,44.470,44.930,45.510,43.990,36.610,34.780,35.020,35.510,33.530,35.800,36.050
83,白米躉售,圓糯,台東縣,37.950,40.330,40.330,40.940,45.360,44.790,37.460,33.330,34.730,36.100,33.660,34.780,33.600
83,白米躉售,圓糯,花蓮縣,38.040,41.670,41.670,43.170,44.500,45.460,38.670,32.310,34.520,34.940,32.660,34.670,32.260
83,白米躉售,圓糯,基隆市,39.140,41.960,42.850,44.380,46.940,44.520,36.920,34.490,36.670,35.470,34.300,35.420,35.700
83,白米躉售,圓糯,台中市,40.130,42.050,42.860,45.070,46.900,47.140,39.670,35.160,36.400,36.380,35.710,37.040,37.140
83,白米躉售,圓糯,嘉義市,37.840,41.890,42.000,42.000,46.320,42.850,36.420,32.500,36.990,34.640,32.020,34.010,32.490
83,白米躉售,圓糯,台南市,38.500,42.020,43.610,45.330,46.260,45.110,36.220,33.820,34.500,35.110,32.670,35.220,32.140
83,白米躉售,圓糯,台北市,39.240,41.960,42.850,44.350,46.690,44.570,37.110,34.490,37.020,36.280,34.340,35.800,35.410
83,白米躉售,圓糯,高雄市,40.250,44.200,45.010,46.280,47.770,43.950,37.630,34.400,36.700,36.910,34.780,37.680,37.680
84,白米躉售,圓糯,新北市,33.610,34.370,34.510,35.000,38.280,38.670,30.910,30.480,32.470,32.620,31.690,31.890,32.400
84,白米躉售,圓糯,宜蘭縣,33.350,34.420,34.170,34.410,38.280,38.500,31.690,30.830,31.670,31.670,31.670,31.670,31.160
84,白米躉售,圓糯,桃園市,33.550,35.170,35.170,35.170,37.830,38.570,30.920,30.130,32.340,32.280,31.670,31.670,31.670
84,白米躉售,圓糯,苗栗縣,33.120,34.170,34.060,34.250,37.700,38.040,30.410,30.670,31.670,31.670,31.480,31.670,31.670
84,白米躉售,圓糯,台中縣,33.210,34.760,34.290,34.290,38.510,38.530,30.000,30.140,31.840,31.860,31.450,31.430,31.430
84,白米躉售,圓糯,彰化縣,33.160,35.020,33.730,34.290,40.140,37.970,29.860,30.270,31.670,31.310,30.830,31.430,31.430
84,白米躉售,圓糯,雲林縣,31.230,30.960,31.690,33.390,37.770,33.740,26.950,28.990,31.260,30.350,28.960,30.130,30.570
84,白米躉售,圓糯,嘉義縣,31.540,31.410,32.360,32.720,38.380,35.780,27.720,28.380,30.800,31.660,29.330,29.940,30.000
84,白米躉售,圓糯,台南縣,32.340,31.670,32.430,35.250,39.760,37.970,28.050,28.330,30.940,31.670,30.160,30.190,31.670
84,白米躉售,圓糯,高雄縣,30.430,,,,,,,30.430,,,,,
84,白米躉售,圓糯,屏東縣,33.190,35.800,35.880,36.670,38.730,38.540,29.520,29.100,31.500,30.950,30.000,30.660,30.960
84,白米躉售,圓糯,台東縣,32.330,31.670,31.670,32.360,37.630,37.710,30.500,30.130,32.290,32.330,30.520,30.340,30.750
84,白米躉售,圓糯,花蓮縣,32.370,30.420,31.380,31.670,38.640,37.590,32.280,31.670,32.150,32.500,30.080,30.000,30.000
84,白米躉售,圓糯,基隆市,33.730,35.000,35.000,35.000,37.920,38.930,31.550,30.400,32.410,32.660,31.700,31.860,32.370
84,白米躉售,圓糯,台中市,33.680,35.470,35.710,35.710,38.950,38.850,30.240,30.140,31.840,32.400,31.500,31.430,31.910
84,白米躉售,圓糯,嘉義市,31.540,31.410,32.360,32.720,38.380,35.780,27.720,28.380,30.800,31.660,29.330,29.940,30.000
84,白米躉售,圓糯,台南市,32.300,31.670,32.430,34.880,39.650,37.970,28.050,28.330,30.910,31.670,30.160,30.190,31.670
84,白米躉售,圓糯,台北市,33.610,34.370,34.510,35.000,38.280,38.670,30.910,30.480,32.470,32.620,31.690,31.890,32.400
84,白米躉售,圓糯,高雄市,33.380,34.590,34.810,35.500,39.030,38.220,28.990,30.240,31.880,31.880,31.650,31.880,31.880
85,白米躉售,圓糯,新北市,34.960,33.110,32.740,32.600,32.690,32.060,32.300,33.190,37.110,38.290,37.470,38.240,39.710
85,白米躉售,圓糯,宜蘭縣,34.440,31.670,31.670,31.670,31.670,31.670,31.970,31.940,36.580,38.330,37.550,38.950,39.650
85,白米躉售,圓糯,桃園市,34.580,32.310,32.500,32.500,32.750,31.970,31.650,32.020,36.660,37.750,37.140,38.330,39.350
85,白米躉售,圓糯,苗栗縣,34.630,32.260,32.500,32.500,32.280,31.670,32.220,32.550,36.770,37.970,37.310,38.220,39.330
85,白米躉售,圓糯,台中縣,34.320,31.930,32.140,32.140,32.140,31.830,32.070,31.750,36.440,37.810,37.140,37.140,39.250
85,白米躉售,圓糯,彰化縣,34.040,31.750,31.670,32.250,31.700,31.430,31.750,31.670,36.510,36.000,36.460,38.280,39.000
85,白米躉售,圓糯,雲林縣,33.050,31.330,31.480,31.090,31.090,30.450,30.580,31.980,34.620,36.070,34.340,35.240,38.360
85,白米躉售,圓糯,嘉義縣,32.690,30.220,30.430,30.430,30.430,30.100,30.000,31.320,35.880,36.050,35.000,35.080,37.370
85,白米躉售,圓糯,台南縣,33.460,31.670,31.190,30.320,30.830,30.830,30.830,31.290,35.160,37.220,36.050,37.500,38.630
85,白米躉售,圓糯,屏東縣,33.630,31.640,31.880,31.880,31.880,31.550,31.400,31.880,33.700,36.520,36.230,37.380,37.560
85,白米躉售,圓糯,台東縣,33.390,31.100,31.590,30.830,31.310,31.000,31.260,31.880,35.540,36.310,35.830,36.530,37.530
85,白米躉售,圓糯,花蓮縣,34.750,30.900,31.130,32.310,34.990,36.200,36.200,36.200,35.830,33.890,33.330,37.830,38.170
85,白米躉售,圓糯,基隆市,34.910,33.070,32.780,32.590,32.620,32.110,32.220,33.160,36.900,38.290,37.490,38.240,39.420
85,白米躉售,圓糯,台中市,34.560,32.140,32.140,32.140,32.140,31.950,32.070,32.500,36.530,38.070,37.860,37.860,39.350
85,白米躉售,圓糯,嘉義市,32.690,30.220,30.430,30.430,30.430,30.100,30.000,31.320,35.880,36.050,35.000,35.080,37.370
85,白米躉售,圓糯,台南市,33.590,31.670,31.670,31.340,30.830,30.830,30.830,31.290,35.160,37.220,36.050,37.500,38.630
85,白米躉售,圓糯,台北市,34.950,33.110,32.740,32.600,32.590,32.060,32.300,33.190,37.110,38.290,37.470,38.240,39.710
85,白米躉售,圓糯,高雄市,34.390,33.100,33.050,31.880,31.880,31.620,31.640,31.880,36.690,37.540,37.030,37.680,38.710
86,白米躉售,圓糯,新北市,39.230,42.440,44.290,46.190,44.920,42.910,34.250,34.430,35.830,35.830,36.290,36.670,36.670
86,白米躉售,圓糯,宜蘭縣,38.390,42.980,43.330,45.970,44.530,42.470,33.780,33.740,35.000,35.000,33.760,34.470,35.700
86,白米躉售,圓糯,桃園市,38.730,42.020,43.650,46.260,44.970,42.470,34.580,34.060,35.290,35.000,35.390,35.500,35.550
86,白米躉售,圓糯,苗栗縣,38.340,41.590,42.660,44.410,44.720,42.470,34.110,33.900,35.670,34.610,34.650,35.580,35.670
86,白米躉售,圓糯,台中縣,38.020,40.080,42.500,44.680,44.530,42.760,33.140,32.670,35.000,35.000,35.000,35.170,35.710
86,白米躉售,圓糯,彰化縣,38.070,40.350,41.230,45.000,44.720,41.010,33.920,34.330,35.080,34.810,34.710,35.830,35.830
86,白米躉售,圓糯,雲林縣,36.430,41.340,42.280,45.180,43.280,36.430,29.700,32.830,34.000,32.860,32.180,34.040,33.020
86,白米躉售,圓糯,嘉義縣,36.280,39.990,41.300,41.980,42.030,39.930,30.990,32.230,34.270,32.500,32.890,33.890,33.360
86,白米躉售,圓糯,台南縣,36.880,40.460,41.670,42.450,42.500,39.170,30.670,33.410,35.000,34.780,33.500,34.720,34.170
86,白米躉售,圓糯,屏東縣,37.520,39.800,41.590,41.990,41.830,38.830,35.470,33.990,35.130,34.690,34.310,36.230,36.330
86,白米躉售,圓糯,台東縣,37.560,39.410,40.240,44.030,44.720,41.210,33.250,33.570,34.890,34.170,34.380,35.210,35.670
86,白米躉售,圓糯,花蓮縣,38.280,40.220,41.670,44.060,45.720,43.740,35.360,31.880,36.670,35.060,35.000,35.000,35.000
86,白米躉售,圓糯,基隆市,39.170,42.090,44.130,46.080,45.090,43.240,35.360,33.570,35.830,35.830,35.830,36.330,36.670
86,白米躉售,圓糯,台中市,38.180,40.080,42.500,44.680,44.530,42.920,33.670,33.010,35.000,35.000,35.000,35.330,36.420
86,白米躉售,圓糯,嘉義市,36.280,39.990,41.300,41.980,42.030,39.930,30.990,32.230,34.270,32.500,32.890,33.890,33.360
86,白米躉售,圓糯,台南市,36.880,40.460,41.670,42.450,42.500,39.170,30.670,33.410,35.000,34.780,33.500,34.720,34.170
86,白米躉售,圓糯,台北市,39.130,42.440,44.290,46.190,44.920,42.910,34.280,34.430,35.830,35.830,35.830,36.320,36.290
86,白米躉售,圓糯,高雄市,38.160,41.850,43.300,44.460,45.070,41.750,33.330,33.210,35.000,35.000,35.000,35.000,35.000
87,白米躉售,圓糯,新北市,32.970,36.060,36.500,36.670,36.610,33.890,29.190,29.760,30.000,30.000,30.590,32.400,34.020
87,白米躉售,圓糯,宜蘭縣,31.380,35.000,35.000,34.250,34.170,32.900,29.140,28.330,28.440,29.170,29.170,29.830,31.130
87,白米躉售,圓糯,桃園市,31.680,35.000,34.340,34.170,34.170,32.020,28.670,29.250,29.500,29.340,29.020,31.630,33.090
87,白米躉售,圓糯,苗栗縣,31.570,34.170,34.670,34.170,33.890,31.130,27.500,28.280,29.870,30.000,30.000,31.860,33.330
87,白米躉售,圓糯,台中縣,31.720,35.710,35.710,35.710,35.710,33.910,27.140,27.140,28.430,28.570,28.570,30.900,33.180
87,白米躉售,圓糯,彰化縣,31.920,35.130,35.000,35.000,35.000,31.770,28.470,29.460,30.000,30.000,29.630,31.170,32.460
87,白米躉售,圓糯,雲林縣,30.010,32.650,32.700,32.840,32.790,29.490,25.740,27.580,28.670,27.860,27.690,30.470,31.670
87,白米躉售,圓糯,嘉義縣,30.070,32.600,32.600,32.600,32.600,29.740,25.810,27.740,28.480,28.250,27.910,30.840,31.670
87,白米躉售,圓糯,台南縣,30.250,34.170,34.170,33.980,32.500,29.000,25.250,27.370,28.060,27.970,28.090,30.670,31.750
87,白米躉售,圓糯,屏東縣,31.880,34.930,35.490,35.800,35.800,33.820,28.600,27.530,28.840,28.760,28.480,31.230,33.330
87,白米躉售,圓糯,台東縣,31.250,35.000,35.000,35.000,35.000,32.560,28.050,27.170,28.520,28.400,28.350,29.860,32.140
87,白米躉售,圓糯,花蓮縣,31.030,35.000,35.000,33.580,32.750,31.690,28.330,28.330,28.330,28.330,28.330,29.330,33.330
87,白米躉售,圓糯,基隆市,33.530,36.670,36.670,36.670,36.670,35.220,30.780,30.000,30.000,30.000,31.050,33.580,35.000
87,白米躉售,圓糯,台中市,32.270,36.420,36.420,36.420,36.420,34.650,28.570,28.570,28.570,28.570,28.570,30.900,33.180
87,白米躉售,圓糯,嘉義市,30.070,32.600,32.600,32.600,32.600,29.740,25.810,27.740,28.480,28.250,27.910,30.880,31.670
87,白米躉售,圓糯,台南市,30.400,34.170,34.170,33.980,32.500,29.760,26.250,27.370,28.060,27.970,28.090,30.670,31.750
87,白米躉售,圓糯,台北市,32.690,35.830,35.830,35.830,35.190,33.580,29.190,29.760,30.000,30.000,30.590,32.400,34.020
87,白米躉售,圓糯,高雄市,30.920,35.000,35.000,35.000,35.000,31.920,25.330,26.180,27.810,29.000,29.000,30.160,31.670
88,白米躉售,圓糯,新北市,34.750,34.650,35.000,34.840,33.830,32.870,32.500,32.770,34.030,34.200,34.810,37.470,40.000
88,白米躉售,圓糯,宜蘭縣,33.960,32.660,33.330,33.330,33.330,32.960,32.500,32.500,33.630,34.170,34.170,36.610,38.330
88,白米躉售,圓糯,桃園市,33.850,33.330,33.330,33.330,32.910,32.830,32.830,32.890,33.330,33.330,33.330,36.470,38.330
88,白米躉售,圓糯,苗栗縣,34.130,33.870,34.160,33.730,33.250,32.150,31.670,32.580,34.680,34.890,33.630,36.670,38.330
88,白米躉售,圓糯,台中縣,33.200,33.110,33.570,33.570,33.000,32.860,31.680,30.410,32.140,32.140,32.060,36.400,37.430
88,白米躉售,圓糯,彰化縣,33.340,33.060,33.330,33.330,32.110,31.180,31.670,31.830,33.250,34.170,33.470,36.060,36.670
88,白米躉售,圓糯,雲林縣,32.340,31.670,31.670,31.670,31.140,31.000,30.550,31.650,33.010,32.120,31.570,35.310,36.670
88,白米躉售,圓糯,嘉義縣,32.330,31.800,32.500,32.380,31.880,31.880,31.090,31.000,31.000,31.150,32.500,34.160,36.660
88,白米躉售,圓糯,台南縣,32.880,32.500,32.500,32.500,32.470,31.180,30.830,31.230,33.330,33.330,32.660,35.330,36.670
88,白米躉售,圓糯,高雄縣,36.390,,,,,,,,,,,36.110,36.670
88,白米躉售,圓糯,屏東縣,33.290,33.330,33.330,33.330,33.330,32.390,30.860,32.420,32.170,31.650,33.170,35.960,37.490
88,白米躉售,圓糯,台東縣,33.650,34.030,35.000,34.620,33.110,31.770,31.660,31.660,32.170,32.500,32.610,36.280,38.330
88,白米躉售,圓糯,花蓮縣,33.270,33.710,35.000,34.460,31.670,31.670,31.170,30.650,33.150,32.610,33.330,35.170,36.670
88,白米躉售,圓糯,基隆市,36.380,35.270,36.160,35.830,35.830,35.720,35.000,35.430,35.830,35.830,35.830,38.970,40.830
88,白米躉售,圓糯,台中市,33.230,33.110,33.570,33.570,33.000,32.860,31.680,30.410,32.140,32.140,32.140,36.210,37.910
88,白米躉售,圓糯,嘉義市,32.330,31.800,32.500,32.380,31.880,31.880,31.090,31.000,31.000,31.150,32.500,34.160,36.660
88,白米躉售,圓糯,台南市,32.870,32.500,32.500,32.500,32.470,31.180,30.830,31.230,33.330,33.330,32.660,35.280,36.670
88,白米躉售,圓糯,台北市,34.750,34.650,35.000,34.840,33.830,32.870,32.500,32.770,34.030,34.200,34.810,37.470,40.000
88,白米躉售,圓糯,高雄市,32.360,31.670,31.670,31.670,31.670,31.670,31.670,31.670,31.670,31.670,31.670,34.900,36.670
89,白米躉售,圓糯,新北市,44.970,45.890,50.600,52.500,61.470,65.920,41.940,38.330,37.370,36.670,36.670,35.670,36.620
89,白米躉售,圓糯,宜蘭縣,44.440,43.780,47.820,51.400,61.830,68.230,40.910,37.380,36.790,36.300,35.710,35.740,37.410
89,白米躉售,圓糯,桃園市,43.960,44.790,49.020,52.500,60.720,65.710,39.390,38.330,37.370,35.220,35.310,33.870,35.320
89,白米躉售,圓糯,新竹縣,36.940,,,,,,41.000,38.330,37.580,36.500,35.830,34.910,34.420
89,白米躉售,圓糯,苗栗縣,43.920,43.600,48.450,51.670,57.610,65.270,41.390,38.330,37.630,36.390,35.920,34.820,35.990
89,白米躉售,圓糯,台中縣,43.710,43.890,50.370,51.380,60.520,66.310,39.140,36.760,36.610,35.250,34.580,34.290,35.460
89,白米躉售,圓糯,彰化縣,43.160,42.390,47.160,52.100,58.930,64.010,39.590,36.750,36.670,35.000,34.520,34.470,36.320
89,白米躉售,圓糯,雲林縣,41.240,43.360,46.550,46.670,55.440,60.800,35.880,36.660,35.860,34.780,33.220,31.670,33.950
89,白米躉售,圓糯,嘉義縣,41.840,41.140,44.540,46.670,55.080,65.510,38.250,36.660,36.660,36.660,35.750,31.980,33.170
89,白米躉售,圓糯,台南縣,40.650,41.630,44.940,45.050,51.500,56.180,37.450,36.670,36.620,35.000,34.790,33.830,34.140
89,白米躉售,圓糯,高雄縣,41.550,38.650,44.330,49.950,50.180,57.970,40.730,37.550,36.840,36.650,35.990,35.000,34.750
89,白米躉售,圓糯,屏東縣,42.980,41.990,48.700,50.810,59.400,63.170,40.000,37.540,36.810,35.320,34.380,32.580,35.070
89,白米躉售,圓糯,台東縣,43.000,39.380,40.830,43.600,51.500,63.550,47.560,39.120,39.170,39.090,38.060,36.800,37.310
89,白米躉售,圓糯,花蓮縣,43.680,39.950,44.710,47.800,57.530,65.590,45.220,39.460,38.370,37.260,36.850,36.030,35.400
89,白米躉售,圓糯,基隆市,44.900,43.250,48.590,53.000,59.540,66.130,45.500,37.660,37.500,36.970,36.670,36.670,37.260
89,白米躉售,圓糯,新竹市,36.900,,,,,,38.580,38.330,37.580,36.500,35.830,35.360,36.140
89,白米躉售,圓糯,台中市,43.820,43.940,50.540,51.730,60.670,66.410,39.470,36.760,36.610,35.250,34.580,34.290,35.530
89,白米躉售,圓糯,嘉義市,41.840,41.140,44.540,46.670,55.080,65.510,38.250,36.660,36.660,36.660,35.750,31.980,33.170
89,白米躉售,圓糯,台南市,40.650,41.630,44.940,45.050,51.500,56.180,37.450,36.670,36.620,35.000,34.790,33.830,34.140
89,白米躉售,圓糯,台北市,44.970,45.890,50.600,52.500,61.470,65.920,41.940,38.330,37.370,36.670,36.670,35.670,36.620
89,白米躉售,圓糯,高雄市,41.550,38.650,44.330,49.950,50.180,57.970,40.730,37.550,36.840,36.650,35.990,35.000,34.750
90,白米躉售,圓糯,新北市,34.170,36.670,36.280,33.880,33.340,31.670,31.890,32.420,31.880,31.060,34.810,39.000,37.180
90,白米躉售,圓糯,宜蘭縣,33.660,35.730,35.360,34.440,33.320,32.300,31.900,32.160,31.380,30.620,33.240,37.780,35.630
90,白米躉售,圓糯,桃園市,32.700,33.370,33.330,32.550,31.950,31.060,31.140,30.830,30.830,30.060,33.700,37.500,36.080
90,白米躉售,圓糯,新竹縣,33.670,34.650,35.170,34.010,32.270,31.660,31.800,32.150,32.500,31.560,34.000,38.160,36.080
90,白米躉售,圓糯,苗栗縣,33.080,34.800,34.010,32.640,32.400,31.450,31.070,32.070,31.720,30.330,33.280,37.390,35.780
90,白米躉售,圓糯,台中縣,32.680,33.410,32.860,32.190,31.920,31.010,31.020,31.640,30.990,30.000,34.140,37.570,35.460
90,白米躉售,圓糯,彰化縣,32.530,33.490,33.600,31.940,31.410,30.780,30.920,31.560,30.750,30.000,34.030,36.560,35.320
90,白米躉售,圓糯,雲林縣,31.090,31.720,32.410,30.380,30.560,29.030,29.800,30.370,29.630,29.200,32.570,34.940,32.420
90,白米躉售,圓糯,嘉義縣,31.270,31.320,31.540,31.000,30.440,28.820,29.780,30.660,30.000,29.050,32.360,35.580,34.690
90,白米躉售,圓糯,台南縣,31.370,31.700,31.650,31.780,30.890,28.630,29.530,30.720,30.020,29.350,32.520,35.640,34.010
90,白米躉售,圓糯,高雄縣,31.800,33.550,33.330,32.520,30.870,28.650,29.140,30.700,30.490,29.670,31.400,35.820,35.480
90,白米躉售,圓糯,屏東縣,31.560,31.970,32.320,31.040,30.910,28.110,30.080,30.780,30.240,29.370,31.980,36.940,34.950
90,白米躉售,圓糯,台東縣,33.780,36.910,35.060,35.000,34.720,33.300,31.810,31.670,31.670,31.670,31.960,35.840,35.700
90,白米躉售,圓糯,花蓮縣,33.240,34.820,34.500,34.500,33.370,31.890,31.670,31.670,31.670,31.480,32.030,35.760,35.470
90,白米躉售,圓糯,基隆市,34.130,34.570,35.000,35.000,35.000,32.530,32.000,32.500,32.500,31.340,33.550,38.220,37.360
90,白米躉售,圓糯,新竹市,34.060,37.050,35.980,33.880,32.860,32.270,32.280,32.150,31.700,31.470,34.080,38.940,36.080
90,白米躉售,圓糯,台中市,32.970,34.150,34.290,32.420,31.950,31.010,31.020,31.680,30.990,30.120,34.240,37.760,36.010
90,白米躉售,圓糯,嘉義市,31.270,31.320,31.540,31.000,30.440,28.820,29.780,30.660,30.000,29.050,32.360,35.580,34.660
90,白米躉售,圓糯,台南市,31.370,31.700,31.650,31.780,30.890,28.630,29.530,30.720,30.020,29.350,32.520,35.640,34.010
90,白米躉售,圓糯,台北市,34.170,36.670,36.280,33.880,33.340,31.670,31.890,32.420,31.880,31.060,34.810,39.000,37.180
90,白米躉售,圓糯,高雄市,31.810,33.550,33.330,32.520,30.870,28.650,29.140,30.700,30.490,29.670,31.400,35.820,35.540
91,白米躉售,圓糯,新北市,32.380,36.620,35.830,35.460,35.000,34.040,31.670,31.670,31.530,30.640,29.250,28.500,28.330
91,白米躉售,圓糯,宜蘭縣,31.710,35.000,34.780,34.470,34.470,33.930,32.590,30.910,31.000,29.870,28.480,27.820,27.220
91,白米躉售,圓糯,桃園市,30.940,34.740,34.220,34.110,34.130,31.710,30.290,30.210,30.140,28.960,27.710,27.500,27.500
91,白米躉售,圓糯,新竹縣,31.980,35.000,35.390,34.920,34.170,33.230,31.490,31.520,31.250,30.620,29.590,28.290,28.300
91,白米躉售,圓糯,苗栗縣,31.380,34.730,35.000,33.870,34.920,32.770,30.830,30.640,30.400,29.590,28.490,27.780,27.500
91,白米躉售,圓糯,台中縣,30.910,35.000,34.820,33.830,33.830,32.330,30.000,30.000,30.000,29.330,27.460,27.140,27.140
91,白米躉售,圓糯,彰化縣,30.960,34.750,34.500,33.670,34.140,32.490,30.250,30.800,30.000,28.750,27.690,27.000,27.470
91,白米躉售,圓糯,雲林縣,29.520,32.930,32.590,31.750,33.110,30.700,29.250,29.600,29.030,28.030,26.720,25.170,25.390
91,白米躉售,圓糯,嘉義縣,28.370,33.760,33.330,32.680,32.370,30.080,27.650,26.820,25.290,23.670,22.800,25.280,26.670
91,白米躉售,圓糯,台南縣,29.610,33.300,33.330,32.530,33.080,31.040,29.000,29.170,28.550,27.500,26.210,25.830,25.830
91,白米躉售,圓糯,高雄縣,30.000,34.030,33.970,33.180,33.040,31.170,28.830,29.000,28.710,27.820,26.880,26.670,26.670
91,白米躉售,圓糯,屏東縣,30.340,34.160,34.930,33.190,33.130,31.620,29.380,30.000,29.380,27.970,27.040,26.660,26.660
91,白米躉售,圓糯,台東縣,32.440,34.060,34.820,34.840,34.740,34.480,33.050,32.740,31.280,30.890,30.430,28.990,28.990
91,白米躉售,圓糯,花蓮縣,31.710,34.500,34.500,34.550,34.480,33.600,31.600,30.440,30.320,30.010,29.320,28.660,28.500
91,白米躉售,圓糯,基隆市,32.540,36.190,35.980,35.490,34.290,34.400,32.670,31.670,31.670,31.670,29.250,28.810,28.330
91,白米躉售,圓糯,新竹市,32.530,35.000,35.590,35.350,35.000,33.890,31.490,32.850,31.110,30.120,29.560,30.550,29.890
91,白米躉售,圓糯,台中市,30.910,35.000,34.820,33.830,33.830,32.330,30.000,30.000,30.000,29.330,27.460,27.140,27.140
91,白米躉售,圓糯,嘉義市,28.390,33.760,33.330,32.680,32.370,30.080,27.650,26.820,25.290,23.670,23.100,25.280,26.670
91,白米躉售,圓糯,台南市,29.610,33.300,33.330,32.530,33.080,31.040,29.000,29.170,28.550,27.500,26.210,25.830,25.830
91,白米躉售,圓糯,台北市,32.380,36.620,35.830,35.460,35.000,34.040,31.670,31.670,31.560,30.640,29.250,28.500,28.330
91,白米躉售,圓糯,高雄市,30.000,34.090,33.970,33.180,33.040,31.170,28.830,29.000,28.710,27.820,26.880,26.670,26.670
92,白米躉售,圓糯,新北市,28.260,28.330,28.870,28.980,28.330,28.040,27.500,27.500,27.500,27.500,27.550,29.000,30.000
92,白米躉售,圓糯,宜蘭縣,26.900,26.810,27.140,26.830,26.770,26.810,26.480,25.910,25.990,26.670,26.240,28.000,29.170
92,白米躉售,圓糯,桃園市,26.800,27.390,26.820,26.240,26.600,26.220,25.890,25.890,25.860,25.830,25.940,28.250,30.670
92,白米躉售,圓糯,新竹縣,27.860,28.450,28.310,28.090,27.800,27.730,27.860,27.400,27.260,27.260,27.260,27.860,29.050
92,白米躉售,圓糯,苗栗縣,26.710,27.180,26.670,26.670,26.670,26.670,26.330,25.830,25.830,25.830,25.830,27.780,29.170
92,白米躉售,圓糯,台中縣,27.120,26.260,26.730,27.140,27.140,27.140,27.140,27.140,27.140,27.040,25.710,27.520,29.290
92,白米躉售,圓糯,彰化縣,26.990,27.500,27.500,27.140,27.000,26.760,26.520,25.670,25.780,25.820,25.690,28.290,30.160
92,白米躉售,圓糯,雲林縣,25.520,25.250,26.000,26.070,25.830,25.130,25.000,25.000,24.620,24.140,24.010,27.030,28.170
92,白米躉售,圓糯,嘉義縣,26.240,26.670,26.670,26.670,26.670,26.230,25.550,25.080,25.000,25.000,24.700,27.870,28.790
92,白米躉售,圓糯,台南縣,25.840,26.020,26.150,26.330,25.930,25.320,25.000,25.000,25.000,24.900,24.480,27.090,28.870
92,白米躉售,圓糯,高雄縣,25.900,26.210,26.130,26.330,26.330,25.520,25.000,25.000,25.000,25.000,25.050,26.940,28.330
92,白米躉售,圓糯,屏東縣,26.240,26.660,26.660,26.660,26.660,26.550,25.800,25.000,25.000,25.000,25.000,26.800,29.130
92,白米躉售,圓糯,台東縣,28.220,28.300,28.100,28.100,28.100,27.990,27.960,27.960,27.960,27.960,27.960,28.550,29.700
92,白米躉售,圓糯,花蓮縣,27.820,28.500,28.500,28.160,28.000,27.450,27.350,27.350,27.350,27.320,27.180,27.760,28.900
92,白米躉售,圓糯,基隆市,28.090,28.330,28.330,28.330,28.330,28.330,27.560,26.670,26.670,26.670,26.960,29.170,31.670
92,白米躉售,圓糯,新竹市,27.760,28.910,28.830,28.270,27.880,27.620,27.500,27.050,27.000,27.000,27.000,27.520,28.500
92,白米躉售,圓糯,台中市,27.180,26.260,26.730,27.140,27.850,27.140,27.140,27.140,27.140,27.040,25.710,27.520,29.290
92,白米躉售,圓糯,嘉義市,26.250,26.670,26.670,26.670,26.670,26.230,25.600,25.140,25.000,25.000,24.700,27.870,28.790
92,白米躉售,圓糯,台南市,25.840,26.020,26.150,26.330,25.930,25.320,25.000,25.000,25.000,24.900,24.480,27.090,28.870
92,白米躉售,圓糯,台北市,28.360,28.330,28.870,28.980,28.330,28.040,27.500,27.500,27.500,27.500,27.550,29.330,30.830
92,白米躉售,圓糯,高雄市,25.900,26.210,26.130,26.330,26.330,25.520,25.000,25.000,25.000,25.000,25.050,26.940,28.330
93,白米躉售,圓糯,新北市,35.560,30.000,30.000,30.210,41.280,43.980,39.670,32.610,31.670,31.950,34.910,40.390,40.030
93,白米躉售,圓糯,宜蘭縣,35.670,28.600,30.000,30.240,44.610,43.820,39.030,30.480,31.670,32.470,35.460,41.190,40.460
93,白米躉售,圓糯,桃園市,35.200,30.830,30.830,31.100,42.160,42.280,36.190,31.200,31.330,32.350,35.030,39.940,39.170
93,白米躉售,圓糯,新竹縣,36.510,29.050,30.140,31.360,40.990,44.560,41.840,37.670,36.560,34.260,34.040,38.700,39.000
93,白米躉售,圓糯,苗栗縣,35.020,29.170,29.170,30.990,42.330,43.280,35.720,32.100,31.670,32.220,35.560,39.670,38.330
93,白米躉售,圓糯,台中縣,34.380,29.380,30.000,30.160,42.320,42.080,32.860,30.680,31.430,31.470,33.760,39.860,38.570
93,白米躉售,圓糯,彰化縣,34.200,28.300,31.040,31.750,41.750,40.860,32.750,31.500,31.500,30.920,33.740,38.780,37.470
93,白米躉售,圓糯,雲林縣,33.660,27.610,28.740,30.210,42.830,39.200,32.140,30.970,31.670,31.670,33.410,38.810,36.620
93,白米躉售,圓糯,嘉義縣,33.590,27.610,28.910,30.100,41.550,39.580,32.420,30.770,31.660,31.660,32.790,38.510,37.500
93,白米躉售,圓糯,台南縣,33.450,28.330,29.340,30.230,41.030,39.330,32.390,31.130,31.170,31.640,32.810,36.950,37.000
93,白米躉售,圓糯,高雄縣,33.380,28.330,28.330,28.750,41.140,39.110,32.140,30.430,31.660,31.660,32.850,38.440,37.710
93,白米躉售,圓糯,屏東縣,33.440,28.460,28.330,28.380,41.860,39.800,32.330,30.480,31.660,31.660,32.520,38.110,37.690
93,白米躉售,圓糯,台東縣,35.440,29.720,30.110,30.190,40.900,43.090,37.580,34.740,33.080,32.920,34.180,38.810,40.000
93,白米躉售,圓糯,花蓮縣,34.810,29.100,29.380,29.500,41.510,42.360,36.550,32.060,31.500,31.850,34.390,39.500,40.000
93,白米躉售,圓糯,基隆市,36.170,30.290,32.410,32.330,42.220,44.110,39.420,31.800,31.800,32.690,35.790,40.830,40.350
93,白米躉售,圓糯,新竹市,36.410,28.500,30.150,31.710,40.580,43.680,41.450,38.220,36.580,34.300,34.060,38.700,39.000
93,白米躉售,圓糯,台中市,34.430,29.380,30.000,30.230,42.340,42.080,33.310,30.680,31.430,31.470,33.850,39.860,38.570
93,白米躉售,圓糯,嘉義市,33.590,27.610,28.910,30.100,41.550,39.580,32.420,30.770,31.660,31.660,32.790,38.510,37.500
93,白米躉售,圓糯,台南市,33.450,28.330,29.340,30.230,41.030,39.330,32.390,31.130,31.170,31.640,32.810,36.950,37.000
93,白米躉售,圓糯,台北市,36.100,30.830,30.830,31.050,41.470,43.980,39.720,33.440,32.500,32.780,35.400,40.390,40.830
93,白米躉售,圓糯,高雄市,33.380,28.330,28.330,28.750,41.140,39.110,32.140,30.430,31.660,31.660,32.850,38.440,37.710
94,白米躉售,圓糯,新北市,38.440,40.000,40.000,39.350,40.690,41.020,38.340,36.670,36.510,35.000,37.070,38.330,38.330
94,白米躉售,圓糯,宜蘭縣,37.950,39.220,39.170,38.980,42.030,41.700,40.670,34.300,33.330,33.330,36.500,38.330,37.850
94,白米躉售,圓糯,桃園市,37.130,39.170,39.170,38.410,40.360,40.110,35.580,32.010,33.330,33.610,36.950,38.410,38.500
94,白米躉售,圓糯,新竹縣,36.900,39.000,39.000,38.370,39.520,40.000,37.070,31.260,32.100,32.920,36.530,38.230,38.780
94,白米躉售,圓糯,苗栗縣,37.050,38.330,38.330,38.330,40.000,39.950,35.750,32.150,33.330,33.670,36.880,38.800,39.030
94,白米躉售,圓糯,台中縣,35.960,36.790,36.670,36.430,38.740,39.810,32.310,31.060,32.500,33.110,36.970,38.500,38.570
94,白米躉售,圓糯,彰化縣,35.670,36.810,36.670,36.890,38.950,38.510,30.000,31.510,32.850,32.830,36.110,38.630,38.250
94,白米躉售,圓糯,雲林縣,35.360,36.670,36.670,36.210,38.890,39.140,31.000,29.970,31.670,32.280,36.260,38.330,37.180
94,白米躉售,圓糯,嘉義縣,35.370,37.150,36.670,36.180,38.940,39.090,31.750,30.240,31.670,32.380,34.890,37.630,37.790
94,白米躉售,圓糯,台南縣,35.140,37.130,36.800,36.280,38.690,37.580,29.840,30.490,31.670,32.410,35.390,37.720,37.650
94,白米躉售,圓糯,高雄縣,35.370,38.330,37.500,36.640,38.440,37.870,30.800,30.650,31.670,32.110,34.890,37.680,37.850
94,白米躉售,圓糯,屏東縣,35.230,37.500,37.500,36.670,38.610,37.240,30.190,30.910,31.670,32.060,34.970,37.580,37.820
94,白米躉售,圓糯,台東縣,38.520,40.000,40.000,39.570,39.860,39.850,39.230,38.000,37.780,36.670,36.670,37.110,37.500
94,白米躉售,圓糯,花蓮縣,38.130,40.000,40.000,39.570,39.170,39.170,39.170,39.170,36.250,36.150,36.150,36.150,36.620
94,白米躉售,圓糯,基隆市,37.810,40.050,40.000,39.410,40.640,40.650,36.670,32.560,34.170,34.450,37.230,38.810,39.090
94,白米躉售,圓糯,新竹市,36.910,39.000,39.000,38.370,39.520,40.000,37.140,31.280,32.100,32.920,36.560,38.230,38.790
94,白米躉售,圓糯,台中市,36.560,38.570,37.140,37.370,39.760,40.300,32.670,31.290,32.860,33.310,37.000,39.000,39.400
94,白米躉售,圓糯,嘉義市,35.370,37.150,36.670,36.180,38.940,39.090,31.750,30.240,31.670,32.380,34.890,37.630,37.790
94,白米躉售,圓糯,台南市,35.140,37.130,36.800,36.280,38.690,37.580,29.840,30.490,31.670,32.410,35.390,37.720,37.650
94,白米躉售,圓糯,台北市,38.850,40.830,40.830,39.820,40.690,41.070,38.890,36.670,36.510,35.000,37.660,39.170,39.090
94,白米躉售,圓糯,高雄市,35.370,38.330,37.500,36.640,38.440,37.870,30.800,30.650,31.670,32.110,34.890,37.680,37.850
95,白米躉售,圓糯,新北市,35.400,37.930,37.500,36.940,35.330,35.000,35.000,35.000,35.000,35.000,35.000,33.860,33.200
95,白米躉售,圓糯,宜蘭縣,34.170,36.670,36.670,36.310,35.060,34.090,33.330,33.330,33.330,33.330,33.330,32.830,31.750
95,白米躉售,圓糯,桃園市,33.970,37.500,37.290,35.460,34.170,33.870,32.500,32.500,32.790,33.330,33.330,32.560,32.340
95,白米躉售,圓糯,新竹縣,34.350,38.150,37.030,36.660,35.000,34.170,33.030,33.220,33.090,33.330,33.330,32.860,32.310
95,白米躉售,圓糯,苗栗縣,33.970,37.900,36.910,35.650,33.920,33.330,32.940,33.330,33.330,33.330,33.330,32.860,30.800
95,白米躉售,圓糯,台中縣,34.160,37.330,36.670,36.340,35.330,34.200,33.330,33.330,33.330,33.330,32.790,32.500,31.400
95,白米躉售,圓糯,彰化縣,33.800,36.450,37.140,36.340,34.450,34.090,32.830,33.330,33.330,33.330,32.890,32.000,29.370
95,白米躉售,圓糯,雲林縣,32.660,35.430,36.130,34.950,32.780,32.500,31.860,31.670,31.670,31.970,32.290,30.720,30.000
95,白米躉售,圓糯,嘉義縣,33.110,37.190,36.980,36.000,33.120,32.600,31.670,31.670,31.910,32.500,32.390,31.250,30.000
95,白米躉售,圓糯,台南縣,32.890,37.240,36.930,35.860,33.000,32.180,31.150,32.500,32.500,32.500,31.910,29.830,29.030
95,白米躉售,圓糯,高雄縣,33.400,37.260,36.940,36.230,33.950,33.100,32.000,32.000,32.000,32.330,32.500,31.860,30.660
95,白米躉售,圓糯,屏東縣,33.430,37.270,37.000,36.200,34.170,32.820,31.670,31.670,31.860,32.500,32.500,31.840,31.670
95,白米躉售,圓糯,台東縣,36.880,37.500,37.500,37.470,36.670,36.670,36.670,36.670,36.670,36.670,36.670,36.670,36.670
95,白米躉售,圓糯,花蓮縣,36.910,37.390,38.000,38.000,38.000,38.000,38.000,37.170,35.670,35.670,35.670,35.670,35.670
95,白米躉售,圓糯,基隆市,34.850,37.930,37.500,36.940,35.330,34.220,34.170,34.170,34.170,34.170,34.170,33.030,32.370
95,白米躉售,圓糯,新竹市,34.500,38.150,38.150,38.050,35.000,33.840,32.750,33.220,32.980,33.330,33.330,32.860,32.370
95,白米躉售,圓糯,台中市,34.580,37.910,37.860,37.400,35.330,34.220,33.570,33.570,33.570,33.570,33.570,33.000,31.400
95,白米躉售,圓糯,嘉義市,33.110,37.190,36.980,36.000,33.120,32.600,31.670,31.670,31.910,32.500,32.390,31.250,30.000
95,白米躉售,圓糯,台南市,33.370,37.240,37.000,35.790,35.380,33.260,32.950,32.800,32.170,33.000,32.080,29.770,29.030
95,白米躉售,圓糯,台北市,36.030,37.930,37.500,37.020,36.170,35.830,35.830,35.830,35.830,35.830,35.830,34.700,34.030
95,白米躉售,圓糯,高雄市,33.400,37.260,36.940,36.230,33.950,33.100,32.000,32.000,32.000,32.330,32.500,31.860,30.660
96,白米躉售,圓糯,新北市,31.840,32.500,32.030,30.860,29.060,29.060,30.140,31.640,31.730,32.290,32.270,35.190,35.300
96,白米躉售,圓糯,宜蘭縣,30.490,30.830,30.590,30.500,29.980,28.340,29.170,29.170,29.640,30.140,30.410,33.700,33.380
96,白米躉售,圓糯,桃園市,30.800,31.670,31.010,29.340,27.660,28.820,30.200,31.220,30.320,30.000,31.010,34.620,33.740
96,白米躉售,圓糯,新竹縣,31.440,31.670,31.040,28.520,28.330,29.330,31.250,31.670,31.680,31.440,32.220,35.140,35.010
96,白米躉售,圓糯,苗栗縣,30.420,30.000,29.110,28.330,28.330,28.490,30.000,30.620,30.830,30.800,31.000,34.120,33.450
96,白米躉售,圓糯,台中縣,30.210,29.920,28.330,28.570,26.650,28.570,29.670,30.000,30.020,30.430,30.840,34.910,34.630
96,白米躉售,圓糯,彰化縣,29.990,28.590,28.510,27.900,26.800,28.100,29.170,29.960,30.100,30.430,31.350,34.670,34.350
96,白米躉售,圓糯,雲林縣,29.020,28.710,26.880,26.670,26.560,27.020,28.360,30.000,29.420,29.030,29.850,33.090,32.600
96,白米躉售,圓糯,嘉義縣,29.460,30.000,27.750,27.500,27.100,27.420,29.170,29.190,29.500,29.500,29.890,33.330,33.110
96,白米躉售,圓糯,台南縣,29.560,29.120,27.890,27.580,27.130,27.680,29.230,29.620,29.430,29.360,30.280,33.590,33.770
96,白米躉售,圓糯,高雄縣,29.740,30.480,28.880,28.500,27.550,26.830,28.760,29.150,29.500,29.500,30.220,33.840,33.670
96,白米躉售,圓糯,屏東縣,29.770,31.670,29.200,28.330,27.130,27.880,29.170,29.170,29.170,29.000,30.140,33.450,32.890
96,白米躉售,圓糯,台東縣,35.250,36.670,36.670,35.320,35.000,35.000,35.000,35.000,34.990,34.690,34.860,34.920,34.920
96,白米躉售,圓糯,花蓮縣,34.070,35.670,35.670,35.670,35.670,35.390,35.280,32.860,32.420,32.520,32.560,32.560,32.560
96,白米躉售,圓糯,基隆市,31.780,31.670,31.160,30.830,28.500,29.540,30.940,31.670,31.700,32.260,32.350,35.430,35.340
96,白米躉售,圓糯,新竹市,31.080,31.670,31.040,28.520,28.330,29.230,30.330,30.530,31.700,31.680,31.510,33.880,34.520
96,白米躉售,圓糯,台中市,30.810,30.110,29.290,29.290,29.290,29.290,29.830,30.000,30.030,30.890,31.050,35.360,35.320
96,白米躉售,圓糯,嘉義市,31.000,,,,31.000,,,,,,,,
96,白米躉售,圓糯,台南市,29.650,29.120,27.890,27.580,27.030,27.610,28.430,29.450,29.500,29.500,30.040,34.550,35.150
96,白米躉售,圓糯,台北市,32.500,33.330,32.860,31.700,30.500,29.890,30.970,31.670,31.700,32.460,32.790,35.910,36.170
96,白米躉售,圓糯,高雄市,29.690,30.480,28.880,28.500,27.550,26.830,28.760,29.150,29.490,29.250,30.020,33.810,33.560
97,白米躉售,圓糯,新北市,36.880,35.630,36.330,37.290,37.930,37.740,36.730,36.420,36.040,35.930,36.170,37.580,38.710
97,白米躉售,圓糯,宜蘭縣,35.190,33.430,33.670,34.310,36.830,37.380,36.770,34.390,34.050,33.920,34.410,35.460,37.680
97,白米躉售,圓糯,桃園市,35.470,33.120,33.880,36.840,38.020,37.560,35.400,33.330,33.810,34.410,34.420,35.620,39.250
97,白米躉售,圓糯,新竹縣,36.430,34.980,35.450,36.820,38.330,38.220,36.060,34.780,34.580,35.420,35.600,36.920,39.950
97,白米躉售,圓糯,苗栗縣,35.480,33.190,33.770,36.300,38.200,37.330,34.150,33.100,34.190,34.230,35.360,36.610,39.380
97,白米躉售,圓糯,台中縣,35.300,33.920,34.270,36.130,38.040,37.410,33.570,32.220,33.560,34.790,34.520,35.990,39.180
97,白米躉售,圓糯,彰化縣,35.270,34.090,34.510,36.600,37.600,36.990,33.540,32.360,33.610,33.950,34.540,36.330,39.100
97,白米躉售,圓糯,雲林縣,34.260,32.270,32.870,36.000,36.560,35.710,32.980,31.300,33.040,32.930,33.720,35.580,38.190
97,白米躉售,圓糯,嘉義縣,34.330,33.300,33.410,35.300,36.030,36.290,34.000,32.180,32.800,33.470,32.890,34.310,37.990
97,白米躉售,圓糯,台南縣,33.810,34.020,34.320,34.990,35.070,35.740,34.690,32.510,32.070,32.100,32.120,32.120,35.950
97,白米躉售,圓糯,高雄縣,33.920,33.670,34.310,35.250,35.250,35.510,34.390,32.570,32.170,32.170,32.170,32.170,37.400
97,白米躉售,圓糯,屏東縣,34.010,33.080,33.580,34.870,34.940,34.760,33.200,31.520,31.900,32.210,33.860,35.700,38.440
97,白米躉售,圓糯,台東縣,38.100,35.640,36.290,36.510,36.540,37.450,37.280,37.040,37.900,38.510,39.920,40.470,43.680
97,白米躉售,圓糯,花蓮縣,36.930,36.190,36.160,37.060,37.500,38.320,37.300,35.910,35.650,35.520,36.060,36.810,40.680
97,白米躉售,圓糯,基隆市,36.620,35.430,35.850,37.230,38.010,37.990,36.990,36.160,35.450,35.360,35.550,36.970,38.430
97,白米躉售,圓糯,新竹市,36.090,34.010,34.290,36.440,38.140,38.110,35.820,34.030,35.160,35.570,36.290,36.850,38.370
97,白米躉售,圓糯,台中市,36.090,34.200,34.610,36.430,38.850,38.410,34.640,33.330,34.000,35.660,35.360,37.120,40.430
97,白米躉售,圓糯,台南市,34.560,35.150,35.150,36.060,36.230,36.410,36.180,33.420,32.370,32.490,32.170,32.810,36.260
97,白米躉售,圓糯,台北市,36.790,36.030,36.570,37.670,38.240,37.990,37.110,36.360,35.630,35.500,35.540,36.480,38.310
97,白米躉售,圓糯,高雄市,34.150,33.800,34.900,35.930,36.090,35.990,34.200,32.600,32.250,32.250,32.250,32.250,37.230
98,白米躉售,圓糯,新北市,39.440,39.210,39.260,39.050,38.890,38.920,38.520,38.400,38.450,40.160,40.930,40.660,40.870
98,白米躉售,圓糯,宜蘭縣,37.820,38.310,38.330,37.900,37.430,37.320,37.490,36.800,36.390,37.830,38.860,38.490,38.640
98,白米躉售,圓糯,桃園市,38.680,39.600,39.550,38.160,37.920,37.340,36.780,36.740,37.300,40.150,40.390,39.610,40.580
98,白米躉售,圓糯,新竹縣,39.180,40.740,40.590,39.810,37.790,37.410,37.150,37.670,37.850,39.850,40.540,39.980,40.790
98,白米躉售,圓糯,苗栗縣,38.190,39.590,39.120,37.460,35.690,36.960,36.670,36.390,37.250,39.840,39.830,39.170,40.250
98,白米躉售,圓糯,台中縣,37.550,39.680,38.870,37.040,35.320,35.660,35.450,35.890,36.550,39.930,39.450,37.500,39.310
98,白米躉售,圓糯,彰化縣,37.930,39.780,38.960,37.720,37.160,36.620,35.860,36.350,36.780,39.040,38.640,38.370,39.820
98,白米躉售,圓糯,雲林縣,36.880,38.590,38.100,36.550,34.750,35.500,35.110,34.940,35.630,38.900,38.440,37.250,38.770
98,白米躉售,圓糯,嘉義縣,37.710,38.950,38.130,37.700,36.210,35.760,34.950,35.490,36.260,39.910,39.590,39.510,40.000
98,白米躉售,圓糯,台南縣,37.230,37.600,37.710,37.710,36.350,35.780,35.090,35.180,35.590,38.580,39.080,38.700,39.380
98,白米躉售,圓糯,高雄縣,37.900,38.590,38.590,38.340,36.130,35.870,36.800,36.110,36.670,39.100,39.640,39.180,39.820
98,白米躉售,圓糯,屏東縣,37.530,38.490,38.380,36.950,35.330,35.780,36.500,36.500,36.830,37.780,39.380,39.020,39.430
98,白米躉售,圓糯,台東縣,42.850,44.980,44.690,43.060,42.140,41.840,41.130,41.500,41.980,42.350,42.950,43.410,44.220
98,白米躉售,圓糯,花蓮縣,40.760,40.740,40.670,40.550,39.850,39.980,39.500,39.910,40.160,41.530,42.120,41.960,42.170
98,白米躉售,圓糯,基隆市,39.140,39.240,39.280,39.180,38.180,37.940,37.680,37.650,37.800,40.270,40.870,40.620,40.990
98,白米躉售,圓糯,新竹市,38.840,39.000,39.260,39.010,37.420,37.040,37.180,37.670,37.670,39.700,40.900,40.600,40.680
98,白米躉售,圓糯,台中市,39.130,40.620,40.870,39.460,38.310,37.840,37.020,37.090,37.580,40.090,40.440,39.960,40.250
98,白米躉售,圓糯,台南市,37.210,37.600,37.710,37.710,36.540,35.790,35.110,35.040,35.210,38.550,39.080,38.780,39.400
98,白米躉售,圓糯,台北市,39.440,39.210,39.330,38.990,38.670,38.740,38.550,38.500,38.630,40.170,40.830,40.780,40.820
98,白米躉售,圓糯,高雄市,38.020,38.170,38.170,38.260,36.920,36.640,36.000,36.370,36.630,39.340,39.860,39.650,40.180
99,白米躉售,圓糯,新北市,42.270,42.920,43.520,43.330,41.900,41.940,42.250,42.420,42.680,42.590,42.470,39.870,41.290
99,白米躉售,圓糯,宜蘭縣,39.670,40.280,41.150,41.010,40.680,40.860,41.880,39.590,39.480,37.920,37.820,37.300,38.080
99,白米躉售,圓糯,桃園市,41.240,42.230,42.680,42.200,41.700,41.560,41.820,41.650,40.900,40.530,39.770,39.660,40.170
99,白米躉售,圓糯,新竹縣,41.230,42.540,43.330,42.340,41.260,40.700,41.560,41.020,40.900,41.150,40.920,38.390,40.670
99,白米躉售,圓糯,苗栗縣,41.030,42.510,42.840,42.070,41.460,40.960,40.950,40.430,41.220,41.200,40.100,38.290,40.330
99,白米躉售,圓糯,台中縣,39.230,41.320,41.730,41.170,39.970,40.040,38.650,37.990,38.430,38.550,37.160,36.860,38.920
99,白米躉售,圓糯,彰化縣,39.840,41.510,41.710,41.460,40.730,41.070,39.640,39.310,39.520,39.480,38.250,36.990,38.420
99,白米躉售,圓糯,雲林縣,38.350,40.650,40.640,39.720,38.250,39.320,37.650,37.560,37.710,37.560,36.130,36.540,38.460
99,白米躉售,圓糯,嘉義縣,39.540,41.810,42.310,41.010,40.190,40.480,39.080,39.230,39.620,38.640,36.960,36.260,38.840
99,白米躉售,圓糯,台南縣,39.960,41.140,42.010,41.040,40.210,40.480,39.690,39.380,39.900,39.850,39.150,37.250,39.370
99,白米躉售,圓糯,高雄縣,40.810,41.580,42.590,42.610,41.810,41.250,40.470,39.390,39.950,40.880,40.610,38.280,40.300
99,白米躉售,圓糯,屏東縣,40.180,41.490,41.750,41.210,40.760,40.730,38.700,39.640,40.170,40.170,39.430,37.870,40.190
99,白米躉售,圓糯,台東縣,44.930,44.820,45.210,45.420,45.630,45.390,43.840,44.280,45.010,45.540,45.450,44.100,44.490
99,白米躉售,圓糯,花蓮縣,42.900,43.150,43.510,43.390,43.160,42.840,42.660,42.640,42.740,42.920,42.840,42.560,42.330
99,白米躉售,圓糯,基隆市,43.350,43.020,43.570,43.410,43.020,43.370,43.810,43.810,43.800,43.570,43.470,42.330,43.060
99,白米躉售,圓糯,新竹市,41.510,42.700,43.700,43.180,42.510,42.100,42.010,41.330,40.720,40.310,39.820,38.380,41.400
99,白米躉售,圓糯,台中市,41.010,42.650,43.330,43.000,41.930,41.530,39.620,39.870,40.440,40.520,40.010,38.380,40.810
99,白米躉售,圓糯,台南市,40.110,41.200,42.010,41.040,40.210,40.430,39.510,39.530,40.000,39.960,39.320,38.430,39.660
99,白米躉售,圓糯,台北市,42.190,42.950,43.330,42.780,41.980,42.170,42.450,42.410,42.620,42.500,42.270,39.670,41.180
99,白米躉售,圓糯,高雄市,41.090,41.980,42.680,42.650,41.760,41.570,40.620,40.310,40.710,40.930,40.020,39.320,40.480
100,白米躉售,圓糯,新北市,40.870,41.300,41.300,41.300,41.300,41.620,41.090,40.220,40.550,40.550,40.550,40.550,40.060
100,白米躉售,圓糯,宜蘭縣,38.090,38.050,37.940,37.780,38.110,42.700,41.430,38.600,37.220,36.720,36.670,36.280,35.520
100,白米躉售,圓糯,桃園市,36.440,38.370,37.840,37.390,37.710,40.450,37.510,33.920,34.850,35.250,34.850,34.240,34.890
100,白米躉售,圓糯,新竹縣,38.460,39.490,39.020,39.330,39.870,41.830,39.600,37.810,36.740,36.650,37.020,37.090,37.090
100,白米躉售,圓糯,苗栗縣,37.490,38.760,39.170,39.170,38.770,41.070,38.250,36.040,35.830,35.810,35.670,35.670,35.670
100,白米躉售,圓糯,彰化縣,36.930,38.070,37.980,37.830,38.410,41.540,37.450,35.500,35.390,35.480,35.250,35.080,35.230
100,白米躉售,圓糯,雲林縣,35.480,36.750,36.990,36.500,37.450,40.500,35.170,32.830,34.120,34.210,33.730,33.400,34.130
100,白米躉售,圓糯,嘉義縣,36.560,37.800,37.640,37.190,37.570,40.730,38.890,34.560,34.540,34.770,35.000,35.000,35.000
100,白米躉售,圓糯,屏東縣,38.330,40.300,40.230,40.060,39.380,40.540,39.800,36.950,36.910,36.830,36.680,36.150,36.150
100,白米躉售,圓糯,台東縣,45.010,44.450,45.590,45.590,45.590,47.730,45.520,44.270,44.270,44.270,44.270,44.270,44.270
100,白米躉售,圓糯,花蓮縣,40.160,41.970,41.950,41.460,41.310,43.440,41.940,39.120,38.340,38.190,38.380,37.970,37.840
100,白米躉售,圓糯,基隆市,41.980,43.060,43.060,43.060,43.060,43.060,42.340,41.290,41.250,41.250,41.250,40.850,40.270
100,白米躉售,圓糯,新竹市,38.400,40.580,40.210,40.000,40.120,42.050,39.850,37.530,36.030,35.990,36.560,36.000,35.830
100,白米躉售,圓糯,台中市,37.370,39.060,39.040,38.770,38.040,42.330,38.770,35.840,35.660,35.410,35.270,35.050,35.160
100,白米躉售,圓糯,台南市,37.580,39.290,38.900,38.900,39.070,41.540,39.160,36.660,35.960,35.800,35.800,34.620,35.310
100,白米躉售,圓糯,台北市,41.090,41.250,41.250,41.250,41.250,41.850,41.480,40.830,41.170,41.170,41.170,40.380,39.970
100,白米躉售,圓糯,高雄市,38.990,40.530,40.300,39.720,39.490,41.390,39.980,37.690,37.240,38.050,37.960,37.780,37.740
101,白米躉售,圓糯,新北市,39.020,39.810,39.810,39.810,39.970,39.900,39.210,38.380,38.330,38.330,38.330,38.260,38.150
101,白米躉售,圓糯,宜蘭縣,36.480,35.590,36.100,36.450,36.450,36.500,36.460,36.410,36.780,36.950,36.950,36.790,36.320
101,白米躉售,圓糯,桃園市,36.420,35.810,36.300,36.000,36.440,36.420,35.590,35.610,36.860,36.860,37.120,37.040,36.990
101,白米躉售,圓糯,新竹縣,37.710,37.090,37.150,37.090,37.560,37.850,37.160,37.060,38.180,38.200,38.460,38.440,38.330
101,白米躉售,圓糯,苗栗縣,36.860,35.890,36.000,36.000,36.800,37.220,36.690,36.700,37.670,38.050,37.930,36.700,36.670
101,白米躉售,圓糯,彰化縣,36.430,35.740,35.980,36.060,36.360,36.280,35.300,36.360,37.100,37.260,37.040,36.770,36.890
101,白米躉售,圓糯,南投縣,37.550,,,,,,37.140,37.220,37.850,37.850,37.850,37.330,37.620
101,白米躉售,圓糯,雲林縣,35.640,34.330,34.650,34.630,35.470,35.520,34.350,35.460,36.700,36.900,36.610,36.640,36.460
101,白米躉售,圓糯,嘉義縣,36.040,35.000,35.000,35.000,36.410,36.670,35.260,35.880,36.780,36.580,36.580,36.580,36.720
101,白米躉售,圓糯,屏東縣,36.010,36.150,36.150,36.150,36.150,36.150,35.670,35.590,35.690,36.080,36.170,36.050,36.060
101,白米躉售,圓糯,台東縣,43.790,44.600,44.610,44.610,44.810,44.280,43.260,42.900,43.290,43.290,43.290,43.290,43.290
101,白米躉售,圓糯,花蓮縣,38.530,38.620,38.250,38.200,38.140,38.190,37.950,38.060,38.750,38.950,39.040,39.040,39.160
101,白米躉售,圓糯,基隆市,38.090,40.140,40.140,40.140,40.260,39.880,37.770,36.540,36.530,36.530,36.530,36.410,36.190
101,白米躉售,圓糯,新竹市,37.330,36.090,36.110,36.400,37.370,37.640,37.270,37.130,38.260,38.190,37.930,37.780,37.780
101,白米躉售,圓糯,台中市,36.600,35.740,35.800,35.980,36.330,36.580,35.900,36.480,37.300,37.650,37.650,36.900,36.870
101,白米躉售,圓糯,嘉義市,37.100,,,,,,,,,,37.230,37.100,36.960
101,白米躉售,圓糯,台南市,36.140,35.810,35.990,36.110,36.110,36.110,36.060,35.960,36.000,36.490,36.600,36.310,36.170
101,白米躉售,圓糯,台北市,39.070,39.750,39.750,39.750,39.930,39.920,39.450,38.430,38.420,38.420,38.420,38.360,38.250
101,白米躉售,圓糯,高雄市,37.320,37.140,36.860,36.780,37.230,37.310,36.880,36.790,37.390,37.870,37.760,37.890,37.960
102,白米躉售,圓糯,新北市,38.910,38.150,38.150,38.110,37.960,37.960,38.060,38.840,38.950,38.980,38.980,39.190,43.540
102,白米躉售,圓糯,宜蘭縣,37.230,36.220,36.200,35.790,35.810,36.100,36.060,36.120,37.560,37.970,38.410,38.530,41.950
102,白米躉售,圓糯,桃園市,37.480,36.890,36.590,35.980,35.610,35.540,35.820,36.690,37.800,37.930,38.040,38.540,44.300
102,白米躉售,圓糯,新竹縣,38.920,38.260,38.170,37.870,37.040,36.670,36.890,38.480,39.830,39.830,39.830,40.020,44.190
102,白米躉售,圓糯,苗栗縣,37.480,36.670,36.470,35.970,35.550,35.420,36.040,36.880,38.210,38.190,38.190,38.630,43.490
102,白米躉售,圓糯,彰化縣,37.320,36.600,36.150,35.880,35.510,35.510,35.820,37.350,37.790,37.880,38.120,38.530,42.730
102,白米躉售,圓糯,南投縣,38.600,38.090,38.570,38.500,37.850,37.850,37.190,38.150,38.460,38.570,39.350,38.570,42.020
102,白米躉售,圓糯,雲林縣,36.890,36.030,35.680,35.340,34.720,34.540,35.290,37.450,37.720,37.490,37.360,38.000,43.080
102,白米躉售,圓糯,嘉義縣,37.020,36.780,36.980,36.140,35.290,34.930,34.490,36.660,37.310,37.310,37.310,37.740,43.350
102,白米躉售,圓糯,屏東縣,37.180,36.120,36.170,36.170,36.170,36.170,36.580,37.070,37.220,37.220,37.220,37.220,42.880
102,白米躉售,圓糯,台東縣,43.470,43.290,43.290,43.290,43.290,43.290,43.290,43.290,43.290,43.290,43.290,43.290,45.500
102,白米躉售,圓糯,花蓮縣,39.530,39.560,39.470,39.230,38.690,38.320,38.470,38.940,39.610,39.710,39.260,40.010,43.070
102,白米躉售,圓糯,基隆市,37.850,36.190,36.190,36.190,36.190,36.190,36.490,38.360,38.690,38.690,38.760,38.900,43.350
102,白米躉售,圓糯,新竹市,38.260,37.560,37.250,36.960,36.680,36.280,36.620,37.990,38.790,38.760,38.910,39.320,44.000
102,白米躉售,圓糯,台中市,37.620,36.760,36.550,36.370,35.950,35.860,35.970,37.330,37.800,38.100,37.940,38.320,44.460
102,白米躉售,圓糯,嘉義市,37.460,36.960,36.930,36.370,35.260,35.170,35.170,37.040,38.230,38.230,38.230,38.520,43.380
102,白米躉售,圓糯,台南市,36.820,35.650,35.800,35.290,35.820,35.780,35.840,36.390,37.620,37.660,37.660,37.660,40.630
102,白米躉售,圓糯,台北市,39.110,38.250,38.250,38.230,38.170,38.170,38.380,39.290,39.330,39.130,39.080,39.310,43.740
102,白米躉售,圓糯,高雄市,38.800,37.920,37.880,37.830,37.830,37.750,37.640,37.760,39.210,39.280,39.450,39.670,43.400
103,白米躉售,圓糯,新北市,44.440,44.820,44.820,44.820,44.750,44.200,43.950,42.550,43.980,44.630,44.750,45.000,45.000
103,白米躉售,圓糯,宜蘭縣,43.520,44.580,44.780,44.780,44.780,44.770,44.260,41.330,40.000,40.800,43.660,44.170,44.350
103,白米躉售,圓糯,桃園市,43.240,45.950,45.090,44.350,42.930,42.700,40.220,38.870,43.120,43.890,44.120,43.780,43.800
103,白米躉售,圓糯,新竹縣,45.550,47.070,46.990,46.320,45.140,45.140,44.360,43.470,44.500,45.690,45.940,45.970,45.970
103,白米躉售,圓糯,苗栗縣,43.180,45.500,45.500,44.180,42.830,42.080,40.420,39.770,42.720,43.520,43.910,44.160,43.560
103,白米躉售,圓糯,彰化縣,42.880,44.970,45.430,44.580,43.550,42.710,41.020,39.700,41.490,42.370,42.730,42.650,43.410
103,白米躉售,圓糯,南投縣,41.890,43.670,44.140,42.690,40.890,40.830,38.390,39.330,41.210,41.670,42.730,43.570,43.570
103,白米躉售,圓糯,雲林縣,42.460,44.310,44.520,44.250,42.980,42.270,39.570,38.440,41.860,43.420,42.690,42.650,42.600
103,白米躉售,圓糯,嘉義縣,42.940,44.580,44.580,44.580,44.510,44.300,43.880,38.410,39.160,42.450,43.030,42.920,42.920
103,白米躉售,圓糯,屏東縣,44.320,45.090,45.440,45.380,44.090,44.090,44.090,44.090,43.960,43.810,43.920,43.920,43.920
103,白米躉售,圓糯,台東縣,48.470,49.230,49.330,49.330,49.330,48.800,46.590,46.210,48.130,48.290,48.420,48.620,49.350
103,白米躉售,圓糯,花蓮縣,44.820,45.450,45.510,45.440,46.190,46.200,45.130,43.270,43.090,44.590,44.370,44.000,44.600
103,白米躉售,圓糯,基隆市,44.300,44.900,44.900,44.900,44.820,44.480,43.940,42.560,43.610,44.170,44.270,44.510,44.580
103,白米躉售,圓糯,新竹市,44.650,46.510,46.540,46.640,45.670,44.880,43.720,41.950,42.900,43.670,44.280,44.530,44.530
103,白米躉售,圓糯,台中市,43.590,45.630,46.210,44.820,43.960,43.490,41.420,39.840,42.540,43.620,43.820,43.860,43.860
103,白米躉售,圓糯,嘉義市,42.990,44.160,44.160,44.160,44.160,44.160,43.770,39.980,40.830,42.370,42.740,42.670,42.670
103,白米躉售,圓糯,台南市,43.490,44.400,45.400,45.080,44.570,44.360,42.250,38.540,41.690,43.850,43.930,43.930,43.930
103,白米躉售,圓糯,台北市,44.670,44.920,44.920,44.920,44.840,44.330,43.930,42.810,44.170,45.000,45.240,45.500,45.500
103,白米躉售,圓糯,高雄市,44.610,45.610,46.000,45.770,45.430,45.080,43.410,42.160,42.980,44.000,44.610,44.920,45.340
104,白米躉售,圓糯,新北市,46.610,45.100,45.460,45.990,46.110,46.280,46.810,47.080,47.260,47.320,47.320,47.320,47.320
104,白米躉售,圓糯,宜蘭縣,44.760,43.320,43.060,45.740,46.390,46.120,45.060,44.880,45.000,45.000,44.500,43.920,44.100
104,白米躉售,圓糯,桃園市,43.750,43.700,44.470,45.330,45.430,44.230,41.770,42.840,43.460,43.890,43.360,42.590,43.930
104,白米躉售,圓糯,新竹縣,45.280,45.970,46.070,46.660,47.210,45.940,43.390,43.860,44.440,44.660,44.890,44.680,45.540
104,白米躉售,圓糯,苗栗縣,44.020,44.710,44.700,45.360,45.450,44.050,42.760,43.000,43.560,43.670,43.670,43.670,43.670
104,白米躉售,圓糯,彰化縣,43.480,43.360,43.750,44.970,44.740,43.700,41.760,43.320,43.350,43.100,43.030,42.850,43.830
104,白米躉售,圓糯,南投縣,42.710,44.060,44.620,45.340,44.540,43.450,39.110,40.040,44.290,41.180,40.830,40.830,44.250
104,白米躉售,圓糯,雲林縣,43.030,42.810,43.430,44.600,44.550,43.460,42.670,42.740,42.510,42.400,42.080,41.970,43.130
104,白米躉售,圓糯,嘉義縣,44.090,42.920,43.550,45.690,45.690,44.520,43.460,44.380,44.320,43.710,42.990,43.040,44.790
104,白米躉售,圓糯,屏東縣,44.260,43.580,43.450,45.440,45.780,45.380,45.380,44.960,44.700,43.170,42.520,42.520,44.250
104,白米躉售,圓糯,台東縣,49.190,49.350,49.350,49.350,49.350,49.350,49.350,49.350,49.350,48.660,48.630,48.850,49.380
104,白米躉售,圓糯,花蓮縣,46.100,44.410,45.010,47.270,47.420,46.530,45.230,45.780,46.120,46.590,46.380,45.970,46.450
104,白米躉售,圓糯,基隆市,46.200,44.470,44.790,45.430,45.630,45.800,46.250,46.410,46.670,46.770,46.770,47.510,47.920
104,白米躉售,圓糯,新竹市,44.580,44.600,44.760,45.950,46.180,44.570,43.560,43.600,43.760,44.460,44.630,44.410,44.490
104,白米躉售,圓糯,台中市,44.430,44.230,44.820,45.660,45.900,44.960,43.730,43.920,44.420,44.010,43.760,43.400,44.290
104,白米躉售,圓糯,嘉義市,44.060,42.670,43.290,45.820,45.830,44.870,44.140,44.420,45.160,44.800,42.000,41.820,43.920
104,白米躉售,圓糯,台南市,44.880,44.650,45.000,45.720,45.440,44.310,43.820,44.790,45.240,44.700,45.170,45.200,44.490
104,白米躉售,圓糯,台北市,46.770,45.570,45.920,46.120,46.250,46.370,46.640,47.130,47.390,47.420,47.420,47.270,47.680
104,白米躉售,圓糯,高雄市,45.920,45.300,45.300,46.170,46.570,45.920,45.420,45.770,46.170,46.230,46.240,46.060,45.900
105,白米躉售,圓糯,新北市,45.800,47.320,47.540,47.050,46.620,46.310,45.580,44.910,44.910,44.910,44.800,44.800,44.800
105,白米躉售,圓糯,宜蘭縣,41.440,44.170,44.110,43.490,42.780,42.550,42.220,41.060,40.180,39.170,39.170,39.170,39.170
105,白米躉售,圓糯,桃園市,39.080,44.170,43.970,40.850,40.200,39.900,39.190,36.540,36.490,36.390,36.500,36.820,37.880
105,白米躉售,圓糯,新竹縣,42.290,45.960,45.490,44.250,43.470,43.160,41.910,40.820,39.870,39.830,39.830,41.060,41.880
105,白米躉售,圓糯,苗栗縣,40.140,43.670,43.720,43.780,41.530,40.340,38.470,38.050,38.050,38.050,38.050,38.350,39.650
105,白米躉售,圓糯,彰化縣,38.700,43.900,42.640,40.950,39.810,39.090,38.500,36.330,36.150,35.660,35.440,36.930,39.030
105,白米躉售,圓糯,南投縣,37.740,42.790,41.670,40.830,38.830,38.330,38.330,37.140,34.170,34.170,34.380,35.560,36.670
105,白米躉售,圓糯,雲林縣,37.980,43.070,42.010,41.080,40.280,39.910,38.580,35.290,34.510,34.520,34.550,35.020,36.990
105,白米躉售,圓糯,嘉義縣,39.050,44.000,42.760,40.780,39.510,38.940,38.300,38.090,38.090,38.090,35.180,36.460,38.420
105,白米躉售,圓糯,屏東縣,42.750,45.180,45.180,45.150,45.020,43.180,41.720,41.610,41.010,41.010,41.010,41.010,41.890
105,白米躉售,圓糯,台東縣,48.010,49.570,49.570,48.560,47.950,47.470,46.900,46.900,46.900,46.900,46.900,49.140,49.300
105,白米躉售,圓糯,花蓮縣,44.450,46.670,46.360,46.000,45.850,45.240,44.270,44.280,43.430,43.050,42.390,42.390,43.430
105,白米躉售,圓糯,基隆市,45.860,47.920,48.150,47.360,46.910,46.690,46.000,45.020,45.020,44.330,44.190,44.230,44.480
105,白米躉售,圓糯,新竹市,40.790,44.510,43.940,42.850,41.640,41.150,40.480,39.780,38.580,38.570,38.790,39.210,39.970
105,白米躉售,圓糯,台中市,39.400,44.650,43.460,42.320,41.090,40.700,39.540,37.830,35.740,35.740,35.870,37.230,38.590
105,白米躉售,圓糯,嘉義市,39.340,44.440,42.350,41.160,40.170,40.330,38.440,38.090,38.090,38.090,35.640,37.000,38.300
105,白米躉售,圓糯,台南市,39.250,44.000,43.150,41.440,41.050,40.640,38.240,37.370,37.140,36.460,36.230,37.320,37.980
105,白米躉售,圓糯,台北市,45.740,47.840,48.120,47.310,46.630,46.180,45.370,44.700,44.510,44.410,44.410,44.650,44.710
105,白米躉售,圓糯,高雄市,42.670,46.290,46.530,45.820,44.640,43.730,42.240,40.350,39.980,39.740,40.360,40.330,42.070
106,白米躉售,圓糯,新北市,44.550,45.140,45.290,44.640,44.400,43.840,43.510,44.210,44.460,44.670,44.670,44.910,44.860
106,白米躉售,圓糯,宜蘭縣,40.460,39.170,39.170,39.170,38.870,38.750,39.330,40.830,40.830,41.890,42.500,42.500,42.500
106,白米躉售,圓糯,桃園市,39.370,39.400,39.360,38.620,37.900,38.050,39.090,39.900,40.480,40.480,40.420,39.390,39.360
106,白米躉售,圓糯,新竹縣,42.270,42.210,42.220,41.810,41.200,41.080,41.190,42.480,43.190,43.190,43.270,42.770,42.640
106,白米躉售,圓糯,苗栗縣,39.960,40.160,40.160,40.080,39.610,40.200,39.910,39.890,39.890,39.890,39.890,39.890,39.890
106,白米躉售,圓糯,彰化縣,39.430,38.790,38.860,38.290,37.330,36.820,38.090,40.250,41.430,41.310,41.260,40.510,40.170
106,白米躉售,圓糯,南投縣,39.420,38.220,38.180,36.670,36.670,36.700,37.830,40.830,41.450,41.670,41.670,41.670,41.450
106,白米躉售,圓糯,雲林縣,38.580,37.570,37.560,36.840,36.360,36.720,38.530,40.550,41.010,40.620,39.680,38.220,39.330
106,白米躉售,圓糯,嘉義縣,39.350,38.440,38.360,38.050,37.740,37.900,39.380,40.990,40.900,41.040,40.620,39.060,39.670
106,白米躉售,圓糯,屏東縣,41.710,42.180,42.180,42.180,42.000,38.400,40.170,42.310,42.310,42.310,42.310,42.120,42.000
106,白米躉售,圓糯,台東縣,50.210,49.320,49.080,49.080,49.080,49.080,49.080,49.080,50.890,51.970,51.970,51.970,51.970
106,白米躉售,圓糯,花蓮縣,43.210,43.680,43.890,43.990,43.170,42.670,42.950,43.000,43.000,43.000,43.000,43.000,43.140
106,白米躉售,圓糯,基隆市,45.300,44.480,44.480,44.460,44.420,44.280,44.210,45.910,46.560,46.290,46.240,46.180,46.070
106,白米躉售,圓糯,新竹市,41.220,40.180,40.240,40.200,40.060,40.030,40.480,42.110,42.740,42.740,42.530,41.710,41.560
106,白米躉售,圓糯,台中市,40.090,38.970,39.520,39.280,38.420,38.490,39.040,40.550,41.780,41.640,41.420,40.970,40.970
106,白米躉售,圓糯,嘉義市,39.870,38.330,38.330,38.460,38.140,38.220,40.020,41.620,41.670,41.670,41.330,40.470,40.170
106,白米躉售,圓糯,台南市,39.360,38.060,38.060,37.270,36.990,37.880,39.510,40.940,41.070,40.970,40.960,40.390,40.200
106,白米躉售,圓糯,台北市,44.840,44.860,44.930,44.940,44.920,44.590,44.160,44.670,44.920,45.040,45.000,44.990,45.080
106,白米躉售,圓糯,高雄市,42.180,42.070,42.110,41.800,40.650,39.900,41.220,42.820,43.480,43.760,43.460,42.530,42.410
107,白米躉售,圓糯,新北市,44.010,44.240,44.170,44.170,44.170,44.170,44.170,44.170,44.170,44.000,43.830,43.630,43.250
107,白米躉售,圓糯,宜蘭縣,40.620,42.500,42.060,41.670,41.670,41.670,41.670,41.670,40.050,40.000,38.640,37.920,37.920
107,白米躉售,圓糯,桃園市,38.630,39.480,39.420,39.420,39.420,39.420,39.420,39.420,39.420,37.440,37.100,36.930,36.670
107,白米躉售,圓糯,新竹縣,42.360,42.860,42.860,42.860,42.860,42.770,42.310,42.310,42.300,42.010,41.940,41.670,41.570
107,白米躉售,圓糯,苗栗縣,39.890,39.890,39.890,39.890,39.890,39.890,39.890,39.890,39.890,39.890,39.890,39.890,39.890
107,白米躉售,圓糯,彰化縣,37.430,39.980,39.580,38.960,38.810,38.610,38.080,36.990,36.150,35.660,35.640,35.550,35.190
107,白米躉售,圓糯,南投縣,37.220,40.000,39.910,38.330,38.330,38.330,38.330,38.330,35.110,35.000,35.000,35.000,35.000
107,白米躉售,圓糯,雲林縣,36.830,39.460,38.810,38.760,38.310,38.150,37.710,35.680,35.320,35.250,35.020,34.920,34.590
107,白米躉售,圓糯,嘉義縣,36.740,39.170,38.960,38.750,38.690,38.390,36.830,36.250,35.040,34.710,34.710,34.710,34.640
107,白米躉售,圓糯,屏東縣,40.790,42.000,42.000,42.000,42.000,42.000,41.720,40.620,40.680,40.680,40.680,39.440,35.680
107,白米躉售,圓糯,台東縣,51.810,51.970,51.970,51.970,51.970,51.970,51.970,51.970,51.970,51.970,51.970,51.170,50.880
107,白米躉售,圓糯,花蓮縣,43.140,43.330,43.220,42.790,42.830,43.320,43.150,43.160,43.180,43.180,43.180,43.180,43.180
107,白米躉售,圓糯,基隆市,45.600,46.070,46.070,46.070,45.930,45.710,45.710,45.710,45.710,45.710,45.280,44.860,44.370
107,白米躉售,圓糯,新竹市,40.360,41.840,41.900,41.900,41.820,41.520,40.480,39.410,39.300,39.050,39.120,39.050,38.940
107,白米躉售,圓糯,台中市,39.450,40.850,40.780,40.780,40.760,40.620,39.900,39.030,38.540,38.330,38.380,38.100,37.310
107,白米躉售,圓糯,嘉義市,37.890,40.170,39.630,39.280,38.920,38.920,37.960,37.670,37.000,36.840,36.840,35.840,35.620
107,白米躉售,圓糯,台南市,38.200,40.270,40.110,39.780,39.430,39.310,38.520,37.300,36.710,36.900,36.850,36.680,36.510
107,白米躉售,圓糯,台北市,44.150,45.060,44.850,44.680,44.550,44.550,44.550,44.520,44.020,43.850,43.480,43.070,42.580
107,白米躉售,圓糯,高雄市,41.090,42.320,42.270,42.210,42.040,41.870,41.620,41.170,40.670,40.370,39.820,39.360,39.310
108,白米躉售,圓糯,新北市,41.970,42.570,42.330,42.230,41.830,41.520,41.460,41.740,42.000,42.000,42.000,42.000,42.000
108,白米躉售,圓糯,宜蘭縣,38.810,37.920,37.920,37.920,37.920,37.920,37.480,38.530,41.110,41.040,39.480,39.350,39.170
108,白米躉售,圓糯,桃園市,37.390,36.670,36.570,36.380,36.390,36.390,36.230,37.640,38.610,38.680,38.680,38.440,37.970
108,白米躉售,圓糯,新竹縣,40.310,40.810,40.280,40.190,39.860,39.860,39.440,39.430,40.330,41.110,41.060,40.820,40.480
108,白米躉售,圓糯,苗栗縣,39.020,39.890,39.890,39.890,39.890,39.480,37.380,37.380,37.380,38.690,39.440,39.440,39.440
108,白米躉售,圓糯,彰化縣,35.260,34.680,34.540,34.410,34.270,34.270,34.310,36.470,35.590,32.590,37.410,37.300,37.300
108,白米躉售,圓糯,南投縣,36.220,35.000,35.000,35.000,35.000,35.000,35.000,35.750,38.250,38.110,37.500,37.500,37.500
108,白米躉售,圓糯,雲林縣,35.650,34.490,34.390,34.400,34.330,34.130,33.970,36.400,38.370,37.450,36.860,36.540,36.470
108,白米躉售,圓糯,嘉義縣,36.020,34.500,34.500,34.690,34.710,34.250,34.280,36.850,38.310,38.280,37.680,37.090,37.090
108,白米躉售,圓糯,屏東縣,36.540,35.000,35.000,35.130,35.330,35.230,35.170,36.070,38.000,38.200,38.330,38.480,38.480
108,白米躉售,圓糯,台東縣,50.670,50.880,50.880,50.880,50.880,49.290,50.150,50.850,50.850,50.850,50.850,50.850,50.850
108,白米躉售,圓糯,花蓮縣,43.010,43.180,43.180,43.180,43.180,42.970,42.910,42.910,42.910,42.910,42.910,42.910,42.910
108,白米躉售,圓糯,基隆市,43.750,43.740,43.690,43.690,43.690,43.600,43.450,43.450,43.930,43.930,43.930,43.930,43.930
108,白米躉售,圓糯,新竹市,39.730,38.930,38.930,38.930,38.930,38.920,38.890,39.500,40.670,40.830,40.830,40.830,40.620
108,白米躉售,圓糯,台中市,37.280,35.640,35.540,35.760,35.760,35.850,35.300,37.650,39.190,39.740,39.190,38.690,39.070
108,白米躉售,圓糯,嘉義市,36.670,35.000,35.000,35.000,35.000,34.720,34.800,37.540,39.450,39.170,38.640,37.780,37.960
108,白米躉售,圓糯,台南市,36.760,36.060,35.770,35.500,35.140,35.140,35.030,36.740,38.950,38.850,38.000,38.000,37.920
108,白米躉售,圓糯,台北市,41.940,42.200,42.120,42.170,41.950,41.640,41.570,41.710,42.000,42.050,42.000,41.950,41.880
108,白米躉售,圓糯,高雄市,40.310,39.350,39.310,39.200,38.780,38.630,38.540,40.120,41.570,42.220,41.970,42.060,41.990
109,白米躉售,圓糯,新北市,42.840,42.000,42.000,42.000,42.580,43.170,43.100,43.000,43.000,43.000,43.000,43.040,44.230
109,白米躉售,圓糯,宜蘭縣,40.050,39.170,39.020,38.340,38.470,40.840,40.650,40.000,40.000,40.000,40.000,41.060,42.990
109,白米躉售,圓糯,桃園市,39.240,37.780,37.800,37.810,39.140,39.180,38.760,40.080,40.030,39.820,39.510,38.650,42.290
109,白米躉售,圓糯,新竹縣,40.870,40.280,40.280,40.280,40.480,40.700,40.570,40.950,40.980,40.980,40.980,41.010,42.940
109,白米躉售,圓糯,苗栗縣,39.830,39.220,39.030,39.020,39.150,39.440,39.140,39.610,39.720,39.720,39.720,39.730,44.490
109,白米躉售,圓糯,彰化縣,38.490,37.340,37.300,37.320,38.240,38.360,37.060,38.740,38.620,38.320,38.300,39.300,42.940
109,白米躉售,圓糯,南投縣,38.440,37.500,37.500,37.500,38.190,38.330,37.360,38.330,38.040,37.500,37.500,39.310,44.170
109,白米躉售,圓糯,雲林縣,37.900,36.240,36.070,36.160,37.470,37.960,37.380,39.040,38.530,37.760,37.170,38.430,42.600
109,白米躉售,圓糯,嘉義縣,38.340,36.700,36.370,36.040,37.650,37.920,36.780,39.230,38.950,38.580,38.430,39.950,43.500
109,白米躉售,圓糯,屏東縣,38.940,38.410,38.280,38.290,38.320,38.390,36.260,39.240,39.240,39.100,38.760,39.060,43.960
109,白米躉售,圓糯,台東縣,50.850,50.850,50.850,50.850,50.850,50.850,50.850,50.850,50.850,50.850,50.850,50.850,50.850
109,白米躉售,圓糯,花蓮縣,43.290,42.910,42.910,42.910,42.910,42.910,42.910,42.910,42.910,42.910,42.910,42.910,47.500
109,白米躉售,圓糯,基隆市,43.950,43.930,43.930,43.700,43.750,43.810,43.810,43.810,43.810,43.810,43.810,43.930,45.320
109,白米躉售,圓糯,新竹市,40.980,40.600,40.440,40.150,40.440,41.210,40.540,40.640,41.070,41.070,41.070,41.260,43.270
109,白米躉售,圓糯,台中市,40.380,39.090,38.820,38.700,39.790,41.000,39.710,41.620,41.130,39.700,39.690,40.870,44.490
109,白米躉售,圓糯,嘉義市,38.760,37.890,37.770,37.610,38.360,38.720,37.730,39.170,39.160,38.730,38.610,39.730,41.590
109,白米躉售,圓糯,台南市,39.190,37.830,37.830,37.890,38.690,39.000,37.930,40.670,39.970,38.650,38.440,39.760,43.650
109,白米躉售,圓糯,台北市,42.610,41.830,41.850,41.850,42.190,42.820,42.670,42.810,42.810,42.780,42.700,42.650,44.390
109,白米躉售,圓糯,高雄市,42.320,41.510,41.210,41.160,41.560,42.520,41.580,42.120,42.810,42.960,42.730,42.900,44.770
110,白米躉售,圓糯,新北市,46.190,46.010,46.630,46.630,46.620,46.410,46.400,46.060,45.930,45.890,45.890,45.890,45.890
110,白米躉售,圓糯,宜蘭縣,42.320,44.170,44.170,44.170,44.170,42.350,42.220,42.220,41.080,40.830,40.830,40.830,40.830
110,白米躉售,圓糯,桃園市,41.430,43.320,43.410,43.390,42.410,42.430,42.570,40.260,39.410,40.000,40.000,40.000,40.000
110,白米躉售,圓糯,新竹縣,44.510,44.070,45.330,45.330,45.050,44.860,44.740,44.310,44.310,44.220,44.030,44.030,43.780
110,白米躉售,圓糯,苗栗縣,43.350,44.770,46.390,46.230,45.700,43.730,43.350,42.640,42.640,42.640,41.040,40.550,40.550
110,白米躉售,圓糯,彰化縣,40.380,43.080,43.290,42.350,40.950,41.060,41.340,40.050,38.700,38.640,38.390,38.300,38.370
110,白米躉售,圓糯,南投縣,40.560,44.170,44.170,42.980,41.170,40.370,41.670,40.480,38.330,38.330,38.330,38.330,38.330
110,白米躉售,圓糯,雲林縣,39.020,42.870,42.400,41.780,39.960,39.890,39.380,37.400,37.170,36.910,36.540,36.430,37.540
110,白米躉售,圓糯,嘉義縣,39.500,43.540,43.340,43.250,42.610,41.220,40.810,37.430,36.250,36.250,36.250,36.080,36.930
110,白米躉售,圓糯,屏東縣,41.000,44.340,44.040,43.590,41.540,41.290,41.180,39.710,39.260,39.260,39.260,39.260,39.260
110,白米躉售,圓糯,台東縣,52.630,51.410,51.680,51.910,52.100,52.100,52.100,52.200,53.610,53.610,53.610,53.610,53.610
110,白米躉售,圓糯,花蓮縣,47.500,47.500,47.500,47.500,47.500,47.500,47.500,47.500,47.500,47.500,47.500,47.500,47.500
110,白米躉售,圓糯,基隆市,46.930,46.710,46.950,46.950,46.950,46.950,46.950,46.950,46.950,46.950,46.950,46.950,46.950
110,白米躉售,圓糯,新竹市,43.180,44.860,45.180,45.110,44.580,43.820,43.500,42.980,42.020,41.790,41.480,41.310,41.550
110,白米躉售,圓糯,台中市,42.600,44.830,44.830,44.450,43.560,43.120,43.680,42.380,41.560,40.810,40.320,40.310,41.390
110,白米躉售,圓糯,嘉義市,39.910,40.960,44.170,43.990,42.520,40.470,41.110,38.980,37.220,37.220,37.220,37.460,37.560
110,白米躉售,圓糯,台南市,39.980,43.820,43.630,42.970,41.360,40.930,40.290,38.260,37.390,37.330,37.330,37.450,38.940
110,白米躉售,圓糯,台北市,46.250,47.040,47.000,46.910,46.800,46.350,46.320,45.820,45.780,45.780,45.770,45.740,45.740
110,白米躉售,圓糯,高雄市,45.550,45.610,46.110,46.540,45.710,45.460,45.460,45.460,45.460,45.290,45.180,45.180,45.180
111,白米躉售,圓糯,新北市,45.850,45.930,45.950,46.030,46.030,45.950,45.780,45.760,45.750,45.750,45.750,45.750,45.730
111,白米躉售,圓糯,宜蘭縣,39.740,38.710,38.610,38.610,38.850,39.960,40.280,40.280,40.280,40.280,40.280,40.390,40.390
111,白米躉售,圓糯,桃園市,40.460,40.340,40.370,40.350,40.190,40.230,40.370,40.430,40.580,40.630,40.630,40.650,40.730
111,白米躉售,圓糯,新竹縣,43.310,43.620,43.330,43.330,43.330,43.330,43.330,43.410,43.200,43.200,43.200,43.200,43.200
111,白米躉售,圓糯,苗栗縣,41.190,40.550,40.550,40.550,40.550,40.550,40.550,40.550,41.030,42.360,42.360,42.360,42.360
111,白米躉售,圓糯,彰化縣,38.050,38.180,38.260,38.040,37.900,37.790,37.650,38.000,38.090,38.150,38.190,38.190,38.170
111,白米躉售,圓糯,南投縣,38.040,38.330,38.330,37.500,37.500,37.500,37.500,38.170,38.330,38.330,38.330,38.330,38.330
111,白米躉售,圓糯,雲林縣,37.890,37.930,37.980,37.680,37.510,37.770,37.750,38.070,38.190,38.120,38.010,37.890,37.810
111,白米躉售,圓糯,嘉義縣,38.610,38.330,38.330,38.330,38.420,38.680,38.750,38.750,38.750,38.750,38.750,38.750,38.750
111,白米躉售,圓糯,屏東縣,38.180,38.330,38.330,38.330,37.980,38.120,38.120,38.120,38.120,38.120,38.120,38.120,38.290
111,白米躉售,圓糯,台東縣,53.610,53.610,53.610,53.610,53.610,53.610,53.610,53.610,53.610,53.610,53.610,53.610,53.610
111,白米躉售,圓糯,花蓮縣,47.120,47.500,47.500,47.190,47.190,47.190,47.190,47.190,46.670,46.950,46.950,46.950,46.950
111,白米躉售,圓糯,基隆市,45.820,46.820,46.810,46.530,45.710,45.500,45.500,45.500,45.500,45.500,45.500,45.500,45.500
111,白米躉售,圓糯,新竹市,41.830,41.730,41.900,41.980,41.820,41.730,41.780,41.780,41.780,41.800,41.900,41.900,41.910
111,白米躉售,圓糯,台中市,41.840,41.770,41.540,41.470,41.300,41.860,41.930,42.020,42.070,42.070,42.070,42.070,41.890
111,白米躉售,圓糯,嘉義市,37.840,37.330,37.330,37.030,36.940,37.880,38.310,38.050,38.050,38.140,38.330,38.330,38.330
111,白米躉售,圓糯,台南市,38.780,38.970,39.000,38.820,38.680,39.170,38.670,38.700,38.660,38.660,38.660,38.660,38.660
111,白米躉售,圓糯,台北市,45.500,45.730,45.560,45.560,45.610,45.820,45.450,45.380,45.380,45.380,45.380,45.380,45.380
111,白米躉售,圓糯,高雄市,45.090,45.110,45.090,45.090,45.090,45.090,45.090,45.090,45.090,45.090,45.090,45.090,45.090
112,白米躉售,圓糯,新北市,45.590,45.620,45.520,45.410,45.470,45.560,45.400,45.240,45.240,45.310,45.530,46.060,46.690
112,白米躉售,圓糯,宜蘭縣,40.670,40.390,40.390,40.390,40.390,40.390,40.390,40.390,40.390,40.390,40.390,41.190,42.920
112,白米躉售,圓糯,桃園市,41.770,40.640,40.630,40.710,40.830,40.840,41.200,41.500,41.680,42.250,42.930,43.670,44.350
112,白米躉售,圓糯,新竹縣,43.120,42.910,42.560,42.370,42.590,42.640,42.640,42.640,42.640,42.790,43.210,43.720,46.700
112,白米躉售,圓糯,苗栗縣,43.420,42.360,42.360,42.360,42.550,42.640,43.160,43.550,43.550,43.550,43.730,44.140,47.070
112,白米躉售,圓糯,彰化縣,40.250,37.930,37.920,38.150,39.760,40.140,40.060,39.880,39.750,40.620,41.670,42.370,44.720
112,白米躉售,圓糯,南投縣,40.300,38.330,38.330,38.490,40.000,40.000,40.000,40.000,40.000,40.660,40.830,42.000,45.000
112,白米躉售,圓糯,雲林縣,39.850,37.690,37.810,38.210,39.560,39.910,39.670,38.720,38.990,40.270,40.960,41.810,44.550
112,白米躉售,圓糯,嘉義縣,39.890,38.750,38.750,38.900,38.960,39.330,39.570,39.620,39.790,40.630,40.630,40.630,43.100
112,白米躉售,圓糯,屏東縣,40.020,38.950,38.230,38.230,38.290,40.190,40.830,40.830,40.830,40.830,40.930,41.040,41.100
112,白米躉售,圓糯,台東縣,54.160,53.610,53.610,53.510,51.310,51.310,53.800,55.460,55.460,55.460,55.460,55.460,55.460
112,白米躉售,圓糯,花蓮縣,46.970,46.950,46.950,46.950,46.950,46.950,46.950,46.950,46.950,46.950,46.950,46.950,47.140
112,白米躉售,圓糯,基隆市,45.420,45.500,45.440,45.220,45.220,45.220,45.290,45.360,45.360,45.410,45.560,45.560,45.860
112,白米躉售,圓糯,新竹市,43.700,43.190,44.550,44.000,43.360,43.680,43.500,43.330,43.290,43.390,43.420,43.660,45.000
112,白米躉售,圓糯,台中市,42.440,41.730,41.440,41.520,41.910,42.510,42.460,42.300,42.240,42.590,43.120,43.410,44.070
112,白米躉售,圓糯,嘉義市,39.610,38.330,38.330,38.730,38.890,39.170,39.720,39.720,39.720,39.720,39.720,39.720,43.500
112,白米躉售,圓糯,台南市,39.860,38.660,38.660,38.750,39.520,40.170,40.170,40.170,40.170,40.190,40.200,40.280,41.430
112,白米躉售,圓糯,台北市,45.950,45.320,45.270,45.490,45.670,45.670,45.730,45.780,45.780,46.000,46.610,46.730,47.390
112,白米躉售,圓糯,高雄市,45.410,45.090,45.350,45.390,45.460,45.460,45.460,45.460,45.460,45.460,45.460,45.460,45.460
113,白米躉售,圓糯,新北市,48.550,48.040,48.110,48.070,48.070,48.190,48.230,48.150,48.220,48.820,49.150,49.570,49.930
113,白米躉售,圓糯,宜蘭縣,45.670,42.920,42.920,44.230,45.840,45.840,45.840,45.840,46.560,46.670,46.670,47.170,47.500
113,白米躉售,圓糯,桃園市,46.110,45.940,46.530,45.920,45.700,45.550,44.910,44.900,45.910,47.000,46.880,46.950,47.090
113,白米躉售,圓糯,新竹縣,46.930,47.360,47.130,46.840,46.810,46.810,46.790,46.810,46.810,46.940,46.950,46.950,46.950
113,白米躉售,圓糯,苗栗縣,46.630,47.880,47.910,47.910,47.910,47.010,45.250,44.720,44.720,44.720,46.290,46.960,48.330
113,白米躉售,圓糯,彰化縣,44.780,44.740,45.130,44.710,44.410,43.660,43.410,43.930,44.950,45.120,45.200,45.740,46.320
113,白米躉售,圓糯,南投縣,45.450,45.190,45.830,45.830,45.580,44.760,44.170,44.870,45.830,45.830,45.830,45.830,45.830
113,白米躉售,圓糯,雲林縣,44.400,45.340,44.990,44.420,44.040,43.560,42.240,42.710,44.250,45.000,45.220,45.330,45.640
113,白米躉售,圓糯,嘉義縣,44.280,44.630,44.330,44.440,45.170,45.170,44.690,43.830,43.830,43.830,43.830,43.830,43.830
113,白米躉售,圓糯,屏東縣,41.120,41.670,41.670,41.670,41.670,40.970,40.830,40.830,40.830,40.830,40.830,40.830,40.830
113,白米躉售,圓糯,台東縣,54.530,55.460,55.460,55.460,55.460,55.460,55.460,55.460,54.840,52.810,52.810,52.810,52.810
113,白米躉售,圓糯,花蓮縣,47.600,47.190,47.190,47.190,47.190,47.450,47.660,47.660,47.660,47.660,47.660,47.660,49.080
113,白米躉售,圓糯,基隆市,47.910,46.890,46.950,46.950,46.950,47.210,47.500,47.580,47.780,48.040,48.160,49.600,51.250
113,白米躉售,圓糯,新竹市,45.870,45.690,45.730,45.470,45.020,44.820,45.310,45.420,45.420,46.790,46.910,46.910,46.910
113,白米躉售,圓糯,台中市,46.110,45.920,46.290,46.290,46.290,46.170,45.950,45.940,45.100,45.690,45.710,46.430,47.550
113,白米躉售,圓糯,嘉義市,44.620,45.420,45.410,45.210,45.200,45.000,44.660,44.090,44.090,44.090,44.090,44.090,44.090
113,白米躉售,圓糯,台南市,42.350,41.140,41.130,41.130,41.090,40.960,40.960,40.960,43.370,44.210,44.210,44.210,44.870
113,白米躉售,圓糯,台北市,49.250,48.490,48.800,48.800,48.800,48.860,48.950,48.790,48.790,49.230,49.500,50.660,51.360
113,白米躉售,圓糯,高雄市,45.460,45.460,45.460,45.460,45.460,45.460,45.460,45.460,45.460,45.460,45.460,45.460,45.460
114,白米躉售,圓糯,新北市,51.640,50.730,50.830,50.830,50.810,51.130,51.500,51.530,52.350,52.460,52.410,52.370,52.670
114,白米躉售,圓糯,宜蘭縣,47.500,47.500,47.500,47.500,47.500,47.500,47.500,47.500,47.500,47.500,47.500,47.500,47.500
114,白米躉售,圓糯,桃園市,47.720,47.150,47.190,47.230,47.290,47.490,47.500,47.400,47.760,48.330,48.300,48.280,48.720
114,白米躉售,圓糯,新竹縣,48.530,46.950,47.610,47.920,47.920,48.850,49.030,49.030,49.030,49.030,49.030,49.030,48.940
114,白米躉售,圓糯,苗栗縣,48.440,48.330,48.330,48.330,48.330,48.330,48.330,48.330,48.330,48.330,48.330,48.330,49.700
114,白米躉售,圓糯,彰化縣,46.850,46.330,46.330,46.420,46.490,46.790,46.820,47.040,47.080,47.180,47.180,47.180,47.370
114,白米躉售,圓糯,南投縣,45.830,45.830,45.830,45.830,45.830,45.830,45.830,45.830,45.830,45.830,45.830,45.830,45.830
114,白米躉售,圓糯,雲林縣,45.760,45.480,45.400,45.230,45.260,45.650,45.660,45.670,46.030,46.030,46.130,46.140,46.460
114,白米躉售,圓糯,嘉義縣,45.950,43.830,43.830,43.830,43.830,43.830,45.440,46.920,47.750,47.750,47.830,48.250,48.250
114,白米躉售,圓糯,屏東縣,41.990,40.830,40.830,40.830,40.830,40.970,41.990,42.330,42.330,42.330,42.330,42.330,45.960
114,白米躉售,圓糯,台東縣,54.390,52.810,52.810,52.810,52.810,52.810,52.810,55.170,56.130,56.130,56.130,56.130,56.130
114,白米躉售,圓糯,花蓮縣,50.370,50.250,50.250,50.250,50.250,50.250,50.250,50.250,50.250,50.450,50.660,50.660,50.660
114,白米躉售,圓糯,基隆市,52.960,52.010,52.220,52.220,52.220,52.460,52.690,52.920,53.390,53.750,53.940,53.870,53.830
114,白米躉售,圓糯,新竹市,48.250,46.910,46.910,46.910,47.060,48.380,48.570,49.020,49.050,49.050,49.050,49.050,49.050
114,白米躉售,圓糯,台中市,48.630,48.060,48.260,48.260,48.260,48.260,48.470,49.080,49.010,49.010,48.980,48.980,48.980
114,白米躉售,圓糯,嘉義市,46.060,44.090,44.090,44.090,44.090,44.090,45.480,46.920,47.750,47.750,47.830,48.250,48.250
114,白米躉售,圓糯,台南市,46.160,45.000,45.000,45.000,44.760,46.480,46.810,46.810,46.810,46.810,46.810,46.810,46.810
114,白米躉售,圓糯,台北市,53.910,52.470,52.780,52.860,52.780,53.550,53.950,54.250,54.260,54.610,55.080,55.140,55.140
114,白米躉售,圓糯,高雄市,45.480,45.460,45.460,45.460,45.460,45.460,45.460,45.460,45.460,45.460,45.460,45.530,45.660
115,白米躉售,圓糯,新北市,52.700,52.700,52.970,53.270,53.130,53.090,52.690,52.110,51.650,,,,
115,白米躉售,圓糯,宜蘭縣,47.500,47.500,47.500,47.500,47.500,47.500,47.500,47.500,47.500,,,,
115,白米躉售,圓糯,桃園市,48.180,48.690,48.690,48.590,48.570,48.570,48.290,47.360,46.670,,,,
115,白米躉售,圓糯,新竹縣,49.180,48.830,48.830,48.830,48.920,49.500,49.500,49.500,49.500,,,,
115,白米躉售,圓糯,苗栗縣,50.110,49.720,49.720,50.450,50.560,50.560,50.560,50.560,48.750,,,,
115,白米躉售,圓糯,彰化縣,46.100,47.460,47.670,47.350,47.000,46.380,45.590,44.090,43.270,,,,
115,白米躉售,圓糯,南投縣,48.160,46.890,48.420,48.330,48.330,48.330,48.330,48.330,48.330,,,,
115,白米躉售,圓糯,雲林縣,44.620,46.690,46.750,46.600,46.120,44.910,43.090,41.600,41.200,,,,
115,白米躉售,圓糯,嘉義縣,48.250,48.250,48.250,48.250,48.250,48.250,48.250,48.250,48.250,,,,
115,白米躉售,圓糯,屏東縣,46.500,46.500,46.500,46.500,46.500,46.500,46.500,46.500,46.500,,,,
115,白米躉售,圓糯,台東縣,56.130,56.130,56.130,56.130,56.130,56.130,56.130,56.130,56.130,,,,
115,白米躉售,圓糯,花蓮縣,50.660,50.660,50.660,50.660,50.660,50.660,50.660,50.660,50.660,,,,
115,白米躉售,圓糯,基隆市,53.760,53.830,53.830,54.130,53.990,53.830,53.750,53.500,53.180,,,,
115,白米躉售,圓糯,新竹市,48.160,49.050,49.050,49.110,49.330,49.640,48.850,45.140,45.140,,,,
115,白米躉售,圓糯,台中市,49.140,48.980,49.010,49.190,49.190,49.190,49.190,49.190,49.190,,,,
115,白米躉售,圓糯,嘉義市,48.250,48.250,48.250,48.250,48.250,48.250,48.250,48.250,48.250,,,,
115,白米躉售,圓糯,台南市,46.810,46.810,46.810,46.810,46.810,46.810,46.810,46.810,46.810,,,,
115,白米躉售,圓糯,台北市,54.250,54.900,54.520,54.490,54.380,54.410,54.090,53.900,53.330,,,,
115,白米躉售,圓糯,高雄市,45.460,45.840,45.970,45.150,45.340,45.340,45.340,45.340,45.340,,,,
82,白米躉售,長糯,新北市,33.170,28.000,28.000,28.000,28.130,28.330,35.750,33.330,33.330,33.330,36.990,42.940,41.860
82,白米躉售,長糯,桃園市,33.910,29.200,29.200,29.200,29.570,30.030,36.590,32.180,32.720,33.790,36.890,43.930,43.630
82,白米躉售,長糯,台中縣,33.310,28.570,28.570,28.570,28.900,30.000,36.430,31.520,32.600,33.570,35.470,42.670,42.830
82,白米躉售,長糯,彰化縣,31.840,27.860,27.860,27.860,28.050,28.570,32.570,30.000,30.970,31.430,34.490,41.000,41.430
82,白米躉售,長糯,雲林縣,29.500,24.150,24.910,25.050,24.880,25.750,29.430,28.840,29.850,29.850,32.860,39.500,38.960
82,白米躉售,長糯,嘉義縣,31.610,26.670,26.670,26.670,27.220,28.500,34.820,29.140,30.740,31.000,34.380,41.880,41.590
82,白米躉售,長糯,台南縣,31.650,26.670,26.670,26.670,26.670,26.670,36.890,30.950,30.950,30.950,33.430,41.640,41.670
82,白米躉售,長糯,高雄縣,33.420,28.560,28.260,28.260,29.270,30.430,36.600,31.230,32.300,32.940,36.180,44.470,42.590
82,白米躉售,長糯,屏東縣,32.780,28.270,28.270,28.270,28.270,28.290,33.550,32.070,32.440,33.330,34.550,42.800,43.240
82,白米躉售,長糯,台東縣,31.900,28.330,28.330,28.330,28.330,28.330,34.260,29.680,32.310,32.600,33.360,38.840,40.100
82,白米躉售,長糯,花蓮縣,33.180,28.670,28.560,28.790,29.170,29.170,35.280,32.770,33.330,33.330,33.980,42.550,42.580
82,白米躉售,長糯,基隆市,33.130,28.000,28.000,28.000,28.130,28.330,35.420,33.330,33.330,33.330,37.100,42.970,41.640
82,白米躉售,長糯,台中市,33.460,28.570,28.570,28.570,28.900,30.000,36.760,32.350,32.600,33.570,35.630,43.110,42.930
82,白米躉售,長糯,嘉義市,31.610,26.670,26.670,26.670,27.220,28.500,34.820,29.140,30.740,31.000,34.380,41.880,41.590
82,白米躉售,長糯,台南市,32.300,27.500,27.960,27.980,27.980,27.980,37.150,30.990,31.410,31.550,33.690,41.750,41.670
82,白米躉售,長糯,台北市,33.170,28.000,28.000,28.000,28.130,28.330,35.750,33.330,33.330,33.330,36.990,42.940,41.860
82,白米躉售,長糯,高雄市,33.420,28.560,28.260,28.260,29.270,30.430,36.600,31.230,32.300,32.940,36.180,44.470,42.590
83,白米躉售,長糯,新北市,41.600,43.810,47.320,51.640,54.560,54.060,44.720,32.210,32.500,32.000,32.200,36.860,37.370
83,白米躉售,長糯,宜蘭縣,38.970,,,,,,44.600,33.330,,,,,
83,白米躉售,長糯,桃園市,42.240,45.250,46.740,54.480,56.280,54.390,43.320,32.740,34.280,32.040,32.820,37.730,36.760
83,白米躉售,長糯,台中縣,41.850,43.410,46.460,51.570,54.100,54.520,45.280,33.550,34.150,33.580,31.710,36.760,37.140
83,白米躉售,長糯,彰化縣,41.380,43.110,45.380,50.740,52.860,53.090,45.950,34.660,34.290,33.380,30.970,36.090,35.990
83,白米躉售,長糯,雲林縣,37.500,41.160,44.030,49.810,51.250,48.830,36.520,28.580,28.660,28.330,27.930,32.750,32.150
83,白米躉售,長糯,嘉義縣,39.740,43.320,46.200,50.260,54.810,52.070,40.380,30.030,30.420,30.240,29.270,34.540,35.290
83,白米躉售,長糯,台南縣,39.320,41.900,44.760,49.790,51.750,51.440,40.250,30.810,31.670,31.220,30.000,35.270,33.000
83,白米躉售,長糯,高雄縣,41.430,44.200,47.450,52.720,55.260,52.310,40.530,32.530,32.600,32.220,32.210,37.390,37.680
83,白米躉售,長糯,屏東縣,40.390,43.240,44.470,46.770,50.480,51.880,42.330,34.780,34.780,33.430,31.290,35.200,36.050
83,白米躉售,長糯,台東縣,39.500,40.330,42.510,44.170,49.510,53.290,42.190,33.610,32.630,31.670,31.880,36.220,35.970
83,白米躉售,長糯,花蓮縣,40.230,41.820,43.140,44.620,50.780,50.160,44.340,37.040,34.300,33.330,31.990,35.560,35.700
83,白米躉售,長糯,基隆市,41.420,43.630,47.320,51.690,54.610,54.030,44.420,32.210,32.500,32.000,32.100,35.840,36.670
83,白米躉售,長糯,台中市,42.040,43.780,46.840,51.730,54.140,54.930,46.430,33.000,34.150,33.430,32.070,36.850,37.140
83,白米躉售,長糯,嘉義市,39.720,43.320,46.200,50.260,54.570,52.070,40.380,30.030,30.420,30.240,29.270,34.540,35.290
83,白米躉售,長糯,台南市,39.360,41.900,44.870,49.790,51.870,51.680,40.250,30.810,31.670,31.220,30.000,35.270,33.000
83,白米躉售,長糯,台北市,41.600,43.740,47.320,51.640,54.560,54.060,44.720,32.210,32.500,32.000,32.200,36.880,37.370
83,白米躉售,長糯,高雄市,41.470,44.200,47.590,52.720,55.460,52.310,40.720,32.530,32.600,32.220,32.210,37.390,37.680
84,白米躉售,長糯,新北市,33.300,36.580,37.110,37.500,41.500,41.860,30.150,28.360,29.600,29.110,28.400,29.520,29.880
84,白米躉售,長糯,宜蘭縣,31.670,,,,,,,,,31.670,,,
84,白米躉售,長糯,桃園市,32.900,36.670,36.670,36.800,40.770,41.560,30.950,28.570,28.570,28.570,28.500,28.330,28.790
84,白米躉售,長糯,台中縣,33.330,37.140,37.140,37.140,42.310,41.260,29.510,28.570,29.150,29.170,28.630,29.950,30.000
84,白米躉售,長糯,彰化縣,32.880,35.950,35.800,37.140,43.430,40.020,28.810,27.760,29.260,29.190,28.570,29.290,29.290
84,白米躉售,長糯,雲林縣,29.740,31.880,32.850,34.020,39.780,35.040,25.980,25.880,26.870,26.070,24.870,26.770,26.920
84,白米躉售,長糯,嘉義縣,31.280,34.780,35.250,35.620,41.590,38.820,26.470,26.790,27.540,26.910,26.680,27.440,27.500
84,白米躉售,長糯,台南縣,31.610,33.000,33.860,36.590,41.880,40.150,27.690,27.500,28.280,28.330,26.830,27.330,27.830
84,白米躉售,長糯,高雄縣,32.950,36.040,36.260,36.950,43.120,41.460,28.990,28.890,28.980,28.980,27.740,28.980,28.980
84,白米躉售,長糯,屏東縣,32.610,36.580,36.670,36.670,40.950,41.140,29.270,28.100,28.740,28.700,27.890,28.330,28.330
84,白米躉售,長糯,台東縣,32.670,35.000,35.000,35.590,40.600,41.210,30.990,29.220,30.350,29.030,28.370,28.330,28.330
84,白米躉售,長糯,花蓮縣,32.950,35.000,35.000,35.000,42.720,44.170,33.950,30.540,29.610,29.330,26.760,26.670,26.670
84,白米躉售,長糯,基隆市,33.280,36.670,36.670,36.960,41.030,42.280,31.040,28.330,29.600,29.130,28.360,29.470,29.840
84,白米躉售,長糯,台中市,33.400,37.140,37.140,37.140,42.470,41.440,29.760,28.570,29.270,29.290,28.640,29.950,30.000
84,白米躉售,長糯,嘉義市,31.280,34.780,35.250,35.620,41.590,38.820,26.470,26.790,27.540,26.910,26.680,27.440,27.500
84,白米躉售,長糯,台南市,31.610,33.000,33.860,36.590,41.880,40.150,27.690,27.500,28.280,28.330,26.830,27.330,27.830
84,白米躉售,長糯,台北市,33.300,36.580,37.110,37.500,41.500,41.860,30.150,28.360,29.600,29.110,28.400,29.520,29.880
84,白米躉售,長糯,高雄市,32.950,36.040,36.260,36.950,43.120,41.460,28.990,28.890,28.980,28.980,27.740,28.980,28.980
85,白米躉售,長糯,新北市,31.470,30.920,30.900,31.190,31.350,30.250,29.970,30.140,32.170,31.970,31.550,33.100,34.130
85,白米躉售,長糯,桃園市,31.270,30.640,30.830,30.830,31.360,30.800,30.390,30.330,31.420,31.430,30.960,32.310,33.880
85,白米躉售,長糯,台中縣,30.770,30.000,30.000,30.000,30.000,30.000,30.000,30.000,31.310,31.640,31.430,31.430,33.440
85,白米躉售,長糯,彰化縣,30.600,29.980,30.000,30.460,30.020,29.710,28.940,28.980,31.220,30.880,31.120,32.290,33.550
85,白米躉售,長糯,雲林縣,29.580,28.040,28.850,29.420,29.490,28.630,28.060,29.260,30.180,30.980,29.440,30.170,32.390
85,白米躉售,長糯,嘉義縣,29.510,28.580,28.980,28.980,28.980,28.980,28.680,28.740,30.480,30.220,29.330,29.640,32.560
85,白米躉售,長糯,台南縣,30.150,28.180,29.760,29.360,29.670,29.670,30.070,30.150,30.000,30.000,30.000,32.000,32.990
85,白米躉售,長糯,高雄縣,31.110,30.760,30.410,30.430,30.430,30.140,30.190,30.430,31.370,31.340,31.360,32.940,33.560
85,白米躉售,長糯,屏東縣,31.480,29.270,30.870,31.030,31.600,31.340,31.540,31.880,31.880,31.380,30.870,32.910,33.160
85,白米躉售,長糯,台東縣,30.000,28.330,28.330,28.330,29.160,29.160,30.130,29.280,31.480,31.310,30.160,30.550,33.790
85,白米躉售,長糯,花蓮縣,33.130,31.000,31.130,32.310,34.990,36.200,36.200,36.200,35.720,31.810,31.670,26.950,33.330
85,白米躉售,長糯,基隆市,31.430,30.880,30.900,31.180,31.230,30.300,29.970,30.110,32.080,32.010,31.460,33.130,33.910
85,白米躉售,長糯,台中市,30.840,30.000,30.000,30.000,30.000,30.000,30.000,30.000,31.610,32.170,31.430,31.430,33.440
85,白米躉售,長糯,嘉義市,29.510,28.580,28.980,28.980,28.980,28.980,28.680,28.740,30.480,30.220,29.330,29.640,32.560
85,白米躉售,長糯,台南市,30.210,28.180,30.000,29.870,29.670,29.670,30.070,30.150,30.000,30.000,30.000,32.000,32.860
85,白米躉售,長糯,台北市,31.460,30.920,30.900,31.190,31.180,30.250,29.970,30.140,32.170,31.970,31.550,33.100,34.130
85,白米躉售,長糯,高雄市,31.120,30.760,30.410,30.430,30.430,30.170,30.190,30.430,31.370,31.340,31.360,32.940,33.560
86,白米躉售,長糯,新北市,35.280,35.910,37.050,37.330,36.350,34.290,32.920,31.960,35.000,33.330,33.790,36.830,38.600
86,白米躉售,長糯,桃園市,34.360,35.800,36.730,37.000,36.340,33.520,31.670,30.940,31.960,31.670,32.960,36.550,37.230
86,白米躉售,長糯,台中縣,33.110,34.290,34.290,36.360,31.260,33.260,30.940,30.530,31.430,31.430,32.220,34.220,37.140
86,白米躉售,長糯,彰化縣,33.850,35.250,35.910,36.670,35.390,32.780,31.030,30.730,31.670,31.670,32.730,35.660,36.670
86,白米躉售,長糯,雲林縣,32.580,34.410,34.620,36.110,34.110,31.290,28.500,29.680,30.560,29.750,31.360,34.920,35.650
86,白米躉售,長糯,嘉義縣,32.400,33.730,34.060,34.060,34.060,31.880,29.650,29.430,30.190,30.000,30.920,34.810,35.950
86,白米躉售,長糯,台南縣,32.760,34.620,35.830,35.830,35.830,32.370,28.890,28.860,30.330,30.290,30.220,35.070,35.000
86,白米躉售,長糯,高雄縣,33.320,35.030,35.600,36.230,35.650,32.770,30.430,30.000,31.740,31.650,31.740,32.830,36.190
86,白米躉售,長糯,屏東縣,33.740,34.540,36.670,36.670,35.900,32.780,30.250,30.290,31.740,31.320,32.260,35.770,36.670
86,白米躉售,長糯,台東縣,33.940,35.830,35.830,36.620,36.420,33.620,30.290,30.220,31.670,31.670,31.670,34.980,38.410
86,白米躉售,長糯,花蓮縣,33.960,36.070,38.330,38.330,38.000,27.310,31.580,29.220,34.840,33.390,33.490,31.950,35.060
86,白米躉售,長糯,基隆市,34.850,35.750,36.980,37.330,36.440,34.520,32.970,31.960,32.500,32.500,32.930,35.970,38.340
86,白米躉售,長糯,台中市,33.580,34.290,34.290,36.360,36.590,33.320,30.940,30.530,31.430,31.430,32.260,34.400,37.140
86,白米躉售,長糯,嘉義市,32.400,33.730,34.060,34.060,34.060,31.880,29.650,29.430,30.190,30.000,30.920,34.810,35.950
86,白米躉售,長糯,台南市,32.760,34.620,35.830,35.830,35.830,32.370,28.890,28.860,30.330,30.290,30.230,35.070,35.000
86,白米躉售,長糯,台北市,34.900,35.910,37.050,37.330,36.350,34.290,32.920,31.960,32.500,32.500,33.420,36.610,37.960
86,白米躉售,長糯,高雄市,33.330,35.030,35.600,36.230,35.650,32.770,30.430,30.000,31.740,31.740,31.740,32.830,36.190
87,白米躉售,長糯,新北市,33.560,38.330,38.330,38.330,38.300,35.540,29.830,29.760,30.000,29.420,29.830,31.660,33.330
87,白米躉售,長糯,桃園市,32.140,36.670,38.140,37.580,37.500,34.110,28.670,27.950,27.830,27.830,27.960,29.970,31.430
87,白米躉售,長糯,台中縣,31.930,37.140,37.140,37.140,37.140,35.340,28.570,28.570,27.280,27.140,27.140,29.140,31.430
87,白米躉售,長糯,彰化縣,31.890,36.670,37.130,36.670,36.670,33.090,28.810,28.420,28.330,28.330,27.960,29.750,30.800
87,白米躉售,長糯,雲林縣,30.590,35.160,35.930,35.890,35.840,32.100,27.080,27.000,27.170,26.350,26.050,28.520,30.000
87,白米躉售,長糯,嘉義縣,30.710,35.830,35.830,35.610,36.230,31.940,26.810,26.750,26.910,26.760,26.670,29.130,30.000
87,白米躉售,長糯,台南縣,30.330,35.000,35.000,35.620,36.000,32.250,26.640,26.130,26.670,26.670,26.670,28.170,29.170
87,白米躉售,長糯,高雄縣,31.240,36.230,36.550,36.670,36.670,33.370,25.610,27.190,27.500,27.500,27.600,29.610,30.410
87,白米躉售,長糯,屏東縣,32.040,36.670,37.330,37.700,37.700,34.390,28.600,27.530,27.530,27.240,27.710,30.450,31.660
87,白米躉售,長糯,台東縣,31.520,36.670,36.670,36.670,36.670,35.320,28.930,27.150,27.500,27.500,27.130,28.400,29.630
87,白米躉售,長糯,花蓮縣,31.830,36.670,36.670,35.480,35.000,33.280,28.860,28.330,28.330,28.330,28.330,29.330,33.330
87,白米躉售,長糯,基隆市,33.830,38.830,38.830,38.830,38.830,35.910,30.780,30.000,30.000,30.000,30.000,31.500,32.500
87,白米躉售,長糯,台中市,32.170,37.140,37.140,37.140,37.140,35.530,29.570,27.850,27.850,27.850,27.850,29.520,31.430
87,白米躉售,長糯,嘉義市,30.700,35.830,35.830,35.610,36.230,31.940,26.740,26.750,26.910,26.760,26.670,29.170,30.000
87,白米躉售,長糯,台南市,30.460,35.000,35.000,35.620,36.000,33.070,26.840,26.670,26.670,26.670,26.670,28.170,29.170
87,白米躉售,長糯,台北市,33.450,37.500,38.170,38.330,38.180,35.430,29.830,29.760,30.000,29.420,29.830,31.660,33.330
87,白米躉售,長糯,高雄市,31.240,36.230,36.550,36.670,36.670,33.370,25.610,27.190,27.500,27.500,27.600,29.610,30.410
88,白米躉售,長糯,新北市,31.640,33.330,33.330,32.710,31.700,31.180,30.000,30.000,29.410,29.200,30.000,33.830,35.000
88,白米躉售,長糯,宜蘭縣,30.990,,,,,,,,29.170,29.170,29.170,32.440,35.000
88,白米躉售,長糯,桃園市,30.860,31.670,31.670,31.670,30.280,30.000,30.000,30.000,30.000,30.000,30.000,31.750,33.330
88,白米躉售,長糯,台中縣,30.780,31.430,31.430,31.430,31.430,31.430,29.360,28.270,30.000,30.000,30.000,31.760,32.860
88,白米躉售,長糯,彰化縣,29.620,31.260,30.630,30.500,29.860,28.590,28.190,27.660,28.330,28.330,28.100,31.450,32.500
88,白米躉售,長糯,雲林縣,28.600,29.700,29.360,29.160,28.420,27.780,27.500,27.500,27.240,27.000,26.980,31.030,31.540
88,白米躉售,長糯,嘉義縣,29.170,30.000,30.000,29.800,28.990,28.990,28.400,28.330,28.330,28.220,27.200,29.320,32.500
88,白米躉售,長糯,台南縣,28.260,29.170,29.170,29.170,29.170,27.720,26.670,26.670,26.670,26.670,26.670,29.750,31.670
88,白米躉售,長糯,高雄縣,29.300,31.260,31.670,31.670,31.670,30.380,26.670,26.670,26.670,26.670,26.670,29.880,31.670
88,白米躉售,長糯,屏東縣,30.290,31.660,31.660,31.660,31.660,30.990,27.900,27.690,27.820,28.320,28.320,32.530,33.320
88,白米躉售,長糯,台東縣,29.940,30.910,31.660,31.470,30.610,30.000,29.270,28.330,28.330,28.330,28.330,30.330,31.670
88,白米躉售,長糯,花蓮縣,31.340,33.710,35.000,33.980,30.000,30.000,30.000,30.220,30.160,30.000,30.000,31.060,32.000
88,白米躉售,長糯,基隆市,31.980,33.170,33.330,33.280,32.500,32.310,31.000,30.000,30.000,30.000,30.000,33.140,35.000
88,白米躉售,長糯,台中市,30.790,31.430,31.430,31.430,31.430,31.430,29.360,28.270,30.000,30.000,30.000,31.860,32.860
88,白米躉售,長糯,嘉義市,29.170,30.000,30.000,29.800,28.990,28.990,28.400,28.330,28.330,28.220,27.200,29.320,32.500
88,白米躉售,長糯,台南市,28.260,29.170,29.170,29.170,29.170,27.720,26.670,26.670,26.670,26.670,26.670,29.750,31.670
88,白米躉售,長糯,台北市,31.640,33.330,33.330,32.710,31.700,31.180,30.000,30.000,29.410,29.200,30.000,33.830,35.000
88,白米躉售,長糯,高雄市,29.300,31.260,31.670,31.670,31.670,30.380,26.670,26.670,26.670,26.670,26.670,29.880,31.670
89,白米躉售,長糯,新北市,40.230,36.510,38.330,38.330,45.670,49.350,41.830,36.780,35.700,35.170,39.250,40.170,45.650
89,白米躉售,長糯,宜蘭縣,40.660,35.810,37.410,40.000,47.500,52.460,40.590,36.600,35.940,35.760,39.400,40.620,45.820
89,白米躉售,長糯,桃園市,39.780,34.770,36.380,37.500,46.170,49.050,41.560,38.330,36.400,34.280,37.910,40.330,44.640
89,白米躉售,長糯,新竹縣,39.030,,,,,,41.440,38.330,36.830,35.000,36.720,41.060,43.800
89,白米躉售,長糯,台中縣,39.380,34.190,36.550,38.510,46.330,49.910,38.950,35.800,35.610,34.420,38.180,40.000,44.150
89,白米躉售,長糯,彰化縣,38.860,34.520,36.020,38.140,44.930,48.890,39.060,35.160,34.330,34.340,37.950,38.580,44.440
89,白米躉售,長糯,雲林縣,38.410,33.610,35.630,36.670,44.250,49.540,37.270,35.000,34.590,34.270,37.880,38.410,43.740
89,白米躉售,長糯,嘉義縣,37.990,33.120,34.540,36.670,43.090,51.090,37.830,34.160,34.160,34.160,36.020,38.020,42.970
89,白米躉售,長糯,台南縣,37.100,32.570,34.310,35.050,40.060,46.210,35.780,35.830,34.710,34.170,36.170,38.310,42.040
89,白米躉售,長糯,高雄縣,38.170,33.200,35.700,37.780,37.860,53.630,39.960,35.570,34.350,34.170,36.020,38.000,41.780
89,白米躉售,長糯,屏東縣,39.180,34.360,36.300,38.220,45.410,50.820,39.360,34.920,34.310,34.210,38.640,39.680,43.920
89,白米躉售,長糯,台東縣,38.270,32.580,33.330,35.000,38.780,47.710,41.560,38.220,38.220,37.420,37.090,38.130,41.180
89,白米躉售,長糯,花蓮縣,39.140,34.460,36.670,36.670,43.500,47.840,42.790,38.600,37.560,36.450,36.310,37.650,41.140
89,白米躉售,長糯,基隆市,39.330,35.970,37.040,37.500,43.610,48.710,40.670,35.990,35.830,35.300,35.430,41.670,44.280
89,白米躉售,長糯,新竹市,38.930,,,,,,39.810,38.330,36.830,35.000,36.720,41.670,44.150
89,白米躉售,長糯,台中市,39.430,34.330,36.550,38.510,46.330,49.910,39.280,35.800,35.620,34.500,38.180,40.000,44.150
89,白米躉售,長糯,嘉義市,37.930,33.120,34.540,36.670,43.090,50.400,37.830,34.160,34.160,34.160,36.020,38.020,42.970
89,白米躉售,長糯,台南市,37.100,32.570,34.310,35.050,40.060,46.210,35.780,35.830,34.710,34.170,36.170,38.310,42.040
89,白米躉售,長糯,台北市,40.230,36.510,38.330,38.330,45.670,49.350,41.830,36.780,35.700,35.170,39.250,40.170,45.650
89,白米躉售,長糯,高雄市,38.170,33.200,35.700,37.780,37.860,53.630,39.960,35.570,34.350,34.170,36.020,38.000,41.780
90,白米躉售,長糯,新北市,37.780,43.930,45.060,44.010,42.560,38.900,32.390,32.420,31.880,31.060,34.810,39.000,37.310
90,白米躉售,長糯,宜蘭縣,37.940,44.550,45.230,44.240,43.490,38.970,31.880,32.140,31.970,31.300,34.480,39.600,37.380
90,白米躉售,長糯,桃園市,36.490,43.000,44.100,42.550,41.680,35.540,31.220,30.830,30.830,30.060,34.090,37.930,36.070
90,白米躉售,長糯,新竹縣,37.350,44.000,44.580,43.800,41.920,37.140,31.890,32.150,32.500,31.750,34.190,38.160,36.080
90,白米躉售,長糯,台中縣,36.640,43.230,44.090,42.740,41.860,36.200,31.020,31.640,30.990,30.000,34.140,37.640,36.170
90,白米躉售,長糯,彰化縣,36.170,42.630,44.110,42.040,41.750,35.540,30.720,31.480,30.470,29.420,34.030,36.560,35.320
90,白米躉售,長糯,雲林縣,35.180,42.100,43.510,41.180,40.470,32.530,29.390,30.290,29.730,29.230,33.090,36.030,34.570
90,白米躉售,長糯,嘉義縣,35.550,42.110,43.090,42.190,41.240,34.220,30.280,30.940,30.500,29.340,32.440,35.610,34.690
90,白米躉售,長糯,台南縣,35.200,42.580,42.680,42.040,40.840,32.740,29.490,30.720,29.660,29.290,32.610,35.670,34.110
90,白米躉售,長糯,高雄縣,35.470,42.610,43.300,42.630,40.830,33.500,29.250,30.700,30.490,29.670,31.400,35.820,35.480
90,白米躉售,長糯,屏東縣,35.610,42.610,43.790,42.190,42.100,32.150,29.920,30.720,30.030,29.370,31.980,36.970,35.430
90,白米躉售,長糯,台東縣,37.230,43.330,43.330,43.330,43.190,41.480,33.170,31.670,31.670,31.670,31.960,35.840,36.160
90,白米躉售,長糯,花蓮縣,36.430,43.020,43.000,43.000,41.990,37.710,32.200,30.720,30.670,30.670,32.090,36.090,35.960
90,白米躉售,長糯,基隆市,37.510,43.680,43.330,43.330,43.330,38.870,32.000,32.500,32.500,31.340,33.550,38.220,37.520
90,白米躉售,長糯,新竹市,37.280,43.210,44.170,43.460,42.540,37.260,32.280,32.150,31.700,31.470,34.080,38.940,36.080
90,白米躉售,長糯,台中市,36.830,43.230,44.290,43.370,42.380,36.200,31.020,31.680,30.990,30.120,34.240,37.760,36.630
90,白米躉售,長糯,嘉義市,35.550,42.110,43.090,42.190,41.240,34.220,30.280,30.940,30.500,29.340,32.440,35.610,34.660
90,白米躉售,長糯,台南市,35.200,42.580,42.680,42.040,40.840,32.740,29.490,30.720,29.660,29.290,32.610,35.670,34.110
90,白米躉售,長糯,台北市,37.770,43.930,45.060,44.010,42.560,38.900,32.390,32.420,31.880,31.060,34.810,38.890,37.310
90,白米躉售,長糯,高雄市,35.470,42.610,43.300,42.630,40.700,33.500,29.250,30.700,30.490,29.670,31.400,35.820,35.540
91,白米躉售,長糯,新北市,31.560,36.620,35.830,35.460,35.000,34.040,31.670,31.670,30.750,28.610,27.290,26.000,25.830
91,白米躉售,長糯,宜蘭縣,30.770,36.340,36.120,35.770,35.600,33.900,30.560,29.170,28.800,27.510,25.950,24.760,24.810
91,白米躉售,長糯,桃園市,29.210,35.120,35.320,34.260,34.130,31.380,28.650,27.750,27.340,24.980,23.870,23.830,23.830
91,白米躉售,長糯,新竹縣,30.270,35.000,35.390,34.920,34.170,33.200,30.570,29.480,29.450,26.850,25.400,24.330,24.470
91,白米躉售,長糯,台中縣,29.470,35.710,35.530,34.080,33.830,32.330,29.430,28.570,28.020,26.470,24.240,22.860,22.600
91,白米躉售,長糯,彰化縣,28.780,34.750,34.500,33.670,34.140,31.980,28.360,27.500,26.610,24.670,23.350,22.500,23.280
91,白米躉售,長糯,雲林縣,27.800,34.350,33.330,33.330,32.970,30.050,27.170,26.380,25.510,24.350,22.710,21.770,21.670
91,白米躉售,長糯,嘉義縣,27.810,33.760,33.330,32.680,32.370,30.080,27.650,26.820,25.290,23.670,23.100,22.500,22.500
91,白米躉售,長糯,台南縣,27.900,33.790,33.330,32.530,33.080,30.880,27.110,26.670,25.380,24.190,22.790,22.500,22.500
91,白米躉售,長糯,高雄縣,28.210,34.030,33.970,33.180,33.040,31.170,27.360,26.620,25.720,24.700,23.550,22.670,22.500
91,白米躉售,長糯,屏東縣,28.600,34.980,35.020,33.700,33.330,31.530,28.000,27.350,26.210,24.640,23.380,22.500,22.500
91,白米躉售,長糯,台東縣,31.650,35.210,35.000,34.840,34.770,34.590,32.560,32.080,30.570,29.360,28.310,26.270,26.270
91,白米躉售,長糯,花蓮縣,30.550,34.700,34.700,34.610,34.480,33.600,31.400,29.280,28.580,27.910,26.760,25.590,25.000
91,白米躉售,長糯,基隆市,31.360,36.430,35.980,35.490,34.290,34.400,32.670,30.110,30.000,29.330,26.720,25.950,25.000
91,白米躉售,長糯,新竹市,30.960,35.000,35.590,35.350,35.000,33.890,30.480,29.590,29.410,27.860,27.270,26.330,25.700
91,白米躉售,長糯,台中市,29.490,35.710,35.530,34.080,33.830,32.330,29.430,28.570,28.020,26.470,24.240,22.860,22.860
91,白米躉售,長糯,嘉義市,27.810,33.760,33.330,32.680,32.370,30.080,27.650,26.820,25.290,23.670,23.100,22.500,22.500
91,白米躉售,長糯,台南市,27.900,33.790,33.330,32.530,33.080,30.880,27.110,26.670,25.380,24.190,22.790,22.500,22.500
91,白米躉售,長糯,台北市,31.570,36.620,35.830,35.460,35.000,34.040,31.670,31.670,30.770,28.610,27.290,26.000,25.830
91,白米躉售,長糯,高雄市,28.210,34.090,33.970,33.180,33.040,31.170,27.360,26.620,25.720,24.700,23.550,22.670,22.500
92,白米躉售,長糯,新北市,26.870,25.830,25.830,25.670,25.660,25.830,25.830,25.830,25.830,26.220,26.830,30.780,32.310
92,白米躉售,長糯,宜蘭縣,26.730,24.910,24.970,24.880,25.570,25.700,25.090,25.030,25.000,26.360,27.650,31.210,34.350
92,白米躉售,長糯,桃園市,25.710,23.770,23.480,24.150,25.330,24.730,24.240,24.240,24.680,25.000,25.430,30.590,32.900
92,白米躉售,長糯,新竹縣,25.450,24.400,24.640,24.950,24.950,24.950,24.950,24.950,24.950,24.950,24.950,26.850,29.880
92,白米躉售,長糯,台中縣,25.430,23.330,24.030,24.290,24.290,24.200,24.170,24.170,24.170,25.080,26.430,29.600,31.430
92,白米躉售,長糯,彰化縣,25.490,22.740,23.060,23.230,24.580,24.270,24.040,24.000,24.320,25.840,26.500,30.720,32.610
92,白米躉售,長糯,雲林縣,24.970,21.670,22.800,23.330,24.090,23.520,23.330,23.330,23.820,25.190,26.010,29.500,33.060
92,白米躉售,長糯,嘉義縣,24.850,22.500,22.650,23.330,23.330,23.730,23.590,23.290,23.330,24.110,25.290,30.000,33.000
92,白米躉售,長糯,台南縣,24.920,22.500,23.030,23.340,24.020,23.570,23.330,23.330,23.520,24.910,25.600,29.690,32.210
92,白米躉售,長糯,高雄縣,24.800,22.500,23.000,23.330,24.000,23.780,23.330,23.330,23.330,24.710,25.580,29.260,31.430
92,白米躉售,長糯,屏東縣,24.870,22.500,23.030,23.330,24.720,24.170,24.160,23.440,23.330,24.700,25.520,28.330,31.230
92,白米躉售,長糯,台東縣,26.170,25.820,25.690,25.690,25.690,25.520,25.480,25.480,25.480,25.480,25.760,27.920,29.970
92,白米躉售,長糯,花蓮縣,25.880,25.000,25.000,25.000,25.000,25.050,25.030,25.030,25.030,25.130,25.760,28.430,31.080
92,白米躉售,長糯,基隆市,25.900,25.000,25.000,25.000,25.470,25.830,25.830,24.170,24.170,24.170,25.350,29.170,31.670
92,白米躉售,長糯,新竹市,25.360,25.030,25.180,25.170,25.170,25.170,25.170,25.010,25.000,25.000,25.000,25.930,27.500
92,白米躉售,長糯,台中市,25.580,23.410,24.030,24.290,25.050,24.660,24.290,24.290,24.290,25.150,26.430,29.600,31.430
92,白米躉售,長糯,嘉義市,24.850,22.500,22.650,23.330,23.330,23.730,23.660,23.360,23.290,24.110,25.290,30.000,33.000
92,白米躉售,長糯,台南市,24.920,22.500,23.030,23.340,24.020,23.570,23.330,23.330,23.520,24.880,25.600,29.690,32.210
92,白米躉售,長糯,台北市,27.070,25.830,25.830,25.670,26.250,26.370,25.830,25.830,25.830,26.220,26.830,31.200,33.140
92,白米躉售,長糯,高雄市,24.800,22.500,23.000,23.330,24.000,23.780,23.330,23.330,23.330,24.710,25.580,29.260,31.430
93,白米躉售,長糯,新北市,35.980,33.040,33.330,33.380,41.470,43.140,38.890,31.210,30.000,31.940,34.910,40.390,40.030
93,白米躉售,長糯,宜蘭縣,36.750,34.330,34.970,35.030,42.410,42.100,39.000,30.480,31.670,33.000,36.610,41.280,40.130
93,白米躉售,長糯,桃園市,35.400,33.040,33.330,33.330,41.500,40.460,34.530,30.940,30.830,32.460,35.270,39.940,39.170
93,白米躉售,長糯,新竹縣,36.860,29.880,31.490,32.910,41.430,44.560,41.840,37.670,36.560,34.260,34.050,38.700,39.000
93,白米躉售,長糯,台中縣,35.500,31.780,34.170,34.170,42.570,42.810,33.670,30.680,30.050,31.090,35.000,40.000,40.000
93,白米躉售,長糯,彰化縣,34.590,32.560,33.000,33.050,41.390,39.670,32.110,30.000,30.000,31.970,33.740,38.950,38.600
93,白米躉售,長糯,雲林縣,34.700,33.330,33.330,33.380,41.780,38.810,32.450,30.000,30.000,31.390,34.160,39.390,38.330
93,白米躉售,長糯,嘉義縣,34.300,32.560,32.500,32.500,41.550,39.440,32.420,30.330,30.000,30.870,32.790,38.510,38.140
93,白米躉售,長糯,台南縣,33.870,31.750,32.500,32.580,41.080,38.680,31.750,29.950,29.600,31.130,32.910,37.080,37.370
93,白米躉售,長糯,高雄縣,34.120,32.050,32.500,32.500,41.630,38.950,32.140,30.000,30.000,30.720,32.850,38.440,37.710
93,白米躉售,長糯,屏東縣,33.950,31.660,31.660,31.710,42.440,38.800,32.110,29.780,30.000,30.560,32.530,38.110,38.000
93,白米躉售,長糯,台東縣,35.120,30.000,30.770,31.050,41.120,42.190,36.150,33.690,32.040,31.850,33.710,38.810,40.000
93,白米躉售,長糯,花蓮縣,35.340,31.690,32.470,32.550,41.760,41.660,35.780,31.680,31.000,31.350,34.630,39.500,40.000
93,白米躉售,長糯,基隆市,36.300,32.580,33.330,33.330,42.030,43.590,38.780,31.800,31.670,32.060,35.530,40.830,40.030
93,白米躉售,長糯,新竹市,36.820,27.500,31.600,35.500,41.250,43.680,41.450,38.220,36.580,34.300,34.070,38.700,39.000
93,白米躉售,長糯,台中市,35.670,31.780,34.170,34.170,42.570,42.810,33.830,30.680,31.430,31.500,35.140,40.000,40.000
93,白米躉售,長糯,嘉義市,34.300,32.560,32.500,32.500,41.550,39.440,32.420,30.330,30.000,30.870,32.790,38.510,38.140
93,白米躉售,長糯,台南市,33.870,31.750,32.500,32.580,41.080,38.680,31.750,29.950,29.600,31.130,32.910,37.080,37.370
93,白米躉售,長糯,台北市,36.580,33.870,34.170,34.220,41.660,43.330,39.720,32.040,30.830,32.530,35.400,40.390,40.830
93,白米躉售,長糯,高雄市,34.120,32.050,32.500,32.500,41.630,38.950,32.140,30.000,30.000,30.720,32.850,38.440,37.710
94,白米躉售,長糯,新北市,35.860,40.000,40.000,38.870,37.420,35.430,31.860,31.260,33.330,33.330,35.730,36.670,36.430
94,白米躉售,長糯,宜蘭縣,35.870,39.220,39.170,38.870,37.330,35.750,32.580,30.700,32.960,33.330,35.730,37.500,37.260
94,白米躉售,長糯,桃園市,34.560,39.170,39.170,36.830,35.500,33.490,29.170,30.240,31.670,32.200,35.100,36.330,35.830
94,白米躉售,長糯,新竹縣,35.220,39.000,39.000,37.650,37.500,36.780,33.430,29.250,31.500,31.900,34.740,35.980,35.900
94,白米躉售,長糯,台中縣,34.260,37.660,37.500,35.880,34.890,34.170,29.970,29.810,32.110,32.160,34.840,36.130,36.020
94,白米躉售,長糯,彰化縣,33.840,38.220,37.660,35.460,34.340,34.170,28.420,28.940,31.130,31.860,34.690,35.710,35.440
94,白米躉售,長糯,雲林縣,33.730,38.330,37.940,35.380,34.750,33.380,28.660,29.250,31.260,31.890,34.250,35.060,34.650
94,白米躉售,長糯,嘉義縣,33.580,38.330,37.560,35.750,34.920,32.940,28.330,28.630,30.830,31.580,33.900,35.390,34.840
94,白米躉售,長糯,台南縣,33.240,37.610,36.730,35.230,34.580,32.160,27.580,29.190,30.830,31.520,34.030,35.000,34.440
94,白米躉售,長糯,高雄縣,33.690,38.330,38.150,36.580,35.530,32.250,27.580,28.740,30.830,31.360,33.900,35.830,35.210
94,白米躉售,長糯,屏東縣,33.660,38.310,38.330,36.450,34.840,31.920,27.500,28.870,30.830,31.220,34.700,35.830,35.080
94,白米躉售,長糯,台東縣,37.030,40.000,40.000,39.570,39.860,39.570,36.390,34.340,34.170,34.170,34.600,35.830,35.830
94,白米躉售,長糯,花蓮縣,38.130,40.000,40.000,39.570,39.170,39.170,39.170,39.170,36.250,36.150,36.150,36.150,36.620
94,白米躉售,長糯,基隆市,35.510,39.300,39.170,38.250,36.920,34.190,30.750,31.260,34.120,33.330,35.730,36.670,36.430
94,白米躉售,長糯,新竹市,35.250,39.000,39.000,37.650,37.500,36.790,33.580,29.340,31.500,31.900,34.770,36.000,35.920
94,白米躉售,長糯,台中市,34.890,39.380,38.570,37.330,35.710,34.840,29.980,29.920,32.140,32.520,34.970,36.520,36.840
94,白米躉售,長糯,嘉義市,33.580,38.330,37.560,35.750,34.920,32.940,28.330,28.630,30.830,31.580,33.900,35.390,34.840
94,白米躉售,長糯,台南市,33.240,37.610,36.730,35.230,34.580,32.160,27.580,29.190,30.830,31.520,34.030,35.000,34.440
94,白米躉售,長糯,台北市,36.490,40.830,40.830,39.250,37.420,35.750,32.140,32.100,34.170,34.170,36.400,37.500,37.260
94,白米躉售,長糯,高雄市,33.690,38.330,38.150,36.580,35.530,32.250,27.580,28.740,30.830,31.360,33.900,35.830,35.210
95,白米躉售,長糯,新北市,34.400,35.430,35.000,34.920,34.170,34.170,34.170,34.170,34.170,34.170,34.170,34.170,34.030
95,白米躉售,長糯,宜蘭縣,34.200,35.590,35.000,35.730,35.000,33.900,33.330,33.330,33.330,33.330,34.950,34.000,32.960
95,白米躉售,長糯,桃園市,33.320,35.000,34.790,33.840,33.330,33.090,32.500,32.500,32.790,33.330,33.330,32.830,32.500
95,白米躉售,長糯,新竹縣,33.270,35.100,33.770,33.330,33.330,33.380,32.500,32.500,33.090,33.330,33.330,33.110,32.500
95,白米躉售,長糯,台中縣,33.640,35.050,35.000,35.000,33.500,32.980,32.930,33.330,33.330,33.330,33.330,33.330,32.600
95,白米躉售,長糯,彰化縣,32.890,34.570,34.170,33.490,32.830,32.230,31.860,32.480,32.610,33.330,33.360,32.120,31.580
95,白米躉售,長糯,雲林縣,32.380,33.630,33.330,33.090,31.730,31.670,31.060,31.670,32.070,33.330,33.330,31.950,31.670
95,白米躉售,長糯,嘉義縣,32.290,33.660,33.330,33.220,32.150,32.020,31.180,31.560,31.910,32.500,32.500,31.740,31.670
95,白米躉售,長糯,台南縣,32.540,34.540,34.640,33.470,31.950,31.870,31.100,32.070,32.360,32.500,32.630,31.660,31.660
95,白米躉售,長糯,高雄縣,32.490,34.010,33.580,33.330,32.580,32.130,31.670,31.670,32.050,32.670,32.660,31.860,31.670
95,白米躉售,長糯,屏東縣,32.360,33.790,33.330,33.280,32.500,31.700,31.670,31.670,31.860,32.500,32.500,31.840,31.670
95,白米躉售,長糯,台東縣,35.290,35.830,35.830,35.830,35.830,35.210,35.000,35.000,35.000,35.000,35.000,35.000,35.000
95,白米躉售,長糯,花蓮縣,37.000,37.000,37.000,37.000,37.000,37.000,37.000,37.000,37.000,37.000,37.000,37.000,37.000
95,白米躉售,長糯,基隆市,33.790,35.430,35.000,34.920,33.670,33.330,33.330,33.330,33.330,33.330,33.330,33.330,33.200
95,白米躉售,長糯,新竹市,33.570,35.100,35.100,35.090,33.890,33.330,32.500,32.500,32.980,33.330,33.330,33.140,32.500
95,白米躉售,長糯,台中市,33.870,35.090,35.000,35.000,33.860,33.500,32.980,33.570,33.570,33.570,34.010,33.910,32.420
95,白米躉售,長糯,嘉義市,32.290,33.660,33.330,33.220,32.150,32.020,31.180,31.560,31.910,32.500,32.500,31.740,31.670
95,白米躉售,長糯,台南市,32.810,34.540,34.640,33.630,33.670,32.500,32.400,31.710,32.070,32.550,32.680,31.660,31.660
95,白米躉售,長糯,台北市,35.230,36.260,35.830,35.750,35.000,35.000,35.000,35.000,35.000,35.000,35.000,35.000,34.870
95,白米躉售,長糯,高雄市,32.490,34.010,33.580,33.330,32.580,32.130,31.670,31.670,32.050,32.670,32.660,31.860,31.670
96,白米躉售,長糯,新北市,32.740,33.330,32.860,31.700,31.500,31.530,32.440,31.670,31.740,32.120,32.310,35.760,35.950
96,白米躉售,長糯,宜蘭縣,33.220,32.500,32.500,32.500,32.280,31.800,33.330,33.330,33.310,32.540,32.840,36.190,35.530
96,白米躉售,長糯,桃園市,31.910,32.500,31.850,30.830,30.830,31.850,31.100,30.640,30.000,30.000,31.770,35.770,35.730
96,白米躉售,長糯,新竹縣,32.620,32.500,31.880,30.860,31.330,32.200,32.750,31.670,31.750,31.830,32.680,35.640,36.360
96,白米躉售,長糯,苗栗縣,32.610,,,,,,31.670,31.670,31.670,31.620,31.440,35.010,35.210
96,白米躉售,長糯,台中縣,31.540,31.860,30.000,30.000,30.000,30.430,31.500,30.650,30.030,30.730,31.460,35.970,35.850
96,白米躉售,長糯,彰化縣,31.580,31.570,31.060,30.610,30.000,30.990,30.760,30.270,30.470,30.260,31.470,35.600,35.900
96,白米躉售,長糯,雲林縣,30.820,31.350,30.000,30.000,29.950,30.690,30.140,29.680,29.000,29.260,30.250,34.700,34.840
96,白米躉售,長糯,嘉義縣,30.850,31.630,30.000,30.000,30.260,30.380,30.660,29.500,29.810,29.500,29.920,34.270,34.310
96,白米躉售,長糯,台南縣,31.000,31.620,30.850,30.920,29.870,30.110,30.540,29.680,29.500,29.510,30.230,34.650,34.470
96,白米躉售,長糯,高雄縣,30.980,31.670,30.490,30.000,30.000,30.240,30.880,30.020,29.680,29.590,30.280,34.400,34.500
96,白米躉售,長糯,屏東縣,30.910,31.670,30.300,30.000,30.000,30.520,30.170,30.000,29.540,29.260,30.370,34.460,34.650
96,白米躉售,長糯,台東縣,34.670,35.000,35.000,34.730,34.670,34.690,35.000,35.000,34.990,34.270,34.130,34.270,34.270
96,白米躉售,長糯,花蓮縣,34.790,37.000,37.000,37.000,37.000,36.500,35.940,33.240,32.770,32.770,32.770,32.770,32.770
96,白米躉售,長糯,基隆市,32.660,32.500,32.000,31.670,31.080,31.640,32.110,32.640,31.710,32.300,32.260,35.880,36.080
96,白米躉售,長糯,新竹市,32.360,32.500,31.880,30.860,30.830,30.810,32.170,31.990,31.840,32.570,31.790,34.730,36.310
96,白米躉售,長糯,台中市,32.060,31.340,30.000,31.430,31.430,31.800,32.140,32.140,31.280,31.070,31.410,35.360,35.350
96,白米躉售,長糯,嘉義市,32.500,,,,32.500,,,,,,,,
96,白米躉售,長糯,台南市,31.760,31.620,30.150,29.750,30.020,31.640,30.610,31.500,31.660,31.660,31.510,35.450,35.520
96,白米躉售,長糯,台北市,33.670,34.170,33.690,32.530,32.330,32.450,33.330,33.330,33.330,33.010,32.890,36.400,36.620
96,白米躉售,長糯,高雄市,30.970,31.670,30.490,30.000,30.000,30.240,30.880,30.020,29.680,29.550,30.240,34.390,34.530
97,白米躉售,長糯,新北市,37.900,36.820,37.980,39.360,39.800,39.470,38.530,38.030,37.330,37.220,37.040,36.670,36.580
97,白米躉售,長糯,宜蘭縣,35.630,35.730,36.660,37.780,40.010,40.240,39.250,34.480,33.170,33.020,32.460,32.370,32.350
97,白米躉售,長糯,桃園市,35.210,37.000,38.470,39.980,40.020,38.910,35.440,33.320,32.180,31.460,31.250,31.420,33.040
97,白米躉售,長糯,新竹縣,35.770,36.940,37.360,38.550,39.390,39.290,35.820,33.650,33.010,33.370,33.290,33.580,34.970
97,白米躉售,長糯,苗栗縣,35.060,35.210,35.640,39.120,39.960,38.090,34.590,33.260,32.830,33.000,33.010,32.640,33.360
97,白米躉售,長糯,台中縣,34.250,36.130,37.300,39.020,40.020,38.770,33.720,30.940,30.580,30.760,30.400,30.750,32.570
97,白米躉售,長糯,彰化縣,34.220,36.360,36.930,39.330,39.070,38.660,34.890,31.830,30.360,30.190,29.910,30.330,32.770
97,白米躉售,長糯,雲林縣,33.280,35.240,36.720,38.990,38.370,37.220,33.650,29.290,29.730,29.520,28.670,29.440,32.570
97,白米躉售,長糯,嘉義縣,33.450,34.820,36.370,37.910,38.260,37.730,34.510,31.440,29.720,29.340,29.340,29.620,32.320
97,白米躉售,長糯,台南縣,33.540,34.960,35.810,37.850,38.480,37.550,32.960,31.380,30.580,30.150,30.260,30.360,32.170
97,白米躉售,長糯,高雄縣,33.640,34.560,36.160,37.700,38.420,37.730,33.750,31.990,30.990,30.050,29.840,30.250,32.260
97,白米躉售,長糯,屏東縣,33.210,35.040,35.780,37.930,38.310,36.820,32.530,30.950,30.420,29.450,29.470,30.120,31.730
97,白米躉售,長糯,台東縣,37.140,35.530,36.260,36.420,36.450,37.370,37.200,36.860,36.210,35.490,37.060,38.440,42.360
97,白米躉售,長糯,花蓮縣,36.340,34.900,35.460,38.330,38.390,38.580,36.260,35.860,36.040,36.290,36.030,34.560,35.380
97,白米躉售,長糯,基隆市,37.380,36.620,37.870,39.280,40.150,39.930,38.860,38.010,36.220,35.950,35.760,35.010,34.950
97,白米躉售,長糯,新竹市,35.390,35.890,36.120,38.260,39.850,39.960,36.250,33.600,33.350,32.600,32.050,32.370,34.350
97,白米躉售,長糯,台中市,35.180,35.840,37.280,39.610,40.720,39.960,34.690,32.430,31.910,32.540,31.060,32.030,34.140
97,白米躉售,長糯,台南市,34.420,36.020,36.430,38.050,38.750,39.160,37.830,33.260,31.570,30.480,29.540,29.650,32.270
97,白米躉售,長糯,台北市,37.680,37.130,38.110,39.810,40.230,39.720,38.850,38.090,37.000,36.750,36.410,35.100,34.960
97,白米躉售,長糯,高雄市,33.510,34.690,35.970,37.370,38.090,37.270,33.940,32.060,31.040,29.910,29.670,30.130,32.010
98,白米躉售,長糯,新北市,35.880,36.670,36.560,36.030,35.740,35.540,34.440,34.140,34.250,36.320,36.950,36.850,37.070
98,白米躉售,長糯,宜蘭縣,33.560,33.100,33.330,33.230,33.130,32.910,32.320,32.570,33.270,33.920,34.680,34.890,35.340
98,白米躉售,長糯,桃園市,33.850,33.350,33.350,32.980,32.920,32.920,32.690,32.650,33.580,35.440,35.510,35.140,35.630
98,白米躉售,長糯,新竹縣,34.960,35.480,35.480,35.420,34.700,33.460,32.720,33.860,34.350,35.640,35.950,35.950,36.520
98,白米躉售,長糯,苗栗縣,33.240,33.330,33.330,32.710,32.500,31.860,32.500,32.500,32.980,34.090,34.170,34.170,34.790
98,白米躉售,長糯,台中縣,33.030,32.920,32.630,31.760,30.670,31.020,31.400,32.260,33.240,35.330,35.370,34.570,35.150
98,白米躉售,長糯,彰化縣,33.510,33.080,33.140,33.250,32.760,32.500,31.850,32.590,33.340,34.510,34.600,34.540,35.980
98,白米躉售,長糯,雲林縣,32.690,32.540,32.400,31.610,30.500,31.150,31.210,31.980,33.350,34.230,33.850,33.520,35.970
98,白米躉售,長糯,嘉義縣,32.760,32.990,31.840,31.750,31.040,30.970,30.750,31.620,33.290,35.420,34.110,33.940,35.340
98,白米躉售,長糯,台南縣,32.850,32.360,32.360,32.360,32.050,31.530,31.080,31.510,32.740,34.320,34.610,34.090,35.130
98,白米躉售,長糯,高雄縣,33.780,32.590,32.590,32.680,32.570,32.590,32.000,33.150,34.380,35.270,35.570,35.430,36.500
98,白米躉售,長糯,屏東縣,32.650,31.850,31.910,31.030,30.330,30.980,31.590,32.180,33.640,34.140,34.370,34.320,35.480
98,白米躉售,長糯,台東縣,39.340,43.090,42.400,40.350,39.780,38.360,36.830,37.090,37.680,37.880,38.660,39.370,40.590
98,白米躉售,長糯,花蓮縣,35.310,35.830,35.830,35.830,34.030,33.550,33.330,33.980,35.000,36.110,36.320,36.670,37.290
98,白米躉售,長糯,基隆市,35.280,35.000,35.000,34.930,34.590,34.520,34.130,34.050,34.170,36.390,36.940,36.550,37.120
98,白米躉售,長糯,新竹市,34.050,34.410,34.310,34.000,32.950,32.540,32.790,33.160,33.790,34.840,34.650,34.960,36.230
98,白米躉售,長糯,台中市,34.100,34.280,34.190,32.980,32.330,32.120,32.380,32.790,33.770,36.030,36.400,35.690,36.210
98,白米躉售,長糯,台南市,33.120,33.270,33.540,33.540,32.330,31.450,30.960,31.450,32.730,34.260,34.640,34.120,35.200
98,白米躉售,長糯,台北市,35.430,35.330,35.330,35.200,35.110,35.080,34.140,34.000,34.220,36.170,36.840,36.680,37.030
98,白米躉售,長糯,高雄市,33.700,32.090,32.090,33.020,32.500,32.060,32.730,33.350,34.470,35.360,35.410,35.180,36.180
99,白米躉售,長糯,新北市,42.090,39.100,39.460,39.320,39.060,40.580,41.640,42.490,43.880,44.080,44.080,43.920,47.500
99,白米躉售,長糯,宜蘭縣,41.720,38.160,39.040,39.030,38.810,40.050,41.600,41.410,42.010,44.170,44.140,44.870,47.400
99,白米躉售,長糯,桃園市,41.860,38.200,39.390,39.410,39.460,41.070,41.670,41.960,43.050,43.330,43.330,44.050,47.340
99,白米躉售,長糯,新竹縣,40.940,38.320,39.120,39.210,38.800,38.920,40.000,39.740,41.140,42.650,43.060,43.470,46.900
99,白米躉售,長糯,苗栗縣,40.460,37.090,37.780,37.780,37.780,39.070,39.440,40.050,41.940,42.290,42.780,42.660,46.860
99,白米躉售,長糯,台中縣,40.640,37.460,38.170,38.530,38.370,38.780,38.050,40.250,41.770,42.940,42.880,43.210,47.320
99,白米躉售,長糯,彰化縣,40.990,38.650,39.440,39.360,39.050,40.190,39.740,40.680,41.980,42.180,42.260,42.290,46.050
99,白米躉售,長糯,雲林縣,40.390,38.050,38.370,37.860,37.510,39.100,38.020,40.190,42.110,42.430,41.770,42.680,46.580
99,白米躉售,長糯,嘉義縣,40.860,38.540,39.350,38.600,38.570,39.960,39.060,41.220,42.200,42.720,42.370,42.260,45.510
99,白米躉售,長糯,台南縣,40.630,38.020,39.060,38.710,38.400,39.430,39.100,40.070,42.000,42.450,42.290,42.500,45.490
99,白米躉售,長糯,高雄縣,41.510,38.530,39.870,40.010,39.630,40.270,39.940,41.150,43.090,43.600,43.180,42.990,45.850
99,白米躉售,長糯,屏東縣,40.760,38.250,39.320,38.980,38.700,39.400,38.230,40.690,42.490,42.610,42.640,42.430,45.410
99,白米躉售,長糯,台東縣,44.330,41.600,42.080,42.400,42.720,42.870,43.160,44.090,45.910,46.120,46.190,45.900,48.920
99,白米躉售,長糯,花蓮縣,41.530,39.060,39.050,39.260,39.310,39.840,39.720,41.070,42.660,43.330,43.750,44.370,46.900
99,白米躉售,長糯,基隆市,42.730,39.850,40.950,40.630,40.120,41.350,42.260,42.710,44.200,44.520,44.550,44.480,47.110
99,白米躉售,長糯,新竹市,41.720,38.930,40.330,40.410,40.210,40.210,40.710,40.240,41.610,43.570,43.150,43.840,47.470
99,白米躉售,長糯,台中市,41.770,39.360,40.710,40.180,39.330,40.210,39.570,40.450,42.980,43.310,43.310,44.010,47.830
99,白米躉售,長糯,台南市,40.620,37.940,39.050,38.660,38.330,39.390,39.120,39.980,42.020,42.420,42.290,42.520,45.710
99,白米躉售,長糯,台北市,42.430,39.970,40.520,40.440,39.940,41.280,42.140,42.670,43.740,43.830,43.830,43.620,47.200
99,白米躉售,長糯,高雄市,41.500,38.770,39.640,39.600,39.350,40.730,40.280,41.550,43.340,43.390,42.840,42.760,45.730
100,白米躉售,長糯,新北市,46.460,47.680,47.750,47.870,49.810,56.800,51.490,42.840,43.240,43.240,43.240,42.430,41.170
100,白米躉售,長糯,宜蘭縣,44.120,48.190,47.720,48.880,50.030,55.910,48.180,39.610,38.880,38.260,38.170,38.010,37.640
100,白米躉售,長糯,桃園市,42.150,46.490,46.480,47.780,49.040,55.850,43.350,35.340,36.170,36.780,36.360,35.870,36.310
100,白米躉售,長糯,新竹縣,43.160,47.110,46.920,48.370,49.930,54.350,44.850,38.020,37.360,37.420,37.720,37.920,37.920
100,白米躉售,長糯,苗栗縣,42.170,46.930,46.350,47.300,48.600,51.820,45.530,37.520,36.250,36.250,36.340,36.460,36.710
100,白米躉售,長糯,彰化縣,42.480,46.510,47.360,48.510,50.340,57.730,41.510,35.960,36.140,36.310,36.320,36.380,36.660
100,白米躉售,長糯,雲林縣,41.410,45.660,46.520,48.450,50.150,53.970,38.270,34.190,35.660,36.120,36.090,35.590,36.220
100,白米躉售,長糯,嘉義縣,41.810,45.780,47.010,48.090,48.790,52.530,45.460,37.830,34.540,35.150,35.500,35.500,35.500
100,白米躉售,長糯,屏東縣,43.770,46.100,46.280,47.200,48.310,53.780,47.750,40.630,39.870,39.640,39.170,38.330,38.230
100,白米躉售,長糯,台東縣,46.480,48.620,48.680,49.290,50.680,55.530,48.220,42.210,42.900,42.900,42.900,42.900,42.900
100,白米躉售,長糯,花蓮縣,43.730,47.110,47.310,47.690,48.740,51.250,45.340,40.290,39.940,39.350,39.400,38.780,39.590
100,白米躉售,長糯,基隆市,45.890,47.220,47.540,48.330,50.070,56.880,52.130,41.720,41.670,41.670,41.670,41.650,40.070
100,白米躉售,長糯,新竹市,43.320,47.420,47.880,48.820,49.990,55.370,45.460,38.080,36.340,36.890,37.780,37.920,37.920
100,白米躉售,長糯,台中市,42.550,47.340,47.320,47.960,49.640,56.040,43.030,35.950,36.280,36.660,36.930,36.680,36.780
100,白米躉售,長糯,台南市,42.270,46.010,46.410,47.700,48.810,53.570,44.650,37.930,36.420,36.000,37.020,36.330,36.360
100,白米躉售,長糯,台北市,46.390,47.330,47.400,47.500,49.570,56.510,52.030,43.410,43.330,43.330,43.330,42.130,40.830
100,白米躉售,長糯,高雄市,43.570,46.390,46.830,47.500,48.700,53.840,47.260,40.560,38.490,39.140,38.490,37.850,37.840
101,白米躉售,長糯,新北市,39.210,40.650,40.650,40.650,40.760,40.480,39.090,38.080,38.050,38.050,38.050,38.020,37.960
101,白米躉售,長糯,宜蘭縣,37.850,37.610,37.610,37.610,37.890,38.050,38.050,37.740,37.760,38.070,38.110,38.010,37.720
101,白米躉售,長糯,桃園市,37.310,37.100,37.490,37.280,37.700,37.620,36.490,36.540,37.520,37.390,37.550,37.500,37.490
101,白米躉售,長糯,新竹縣,38.360,37.920,37.920,37.920,38.390,38.540,37.980,37.770,38.790,38.830,38.740,38.730,38.760
101,白米躉售,長糯,苗栗縣,38.250,37.410,37.500,37.500,37.970,38.540,38.000,37.950,39.060,39.170,39.170,38.360,38.330
101,白米躉售,長糯,彰化縣,37.040,36.860,37.130,37.220,37.310,37.230,36.200,36.730,37.300,37.380,37.230,36.920,37.020
101,白米躉售,長糯,南投縣,38.090,,,,,,37.140,37.820,38.520,38.570,38.520,37.520,38.570
101,白米躉售,長糯,雲林縣,36.360,35.590,35.810,35.840,36.550,36.670,35.640,36.060,36.900,36.980,36.810,36.700,36.780
101,白米躉售,長糯,嘉義縣,36.150,35.500,35.500,35.500,36.470,36.670,35.480,36.180,36.620,36.470,36.470,36.470,36.440
101,白米躉售,長糯,屏東縣,37.670,38.220,38.220,38.220,38.220,38.220,37.540,37.270,37.230,37.330,37.370,37.130,37.080
101,白米躉售,長糯,台東縣,42.570,43.430,43.450,43.450,43.620,43.730,42.010,41.330,41.970,41.970,41.970,41.970,41.970
101,白米躉售,長糯,花蓮縣,38.970,39.960,39.450,39.170,38.900,38.950,37.580,38.010,38.740,39.400,39.230,39.160,39.100
101,白米躉售,長糯,基隆市,37.970,39.580,39.580,39.580,39.690,39.740,38.270,36.670,36.660,36.530,36.530,36.450,36.310
101,白米躉售,長糯,新竹市,38.200,37.990,38.000,38.210,38.910,39.150,38.110,37.690,38.280,38.170,38.050,37.920,37.920
101,白米躉售,長糯,台中市,37.440,37.040,37.040,37.130,37.570,37.980,36.530,36.890,37.870,37.880,38.120,37.590,37.580
101,白米躉售,長糯,嘉義市,37.100,,,,,,,,,,37.230,37.100,36.960
101,白米躉售,長糯,台南市,37.150,36.730,36.980,37.150,37.360,37.630,37.620,37.530,37.240,37.430,37.170,36.450,36.470
101,白米躉售,長糯,台北市,39.260,40.250,40.250,40.250,40.470,40.190,39.340,38.450,38.420,38.420,38.420,38.360,38.250
101,白米躉售,長糯,高雄市,37.950,37.810,37.920,37.900,37.990,37.900,37.360,37.470,38.070,38.390,38.070,38.190,38.280
102,白米躉售,長糯,新北市,38.670,37.960,37.960,37.930,37.780,37.550,37.700,38.750,38.800,38.800,38.800,39.080,42.880
102,白米躉售,長糯,宜蘭縣,38.310,37.720,37.720,37.720,37.690,37.650,37.610,37.610,38.090,38.310,38.740,38.820,41.990
102,白米躉售,長糯,桃園市,37.660,37.410,37.040,36.340,35.980,35.730,36.000,37.030,37.840,37.840,37.960,38.470,44.290
102,白米躉售,長糯,新竹縣,38.900,38.750,38.290,37.730,37.450,37.110,37.430,38.750,39.670,39.670,39.670,39.820,42.460
102,白米躉售,長糯,苗栗縣,38.140,38.330,38.260,36.960,36.720,36.670,36.670,36.930,38.310,38.330,38.330,38.720,43.480
102,白米躉售,長糯,彰化縣,37.340,36.940,36.720,36.160,35.810,35.690,35.870,37.250,37.630,37.760,38.050,38.300,41.930
102,白米躉售,長糯,南投縣,38.640,38.570,38.570,38.500,37.850,37.850,37.190,38.150,38.460,38.570,39.350,38.570,42.020
102,白米躉售,長糯,雲林縣,36.860,36.210,35.810,35.460,34.810,34.610,35.280,37.400,37.760,37.470,37.300,37.790,42.390
102,白米躉售,長糯,嘉義縣,36.800,36.430,36.490,35.880,35.040,34.790,34.380,36.520,37.200,37.200,37.200,37.700,42.750
102,白米躉售,長糯,屏東縣,37.760,37.080,37.070,37.070,37.070,37.080,37.460,37.680,37.770,37.770,37.770,37.770,41.530
102,白米躉售,長糯,台東縣,42.150,41.970,41.970,41.970,41.970,41.970,41.970,41.970,41.970,41.970,41.970,41.970,44.110
102,白米躉售,長糯,花蓮縣,38.540,38.700,38.610,38.610,38.580,37.680,37.610,38.500,38.300,38.050,38.050,38.590,41.190
102,白米躉售,長糯,基隆市,37.900,36.310,36.310,36.310,36.310,36.310,36.610,38.470,38.810,38.810,38.810,38.900,42.860
102,白米躉售,長糯,新竹市,38.100,37.920,37.810,37.450,37.090,36.680,36.860,38.000,38.300,38.210,38.440,38.940,41.490
102,白米躉售,長糯,台中市,37.820,37.340,37.150,36.950,36.430,36.300,36.310,37.220,37.730,38.170,38.090,38.450,43.690
102,白米躉售,長糯,嘉義市,37.410,36.960,36.930,36.380,35.360,35.280,35.280,37.080,38.190,38.190,38.190,38.480,42.640
102,白米躉售,長糯,台南市,37.270,36.130,36.010,35.680,36.200,36.170,36.250,36.600,38.010,38.050,38.050,38.050,41.990
102,白米躉售,長糯,台北市,39.060,38.250,38.250,38.230,38.170,38.170,38.360,39.290,39.330,39.130,39.080,39.340,43.060
102,白米躉售,長糯,高雄市,38.930,38.420,38.450,38.410,38.180,38.130,38.110,38.060,38.930,39.060,39.270,39.520,42.570
103,白米躉售,長糯,新北市,43.790,44.070,44.100,44.260,44.200,43.700,43.550,42.010,43.170,43.890,44.010,44.260,44.260
103,白米躉售,長糯,宜蘭縣,42.600,44.580,44.780,44.780,44.780,44.770,44.260,41.330,40.000,40.190,40.490,40.610,40.610
103,白米躉售,長糯,桃園市,41.340,45.950,44.660,44.320,43.170,42.730,40.700,37.600,39.050,39.560,39.630,39.340,39.370
103,白米躉售,長糯,新竹縣,43.410,44.470,44.530,44.670,44.000,44.000,43.520,42.360,42.860,43.530,42.330,42.330,42.330
103,白米躉售,長糯,苗栗縣,41.750,45.140,45.000,43.430,41.800,41.250,40.840,40.150,41.020,41.110,41.110,40.930,39.160
103,白米躉售,長糯,彰化縣,40.180,43.740,44.290,43.290,42.640,42.130,40.700,37.530,37.280,37.640,37.670,37.440,37.810
103,白米躉售,長糯,南投縣,38.890,43.670,43.980,41.140,40.830,40.830,38.390,37.140,36.290,36.670,35.970,35.710,36.000
103,白米躉售,長糯,雲林縣,39.600,43.390,43.560,43.380,42.440,42.090,39.610,36.130,36.800,37.130,36.960,36.820,36.830
103,白米躉售,長糯,嘉義縣,40.230,43.610,43.610,43.610,43.610,43.610,42.960,36.150,35.830,37.260,37.500,37.500,37.500
103,白米躉售,長糯,屏東縣,43.190,43.460,43.680,43.810,43.330,43.330,43.330,43.330,43.170,42.780,42.680,42.680,42.680
103,白米躉售,長糯,台東縣,44.740,47.500,47.500,47.500,47.500,46.750,43.610,41.440,42.850,43.150,43.020,43.020,43.020
103,白米躉售,長糯,花蓮縣,41.320,42.220,42.590,42.770,44.400,44.760,41.830,39.710,40.220,39.500,39.660,39.590,38.610
103,白米躉售,長糯,基隆市,43.790,44.270,44.290,44.380,44.340,44.170,43.620,42.150,43.200,43.750,43.800,43.780,43.750
103,白米躉售,長糯,新竹市,41.780,43.810,43.880,43.890,43.430,42.910,41.870,40.680,41.040,40.720,39.720,39.720,39.720
103,白米躉售,長糯,台中市,41.050,45.220,45.380,44.290,43.610,43.270,40.570,38.320,38.750,38.420,38.460,38.200,38.070
103,白米躉售,長糯,嘉義市,40.420,43.330,43.330,43.330,43.330,43.330,42.940,37.900,37.500,37.500,37.500,37.500,37.500
103,白米躉售,長糯,台南市,40.520,43.800,44.260,44.160,43.980,43.900,41.710,35.980,36.990,37.910,37.880,37.810,37.810
103,白米躉售,長糯,台北市,43.700,44.080,44.080,44.080,44.060,44.000,43.580,42.320,43.170,43.330,43.650,44.000,43.990
103,白米躉售,長糯,高雄市,43.510,44.000,44.370,44.440,44.490,44.320,43.300,42.280,42.730,43.290,43.200,42.900,42.800
104,白米躉售,長糯,新北市,46.500,44.240,44.080,44.710,45.000,45.480,46.720,46.920,47.390,47.660,47.690,48.420,49.670
104,白米躉售,長糯,宜蘭縣,46.620,40.340,40.280,45.440,46.670,46.220,45.230,45.460,46.440,49.560,49.720,50.310,53.820
104,白米躉售,長糯,桃園市,46.400,38.500,40.630,45.620,46.030,44.530,42.220,44.680,47.370,49.790,50.040,51.160,56.170
104,白米躉售,長糯,新竹縣,46.850,43.390,43.820,46.250,47.150,45.610,43.670,45.540,46.160,47.840,49.590,50.330,52.790
104,白米躉售,長糯,苗栗縣,45.810,40.720,39.160,42.740,43.410,44.880,43.980,45.860,47.990,49.550,49.550,49.550,52.280
104,白米躉售,長糯,彰化縣,45.540,37.780,39.290,44.720,44.570,43.600,42.770,44.250,46.120,48.300,49.710,50.410,54.900
104,白米躉售,長糯,南投縣,44.320,38.470,39.880,42.720,43.650,42.830,41.670,42.660,44.540,44.750,48.470,50.660,51.570
104,白米躉售,長糯,雲林縣,45.520,37.540,39.860,44.670,44.710,43.170,43.060,44.800,46.160,48.450,49.070,49.770,55.010
104,白米躉售,長糯,嘉義縣,45.660,37.500,40.270,44.070,44.170,44.140,43.480,45.210,46.010,48.260,49.540,50.500,54.720
104,白米躉售,長糯,屏東縣,45.930,39.690,39.380,45.050,45.860,45.340,45.340,45.370,45.700,48.140,48.860,49.260,53.130
104,白米躉售,長糯,台東縣,46.400,43.020,43.020,43.020,43.020,43.020,43.020,43.020,43.020,48.390,51.580,52.840,59.860
104,白米躉售,長糯,花蓮縣,45.390,39.380,40.090,44.800,45.850,44.870,43.640,44.190,44.500,47.180,47.510,49.700,52.910
104,白米躉售,長糯,基隆市,45.910,43.810,43.960,44.310,44.480,44.930,46.060,46.410,46.670,46.770,46.770,47.510,49.270
104,白米躉售,長糯,新竹市,45.430,40.560,41.070,43.800,45.410,43.510,42.660,43.730,45.440,47.950,49.460,49.860,51.670
104,白米躉售,長糯,台中市,46.250,38.750,40.740,45.020,45.700,44.700,43.860,45.010,46.350,48.760,50.230,50.610,55.240
104,白米躉售,長糯,嘉義市,45.920,37.500,40.330,44.590,44.820,44.140,43.960,45.660,46.820,48.380,49.620,50.490,54.760
104,白米躉售,長糯,台南市,46.640,39.360,40.850,46.170,45.910,44.350,44.020,45.240,46.210,49.250,50.030,51.820,56.450
104,白米躉售,長糯,台北市,46.710,44.020,44.250,44.680,45.000,45.410,46.190,46.970,47.820,48.080,48.080,49.260,50.800
104,白米躉售,長糯,高雄市,47.210,41.940,42.760,45.420,46.270,45.730,45.210,45.900,47.320,49.430,50.140,51.300,55.090
105,白米躉售,長糯,新北市,51.730,51.210,51.480,52.810,53.300,53.160,52.790,51.950,51.130,50.890,50.670,50.670,50.670
105,白米躉售,長糯,宜蘭縣,48.900,56.390,56.360,55.770,53.700,53.570,53.330,42.720,42.070,41.670,42.100,44.170,45.000
105,白米躉售,長糯,桃園市,47.560,57.040,56.700,54.300,53.550,52.980,50.580,39.260,39.910,40.000,40.500,41.820,44.100
105,白米躉售,長糯,新竹縣,48.920,54.440,54.440,53.160,52.170,51.840,52.580,47.250,43.810,43.340,42.920,44.550,46.510
105,白米躉售,長糯,苗栗縣,51.140,57.950,56.670,56.560,53.660,52.210,49.890,47.940,47.770,47.770,47.770,47.770,47.770
105,白米躉售,長糯,彰化縣,46.710,55.690,55.100,52.970,51.740,50.930,49.050,40.720,39.560,39.580,40.230,41.580,43.320
105,白米躉售,長糯,南投縣,46.500,54.680,54.290,52.180,51.000,50.800,47.860,41.430,40.370,40.000,40.210,41.810,43.330
105,白米躉售,長糯,雲林縣,46.820,55.540,54.740,52.920,51.930,51.360,49.020,40.190,40.100,40.030,40.430,41.860,43.710
105,白米躉售,長糯,嘉義縣,46.530,55.190,54.470,52.390,51.580,51.210,44.890,40.500,40.740,39.870,40.510,42.650,44.330
105,白米躉售,長糯,屏東縣,52.460,55.820,55.820,55.790,55.660,54.330,53.110,51.750,49.440,49.440,49.440,49.440,49.440
105,白米躉售,長糯,台東縣,57.830,62.740,62.740,59.600,57.010,57.010,56.580,56.460,56.460,56.460,56.460,56.460,55.980
105,白米躉售,長糯,花蓮縣,48.700,54.170,53.580,51.430,51.110,51.660,52.500,51.640,43.740,41.670,43.970,44.160,44.760
105,白米躉售,長糯,基隆市,51.720,50.940,51.680,53.140,53.580,53.540,53.240,52.560,51.390,50.110,50.110,50.120,50.280
105,白米躉售,長糯,新竹市,48.440,53.110,53.780,53.050,52.680,52.430,50.600,45.780,43.190,43.170,43.300,44.460,45.740
105,白米躉售,長糯,台中市,47.950,56.410,56.570,55.350,53.240,53.140,52.010,44.620,39.090,39.090,39.680,42.250,43.910
105,白米躉售,長糯,嘉義市,46.870,55.210,55.240,52.640,51.540,51.040,45.060,41.040,41.830,41.270,40.370,42.630,44.520
105,白米躉售,長糯,台南市,48.260,56.990,55.760,53.050,52.220,51.830,46.930,43.170,43.410,42.850,42.790,44.240,45.900
105,白米躉售,長糯,台北市,52.300,52.030,52.750,53.650,54.000,53.990,53.920,52.860,51.200,51.030,50.730,50.730,50.730
105,白米躉售,長糯,高雄市,51.190,56.330,56.450,54.820,53.160,52.890,51.860,48.340,47.520,47.450,48.120,48.260,49.120
106,白米躉售,長糯,新北市,47.890,50.720,50.740,50.750,50.580,49.820,49.260,46.990,45.420,45.360,45.250,45.150,44.660
106,白米躉售,長糯,宜蘭縣,43.290,45.000,45.000,45.000,44.420,44.170,43.540,43.330,43.330,42.040,41.250,41.250,41.120
106,白米躉售,長糯,桃園市,41.440,44.860,45.030,44.400,43.230,42.540,41.160,40.520,39.540,39.540,39.480,38.490,38.540
106,白米躉售,長糯,新竹縣,44.150,46.880,47.090,46.290,45.080,43.900,43.330,43.330,43.330,42.780,42.500,42.500,42.800
106,白米躉售,長糯,苗栗縣,46.520,47.770,47.770,47.770,47.770,46.390,45.830,45.830,45.830,45.830,45.830,45.830,45.830
106,白米躉售,長糯,彰化縣,40.450,44.110,44.090,42.980,41.860,40.890,39.970,38.730,38.520,38.780,38.750,38.480,38.280
106,白米躉售,長糯,南投縣,39.840,43.330,43.330,42.500,42.500,41.260,39.830,37.850,37.500,37.500,37.500,37.500,37.500
106,白米躉售,長糯,雲林縣,39.780,44.260,44.210,42.490,40.940,39.630,38.440,38.230,38.100,38.040,37.880,37.590,37.510
106,白米躉售,長糯,嘉義縣,40.080,44.880,44.690,43.240,42.490,40.610,37.560,38.260,38.390,38.480,38.000,37.190,37.220
106,白米躉售,長糯,屏東縣,45.170,49.440,49.440,49.440,48.130,45.360,43.960,43.310,43.310,43.310,43.310,41.760,41.230
106,白米躉售,長糯,台東縣,48.330,50.470,47.740,47.740,47.740,47.740,47.740,47.740,48.290,48.700,48.700,48.700,48.700
106,白米躉售,長糯,花蓮縣,43.700,45.760,46.670,45.270,44.950,44.270,43.890,43.080,42.000,41.950,41.950,41.950,42.610
106,白米躉售,長糯,基隆市,48.420,50.360,50.220,50.090,50.090,49.900,49.500,47.760,46.610,46.670,46.670,46.590,46.520
106,白米躉售,長糯,新竹市,42.390,46.170,46.260,44.890,44.080,43.020,41.580,41.280,41.170,40.720,40.350,39.680,39.510
106,白米躉售,長糯,台中市,41.900,44.400,44.820,44.820,43.430,42.200,40.650,40.190,40.700,40.630,40.440,40.280,40.200
106,白米躉售,長糯,嘉義市,40.480,44.610,44.560,43.720,42.500,41.250,39.460,39.150,38.900,38.620,38.120,37.480,37.330
106,白米躉售,長糯,台南市,41.470,46.060,45.900,44.000,42.890,41.860,40.020,39.790,40.120,40.050,39.880,39.010,38.090
106,白米躉售,長糯,台北市,47.620,50.450,50.420,50.200,50.050,49.460,48.760,46.490,45.190,45.080,45.080,45.010,45.190
106,白米躉售,長糯,高雄市,44.660,49.170,49.210,48.010,46.020,43.690,43.290,43.220,43.280,43.360,42.800,41.950,41.950
107,白米躉售,長糯,新北市,43.480,43.850,43.700,43.600,43.520,43.520,43.520,43.520,43.520,43.470,43.290,43.200,43.070
107,白米躉售,長糯,宜蘭縣,39.660,40.840,40.610,40.420,40.420,40.420,40.420,40.420,39.610,39.580,38.220,37.500,37.500
107,白米躉售,長糯,桃園市,38.970,39.050,40.240,40.240,40.240,40.240,40.240,40.240,40.240,37.500,36.770,36.670,36.020
107,白米躉售,長糯,新竹縣,41.740,43.520,43.750,43.750,43.750,43.540,40.840,40.840,40.840,40.260,40.000,40.000,39.810
107,白米躉售,長糯,苗栗縣,45.830,45.830,45.830,45.830,45.830,45.830,45.830,45.830,45.830,45.830,45.830,45.830,45.830
107,白米躉售,長糯,彰化縣,36.310,38.490,37.920,37.350,37.130,37.130,37.030,36.300,35.450,34.980,34.870,34.700,34.360
107,白米躉售,長糯,南投縣,35.770,37.500,37.500,36.670,36.670,36.670,36.670,36.670,34.250,34.170,34.170,34.170,34.170
107,白米躉售,長糯,雲林縣,35.320,37.440,36.840,36.460,35.950,36.100,36.270,35.170,34.400,34.160,33.850,33.650,33.510
107,白米躉售,長糯,嘉義縣,35.150,37.220,36.910,36.670,36.540,36.240,35.860,35.280,33.860,33.430,33.400,33.050,33.370
107,白米躉售,長糯,屏東縣,39.920,41.170,40.920,40.920,40.920,40.920,40.910,39.870,39.800,39.800,39.800,38.630,35.350
107,白米躉售,長糯,台東縣,49.520,48.700,48.700,48.700,48.700,48.700,48.700,48.700,48.700,48.700,48.700,52.840,54.350
107,白米躉售,長糯,花蓮縣,41.290,39.350,39.130,38.480,40.670,41.930,41.930,42.300,42.340,42.340,42.340,42.340,42.340
107,白米躉售,長糯,基隆市,45.560,46.550,46.190,45.960,45.810,45.590,45.590,45.590,45.590,45.590,45.160,44.740,44.350
107,白米躉售,長糯,新竹市,38.570,39.670,39.670,39.670,39.430,39.270,38.680,38.380,37.970,37.500,37.600,37.500,37.500
107,白米躉售,長糯,台中市,38.930,40.150,39.970,39.880,39.850,39.860,39.460,38.890,38.500,38.160,38.140,37.470,36.780
107,白米躉售,長糯,嘉義市,36.080,37.270,37.050,37.070,36.830,36.770,36.550,36.270,35.720,35.570,35.220,34.300,34.280
107,白米躉售,長糯,台南市,36.260,37.670,37.630,37.050,36.750,36.530,36.620,36.060,35.620,35.580,35.450,35.280,34.830
107,白米躉售,長糯,台北市,43.710,45.300,42.510,43.430,44.370,44.370,44.370,44.280,43.770,43.650,43.150,42.820,42.470
107,白米躉售,長糯,高雄市,40.410,42.030,41.730,41.500,41.240,41.200,40.580,40.270,39.840,39.510,39.200,38.970,38.900
108,白米躉售,長糯,新北市,42.200,42.680,42.500,42.430,41.920,41.610,41.500,41.700,42.420,42.420,42.420,42.420,42.420
108,白米躉售,長糯,宜蘭縣,41.520,37.500,37.500,37.500,37.500,37.500,37.400,42.730,46.760,47.400,45.940,45.470,45.000
108,白米躉售,長糯,桃園市,38.610,35.850,35.690,35.120,35.090,35.100,35.490,40.040,41.650,41.740,41.740,42.800,43.040
108,白米躉售,長糯,新竹縣,42.770,39.170,39.170,38.410,38.330,38.330,38.410,43.830,47.030,48.340,48.340,47.570,46.250
108,白米躉售,長糯,苗栗縣,43.240,45.830,45.830,45.830,43.330,42.850,40.330,40.330,40.330,42.580,43.890,43.890,43.890
108,白米躉售,長糯,彰化縣,38.250,34.150,34.150,34.170,34.230,34.300,34.670,39.690,42.930,43.270,42.830,42.290,42.290
108,白米躉售,長糯,南投縣,38.440,34.170,34.170,34.170,34.170,34.790,35.110,40.000,43.120,43.110,42.500,42.670,43.330
108,白米躉售,長糯,雲林縣,37.520,33.250,33.100,33.020,33.010,33.000,33.550,39.880,43.160,42.790,42.160,41.770,41.560
108,白米躉售,長糯,嘉義縣,37.920,33.280,33.360,33.660,33.690,33.640,34.250,41.360,43.330,42.930,41.640,41.810,42.070
108,白米躉售,長糯,屏東縣,38.620,34.920,34.860,34.730,34.700,34.670,34.650,37.950,43.200,43.350,43.360,43.550,43.550
108,白米躉售,長糯,台東縣,53.620,54.350,54.350,54.350,54.350,48.810,51.170,54.350,54.350,54.350,54.350,54.350,54.350
108,白米躉售,長糯,花蓮縣,42.090,42.340,42.340,42.340,42.340,42.030,41.950,41.950,41.950,41.950,41.950,41.950,41.950
108,白米躉售,長糯,基隆市,43.710,43.740,43.690,43.420,43.220,43.120,42.980,43.490,44.170,44.170,44.170,44.170,44.170
108,白米躉售,長糯,新竹市,40.990,37.770,37.830,37.830,37.830,37.210,37.390,41.120,44.220,45.110,45.510,45.000,45.000
108,白米躉售,長糯,台中市,40.060,35.310,35.410,35.400,35.060,34.720,35.060,41.700,45.980,46.460,45.760,44.820,45.000
108,白米躉售,長糯,嘉義市,38.330,34.230,34.230,34.230,34.230,33.900,34.310,40.680,44.140,43.460,42.600,42.000,41.900
108,白米躉售,長糯,台南市,38.480,34.200,33.950,33.890,33.720,33.840,34.740,41.640,44.250,44.120,42.680,42.360,42.360
108,白米躉售,長糯,台北市,42.410,42.270,42.200,42.230,42.080,41.770,41.700,42.050,42.720,42.930,43.000,43.000,43.000
108,白米躉售,長糯,高雄市,42.150,38.890,38.870,38.750,38.410,38.330,38.450,43.400,46.460,47.120,46.270,45.660,45.210
109,白米躉售,長糯,新北市,43.660,42.420,42.420,42.420,43.130,43.920,43.920,43.920,43.920,43.920,43.920,43.970,45.990
109,白米躉售,長糯,宜蘭縣,46.220,45.000,44.930,44.590,44.670,46.250,46.090,45.840,45.840,46.030,46.250,48.100,51.070
109,白米躉售,長糯,桃園市,43.800,42.870,42.870,42.870,43.800,43.980,44.100,42.640,43.010,42.940,42.970,43.330,50.250
109,白米躉售,長糯,新竹縣,46.580,46.250,46.250,46.250,45.940,46.250,46.220,45.880,46.670,46.670,46.670,46.720,49.220
109,白米躉售,長糯,苗栗縣,46.370,43.890,44.920,44.600,45.110,46.660,47.590,47.780,47.480,47.110,47.110,47.110,47.110
109,白米躉售,長糯,彰化縣,44.010,42.400,42.400,42.570,43.740,44.080,42.990,43.820,43.930,43.720,43.680,45.420,49.410
109,白米躉售,長糯,南投縣,44.110,43.330,43.330,43.330,43.810,44.170,43.330,43.950,43.590,42.500,42.500,45.420,50.000
109,白米躉售,長糯,雲林縣,43.450,41.210,41.110,41.400,43.060,43.490,42.350,43.610,43.590,42.850,42.680,46.070,49.950
109,白米躉售,長糯,嘉義縣,43.880,41.920,41.510,41.770,43.900,44.310,41.130,44.220,44.270,43.280,43.300,46.730,50.270
109,白米躉售,長糯,屏東縣,43.760,43.520,42.960,42.930,43.100,43.850,42.860,43.030,43.330,43.260,43.090,43.720,49.460
109,白米躉售,長糯,台東縣,54.350,54.350,54.350,54.350,54.350,54.350,54.350,54.350,54.350,54.350,54.350,54.350,54.350
109,白米躉售,長糯,花蓮縣,42.740,41.950,41.950,41.950,41.950,41.950,41.950,41.950,41.950,41.950,41.950,41.950,51.420
109,白米躉售,長糯,基隆市,45.050,44.170,44.170,44.170,44.830,45.030,45.240,45.240,45.240,45.240,45.240,45.280,46.750
109,白米躉售,長糯,新竹市,45.130,45.000,44.780,44.170,45.010,46.670,43.810,44.320,44.510,44.330,44.480,45.730,48.800
109,白米躉售,長糯,台中市,46.220,44.800,44.380,44.310,45.460,46.870,45.570,46.960,46.560,44.800,45.040,48.070,51.770
109,白米躉售,長糯,嘉義市,43.870,41.900,41.680,41.430,43.440,44.270,41.940,43.760,44.350,43.910,43.510,46.230,49.980
109,白米躉售,長糯,台南市,44.160,42.250,42.220,42.420,43.740,44.370,42.280,44.410,43.850,42.780,42.810,47.430,51.300
109,白米躉售,長糯,台北市,44.140,43.000,43.130,43.150,43.440,44.440,44.270,44.420,44.310,44.310,44.310,44.400,46.490
109,白米躉售,長糯,高雄市,46.660,45.020,44.930,44.890,45.640,46.610,46.210,46.630,47.110,47.240,46.740,47.410,51.500
110,白米躉售,長糯,新北市,49.140,49.060,50.170,50.170,50.090,49.750,49.620,48.770,48.450,48.410,48.410,48.410,48.410
110,白米躉售,長糯,宜蘭縣,47.580,51.950,52.220,52.220,52.220,50.400,50.280,50.280,44.250,42.170,41.670,41.670,41.670
110,白米躉售,長糯,桃園市,44.690,52.010,51.380,51.200,50.590,49.790,48.760,41.490,37.130,37.530,38.470,38.850,39.070
110,白米躉售,長糯,新竹縣,47.120,50.900,51.400,51.650,51.220,50.250,50.000,49.050,48.750,47.280,38.330,38.330,38.330
110,白米躉售,長糯,苗栗縣,51.300,47.110,53.310,53.310,53.310,51.750,51.640,51.640,51.640,51.640,51.640,51.350,47.220
110,白米躉售,長糯,彰化縣,41.610,49.830,50.520,49.840,47.260,45.870,44.930,38.660,34.780,34.660,34.090,34.160,34.700
110,白米躉售,長糯,南投縣,41.920,50.000,50.000,49.410,48.250,45.320,44.450,41.450,35.000,35.000,35.000,34.780,34.380
110,白米躉售,長糯,雲林縣,41.370,50.210,50.090,49.220,47.060,45.940,41.680,36.950,35.020,34.840,34.590,34.790,36.040
110,白米躉售,長糯,嘉義縣,41.320,50.630,50.590,49.820,48.050,45.700,45.520,35.960,33.900,33.970,33.810,33.560,34.380
110,白米躉售,長糯,屏東縣,44.980,50.710,51.290,51.050,49.870,49.750,49.650,41.630,39.170,39.170,39.170,39.170,39.170
110,白米躉售,長糯,台東縣,54.350,54.350,54.350,54.350,54.350,54.350,54.350,54.350,54.350,54.350,54.350,54.350,54.350
110,白米躉售,長糯,花蓮縣,51.950,51.420,52.000,52.000,52.000,52.000,52.000,52.000,52.000,52.000,52.000,52.000,52.000
110,白米躉售,長糯,基隆市,50.460,49.400,50.560,50.560,50.560,50.560,50.560,50.560,50.560,50.560,50.560,50.560,50.560
110,白米躉售,長糯,新竹市,46.490,50.710,52.750,53.330,53.230,51.550,45.980,44.090,42.030,41.410,40.840,40.670,41.330
110,白米躉售,長糯,台中市,46.140,52.050,52.260,51.900,51.070,50.130,49.730,48.130,41.980,38.750,38.650,38.720,40.340
110,白米躉售,長糯,嘉義市,41.690,51.230,51.460,50.680,48.040,45.480,45.200,35.800,34.500,34.500,34.500,34.440,34.410
110,白米躉售,長糯,台南市,42.080,51.710,51.770,50.290,48.580,47.020,44.210,36.070,34.580,34.770,34.750,34.780,36.440
110,白米躉售,長糯,台北市,49.810,49.690,50.650,50.650,50.610,50.120,49.950,49.490,49.360,49.300,49.300,49.300,49.300
110,白米躉售,長糯,高雄市,51.610,52.250,52.530,52.900,51.730,51.400,51.400,51.400,51.400,51.200,51.050,51.050,51.050
111,白米躉售,長糯,新北市,47.950,48.300,48.300,48.300,48.400,48.050,47.970,47.750,47.680,47.680,47.680,47.680,47.660
111,白米躉售,長糯,宜蘭縣,39.510,37.880,37.780,37.780,38.500,39.980,40.280,40.280,40.280,40.280,40.280,40.390,40.390
111,白米躉售,長糯,桃園市,40.460,39.260,39.260,39.140,39.180,39.260,39.330,40.160,41.560,42.080,42.080,42.080,42.080
111,白米躉售,長糯,新竹縣,41.830,40.000,40.000,40.000,40.000,40.000,40.000,41.930,43.330,43.330,43.330,45.000,45.000
111,白米躉售,長糯,苗栗縣,47.220,47.220,47.220,47.220,47.220,47.220,47.220,47.220,47.220,47.220,47.220,47.220,47.220
111,白米躉售,長糯,彰化縣,38.480,35.530,35.610,35.440,35.890,36.610,36.850,40.040,41.020,41.020,41.250,41.250,41.250
111,白米躉售,長糯,南投縣,37.820,35.000,35.000,35.000,35.000,35.000,35.000,39.700,40.830,40.830,40.830,40.830,40.830
111,白米躉售,長糯,雲林縣,38.230,36.350,36.380,36.570,35.800,36.610,37.190,39.460,39.950,40.010,39.950,40.140,40.320
111,白米躉售,長糯,嘉義縣,38.990,36.060,35.970,36.000,37.230,38.430,38.600,40.760,40.920,40.970,40.970,40.970,40.970
111,白米躉售,長糯,屏東縣,38.150,37.780,37.780,37.780,37.530,37.590,37.590,37.590,38.300,38.890,38.890,38.890,39.130
111,白米躉售,長糯,台東縣,54.350,54.350,54.350,54.350,54.350,54.350,54.350,54.350,54.350,54.350,54.350,54.350,54.350
111,白米躉售,長糯,花蓮縣,50.620,52.000,52.000,50.170,50.170,50.170,50.170,50.170,50.390,50.540,50.540,50.540,50.540
111,白米躉售,長糯,基隆市,48.960,50.000,50.000,49.720,48.920,48.610,48.610,48.610,48.610,48.610,48.610,48.610,48.610
111,白米躉售,長糯,新竹市,42.850,41.170,41.170,41.270,41.330,41.670,41.830,41.980,43.330,44.320,45.330,45.330,45.430
111,白米躉售,長糯,台中市,41.130,40.380,39.940,39.880,39.920,40.730,40.890,41.450,41.910,42.080,42.080,42.080,42.210
111,白米躉售,長糯,嘉義市,38.580,35.850,35.570,35.130,35.290,36.670,37.310,40.240,41.150,41.310,41.460,41.460,41.470
111,白米躉售,長糯,台南市,39.280,36.850,36.650,36.200,36.830,38.060,38.290,40.550,40.840,41.240,41.870,41.950,41.980
111,白米躉售,長糯,台北市,48.240,49.300,49.300,49.200,48.700,48.440,48.020,47.650,47.650,47.650,47.650,47.650,47.650
111,白米躉售,長糯,高雄市,51.010,50.990,50.970,50.970,50.970,50.970,50.970,50.970,50.970,50.970,50.970,50.970,51.380
112,白米躉售,長糯,新北市,46.960,47.450,47.270,47.520,47.160,47.180,46.900,46.620,46.620,46.630,46.670,46.670,46.830
112,白米躉售,長糯,宜蘭縣,40.640,40.390,40.390,40.360,40.280,40.280,40.280,40.280,40.280,40.280,40.280,41.300,43.330
112,白米躉售,長糯,桃園市,42.240,41.980,41.980,41.980,42.060,42.080,42.080,42.280,42.310,42.190,42.550,42.690,42.690
112,白米躉售,長糯,新竹縣,42.970,44.840,44.050,41.680,41.940,42.650,42.710,42.710,42.720,42.920,42.920,42.920,43.590
112,白米躉售,長糯,苗栗縣,47.600,47.220,47.220,47.220,47.220,47.220,47.260,47.770,47.770,47.770,47.770,47.770,48.980
112,白米躉售,長糯,彰化縣,40.800,41.250,41.250,41.210,41.120,40.840,40.800,40.350,39.350,39.710,40.550,40.850,42.300
112,白米躉售,長糯,南投縣,40.640,40.830,40.830,40.830,40.830,40.830,40.830,40.830,40.620,39.050,40.000,40.470,41.670
112,白米躉售,長糯,雲林縣,40.180,40.280,40.280,40.360,40.870,40.830,40.110,38.790,38.840,39.260,39.950,40.510,42.060
112,白米躉售,長糯,嘉義縣,40.770,41.070,41.110,41.350,41.390,41.390,41.130,40.620,40.100,39.980,40.000,40.000,41.150
112,白米躉售,長糯,屏東縣,40.750,40.370,40.370,40.370,40.370,40.750,40.890,40.890,40.890,40.890,40.980,41.070,41.120
112,白米躉售,長糯,台東縣,51.960,54.350,54.350,54.350,54.350,54.350,51.740,50.000,50.000,50.000,50.000,50.000,50.000
112,白米躉售,長糯,花蓮縣,50.370,50.540,50.540,50.540,50.540,50.540,50.540,50.540,50.540,50.540,50.540,50.540,48.510
112,白米躉售,長糯,基隆市,47.630,48.610,48.440,47.670,47.670,47.670,47.500,47.330,47.330,47.330,47.330,47.330,47.330
112,白米躉售,長糯,新竹市,46.090,46.250,46.200,46.230,46.110,46.160,46.080,45.930,45.830,45.970,46.000,46.000,46.350
112,白米躉售,長糯,台中市,43.250,42.410,42.940,43.020,42.920,43.570,43.580,43.280,43.180,43.360,43.470,43.520,43.730
112,白米躉售,長糯,嘉義市,41.090,41.460,41.460,41.130,41.030,41.050,41.170,41.170,40.800,40.670,40.670,40.670,41.800
112,白米躉售,長糯,台南市,41.590,42.080,42.090,42.090,42.130,42.220,42.030,41.230,41.170,40.830,40.800,40.860,41.550
112,白米躉售,長糯,台北市,47.700,47.650,47.890,47.910,47.910,47.910,47.630,47.350,47.350,47.450,47.720,47.740,47.880
112,白米躉售,長糯,高雄市,52.190,51.970,52.050,52.070,52.240,52.240,52.240,52.240,52.240,52.240,52.240,52.240,52.240
113,白米躉售,長糯,新北市,47.700,47.710,47.770,47.590,47.590,47.590,47.550,47.370,47.360,47.720,47.790,48.050,48.280
113,白米躉售,長糯,宜蘭縣,44.810,43.330,43.330,44.080,45.000,45.000,45.000,45.000,45.000,45.000,45.000,45.750,46.250
113,白米躉售,長糯,桃園市,43.000,43.450,43.720,43.330,43.330,43.200,42.690,42.700,42.710,42.710,42.710,42.710,42.710
113,白米躉售,長糯,新竹縣,43.360,43.750,43.750,43.450,43.540,43.540,43.220,43.170,43.170,43.170,43.170,43.170,43.170
113,白米躉售,長糯,苗栗縣,48.730,50.000,50.000,50.000,50.000,49.530,48.620,47.770,47.770,47.770,47.770,47.780,47.780
113,白米躉售,長糯,彰化縣,41.890,42.490,42.360,42.440,42.250,41.410,40.740,41.100,41.830,42.050,41.860,41.950,42.140
113,白米躉售,長糯,南投縣,42.140,41.860,42.500,41.800,41.670,41.670,41.670,42.020,42.500,42.500,42.500,42.500,42.500
113,白米躉售,長糯,雲林縣,40.930,42.260,41.500,41.120,40.910,40.540,39.560,39.800,40.890,40.940,40.950,41.230,41.500
113,白米躉售,長糯,嘉義縣,41.440,42.030,41.950,41.840,41.670,41.670,41.480,41.110,41.110,41.110,41.110,41.110,41.110
113,白米躉售,長糯,屏東縣,41.110,41.520,41.520,41.520,41.520,40.990,40.890,40.890,40.890,40.890,40.890,40.890,40.890
113,白米躉售,長糯,台東縣,51.940,50.000,50.000,50.000,50.000,50.000,50.000,50.000,53.230,55.000,55.000,55.000,55.000
113,白米躉售,長糯,花蓮縣,48.540,47.920,47.920,47.920,47.920,48.370,48.740,48.740,48.740,48.740,48.740,48.740,50.030
113,白米躉售,長糯,基隆市,47.740,47.330,47.330,47.330,47.330,47.330,47.190,47.330,47.670,47.670,47.700,48.720,50.000
113,白米躉售,長糯,新竹市,44.860,46.390,46.390,45.920,45.170,45.000,44.540,44.450,44.450,44.040,44.000,44.000,44.000
113,白米躉售,長糯,台中市,45.350,44.920,45.410,45.410,45.410,45.230,45.320,45.260,44.680,45.270,45.300,45.660,46.300
113,白米躉售,長糯,嘉義市,41.800,42.470,42.340,42.440,41.990,41.670,41.670,41.550,41.500,41.500,41.500,41.500,41.500
113,白米躉售,長糯,台南市,41.470,41.180,41.170,41.170,41.130,41.020,40.760,40.760,41.750,42.100,42.100,42.100,42.440
113,白米躉售,長糯,台北市,48.660,48.610,48.850,48.850,48.850,48.820,48.750,48.440,48.330,48.390,48.390,48.570,49.030
113,白米躉售,長糯,高雄市,52.240,52.240,52.240,52.240,52.240,52.240,52.240,52.240,52.240,52.240,52.240,52.240,52.240
114,白米躉售,長糯,新北市,50.100,48.500,48.390,48.390,48.310,48.670,49.270,50.020,51.590,51.990,51.960,51.910,52.250
114,白米躉售,長糯,宜蘭縣,46.250,46.250,46.250,46.250,46.250,46.250,46.250,46.250,46.250,46.250,46.250,46.250,46.250
114,白米躉售,長糯,桃園市,45.570,42.770,42.810,42.850,42.920,44.120,44.170,46.020,47.570,48.330,48.300,48.280,48.720
114,白米躉售,長糯,新竹縣,45.770,43.170,43.170,43.170,43.170,43.450,43.640,47.120,47.860,48.610,48.610,48.610,48.610
114,白米躉售,長糯,苗栗縣,48.010,47.780,47.780,47.780,47.780,47.780,47.780,47.780,47.780,47.780,47.780,47.780,50.520
114,白米躉售,長糯,彰化縣,44.500,41.960,41.940,41.880,42.120,42.480,42.600,44.830,47.110,47.210,47.210,47.210,47.400
114,白米躉售,長糯,南投縣,42.500,42.500,42.500,42.500,42.500,42.500,42.500,42.500,42.500,42.500,42.500,42.500,42.500
114,白米躉售,長糯,雲林縣,43.100,41.510,41.470,41.410,41.640,40.600,39.630,42.360,45.480,45.610,45.630,45.600,46.240
114,白米躉售,長糯,嘉義縣,43.880,41.110,41.110,41.110,41.110,41.110,43.610,45.240,46.070,46.070,46.160,46.900,46.900
114,白米躉售,長糯,屏東縣,41.310,40.890,40.890,40.890,40.890,40.890,41.050,41.110,41.110,41.110,41.110,41.110,44.620
114,白米躉售,長糯,台東縣,55.000,55.000,55.000,55.000,55.000,55.000,55.000,55.000,55.000,55.000,55.000,55.000,55.000
114,白米躉售,長糯,花蓮縣,51.090,50.990,50.990,50.990,50.990,50.990,50.990,50.990,50.990,51.160,51.320,51.320,51.320
114,白米躉售,長糯,基隆市,51.470,50.000,50.000,50.000,50.000,50.290,50.570,50.840,51.960,53.000,53.520,53.750,53.750
114,白米躉售,長糯,新竹市,44.690,44.000,44.000,44.000,44.060,44.590,44.670,45.130,45.170,45.170,45.170,45.170,45.170
114,白米躉售,長糯,台中市,47.370,46.540,46.370,46.070,46.070,46.070,46.100,47.020,48.550,48.930,48.890,48.890,48.950
114,白米躉售,長糯,嘉義市,44.100,41.500,41.500,41.500,41.500,41.500,43.710,45.270,46.100,46.100,46.210,47.170,47.170
114,白米躉售,長糯,台南市,44.100,42.500,42.500,42.500,42.220,44.400,45.010,45.010,45.010,45.010,45.010,45.010,45.010
114,白米躉售,長糯,台北市,51.720,49.470,49.680,49.680,49.680,50.540,50.970,51.990,52.470,53.330,54.270,54.270,54.340
114,白米躉售,長糯,高雄市,51.640,52.240,52.240,52.240,52.240,52.240,52.240,52.240,52.240,52.240,52.240,52.290,44.970
115,白米躉售,長糯,新北市,52.680,52.330,52.570,52.810,52.980,52.980,52.980,52.590,52.200,,,,
115,白米躉售,長糯,宜蘭縣,46.250,46.250,46.250,46.250,46.250,46.250,46.250,46.250,46.250,,,,
115,白米躉售,長糯,桃園市,48.310,48.690,48.690,48.590,48.570,48.570,48.350,47.610,47.390,,,,
115,白米躉售,長糯,新竹縣,48.750,48.610,48.610,48.610,48.680,49.170,49.060,48.610,48.610,,,,
115,白米躉售,長糯,苗栗縣,51.580,50.560,50.560,52.010,52.220,52.220,52.220,52.220,50.660,,,,
115,白米躉售,長糯,彰化縣,46.980,47.520,47.780,47.610,47.500,47.420,46.580,45.810,45.630,,,,
115,白米躉售,長糯,南投縣,47.910,44.850,48.420,48.330,48.330,48.330,48.330,48.330,48.330,,,,
115,白米躉售,長糯,雲林縣,45.930,46.650,46.840,46.880,46.810,46.180,45.190,44.580,44.330,,,,
115,白米躉售,長糯,嘉義縣,46.900,46.900,46.900,46.900,46.900,46.900,46.900,46.900,46.900,,,,
115,白米躉售,長糯,屏東縣,45.130,45.130,45.130,45.130,45.130,45.130,45.130,45.130,45.130,,,,
115,白米躉售,長糯,台東縣,55.000,55.000,55.000,55.000,55.000,55.000,55.000,55.000,55.000,,,,
115,白米躉售,長糯,花蓮縣,51.320,51.320,51.320,51.320,51.320,51.320,51.320,51.320,51.320,,,,
115,白米躉售,長糯,基隆市,53.800,53.750,53.750,54.120,53.940,53.750,53.750,53.750,53.590,,,,
115,白米躉售,長糯,新竹市,46.600,45.170,45.170,45.170,45.500,47.670,47.770,48.170,48.170,,,,
115,白米躉售,長糯,台中市,49.150,49.100,49.140,49.350,49.330,49.070,49.070,49.070,49.070,,,,
115,白米躉售,長糯,嘉義市,47.170,47.170,47.170,47.170,47.170,47.170,47.170,47.170,47.170,,,,
115,白米躉售,長糯,台南市,45.010,45.010,45.010,45.010,45.010,45.010,45.010,45.010,45.010,,,,
115,白米躉售,長糯,台北市,54.360,54.680,54.580,54.540,54.380,54.520,54.170,54.170,53.800,,,,
115,白米躉售,長糯,高雄市,49.770,45.690,52.840,50.700,49.950,49.740,49.740,49.740,49.740,,,,
